PassengerId,fold,Survived,gender,wcg,wcg_male,wcg_female,wcg_both,deotte_score
1,1,0,0,0,0,0,0,0.001674980390816927
2,4,1,1,1,1,1,1,1.0
3,3,1,1,1,1,1,1,0.8742581009864807
4,3,1,1,1,1,1,1,1.0
5,0,0,0,0,0,0,0,0.02772028185427189
6,4,0,0,0,0,0,0,0.05229618772864342
7,0,0,0,0,0,0,0,0.0005732447025366127
8,4,0,0,0,0,0,0,0.0
9,4,1,1,1,1,1,1,1.0
10,3,1,1,1,1,1,1,1.0
11,2,1,1,1,1,1,1,1.0
12,4,1,1,1,1,1,1,0.9007849097251892
13,4,0,0,0,0,0,0,0.03012554533779621
14,0,0,0,0,0,0,0,0.0020680329762399197
15,3,0,1,1,1,1,1,0.9736217260360718
16,3,1,1,1,1,1,1,0.924760103225708
17,1,0,0,0,0,0,0,0.0
18,4,1,0,0,0,0,0,0.6759474873542786
19,3,0,1,0,0,0,0,0.0
20,0,1,1,1,1,1,1,0.8835225105285645
21,1,0,0,0,0,0,0,0.09587682783603668
22,3,1,0,0,0,0,0,0.11874689161777496
23,1,1,1,1,1,1,1,0.7148147821426392
24,1,1,0,0,0,0,0,0.07913153618574142
25,0,0,1,0,0,0,0,0.0
26,4,1,1,1,1,1,1,1.0
27,0,0,0,0,0,0,0,0.05442399904131889
28,2,0,0,0,0,0,0,0.20511877536773682
29,0,1,1,1,1,1,1,0.97447669506073
30,2,0,0,0,0,0,0,0.003391140140593052
31,0,0,0,0,0,0,0,0.2283768355846405
32,0,1,1,1,1,1,1,1.0
33,4,1,1,1,1,1,1,0.848755419254303
34,3,0,0,0,0,0,0,0.1352883279323578
35,0,0,0,0,0,0,0,0.15887941420078278
36,1,0,0,0,0,0,0,0.10342469066381454
37,2,1,0,0,0,0,0,0.02107660472393036
38,4,0,0,0,0,0,0,0.04946350306272507
39,3,0,1,0,0,0,0,0.0
40,1,1,1,1,1,1,1,1.0
41,1,0,1,1,1,1,1,1.0
42,4,0,1,1,1,1,1,1.0
43,1,0,0,0,0,0,0,0.037589382380247116
44,0,1,1,1,1,1,1,1.0
45,4,1,1,1,1,1,1,0.7790212035179138
46,0,0,0,0,0,0,0,0.015380145981907845
47,4,0,0,0,0,0,0,0.002993309870362282
48,2,1,1,1,1,1,1,0.812205970287323
49,1,0,0,0,0,0,0,0.0860983207821846
50,2,0,1,1,1,1,1,1.0
51,4,0,0,0,0,0,0,0.0
52,4,0,0,0,0,0,0,0.43154898285865784
53,1,1,1,1,1,1,1,1.0
54,0,1,1,1,1,1,1,1.0
55,2,0,0,0,0,0,0,0.059937067329883575
56,0,1,0,0,0,0,0,0.10127846151590347
57,1,1,1,1,1,1,1,0.9316335320472717
58,4,0,0,0,0,0,0,0.29056239128112793
59,2,1,1,1,1,1,1,1.0
60,4,0,0,0,0,0,0,0.0
61,0,0,0,0,0,0,0,0.734891951084137
62,1,1,1,1,1,1,1,0.7418713569641113
63,1,0,0,0,0,0,0,0.21071337163448334
64,0,0,0,0,0,0,0,0.0
65,0,0,0,0,0,0,0,0.024501429870724678
66,3,1,0,1,1,1,1,1.0
67,0,1,1,1,1,1,1,0.9942660927772522
68,1,0,0,0,0,0,0,0.7372569441795349
69,0,1,1,1,1,1,1,1.0
70,3,0,0,0,0,0,0,0.0011681764153763652
71,4,0,0,0,0,0,0,0.34213852882385254
72,1,0,1,0,0,0,0,0.0
73,1,0,0,0,0,0,0,0.0061120945028960705
74,3,0,0,0,0,0,0,0.030776606872677803
75,2,1,0,0,1,0,1,0.966500997543335
76,0,0,0,0,0,0,0,0.002165506361052394
77,1,0,0,0,0,0,0,0.037589382380247116
78,3,0,0,0,0,0,0,0.01979389600455761
79,1,1,0,1,1,1,1,1.0
80,0,1,1,1,1,0,0,0.07785587012767792
81,4,0,0,0,0,0,0,0.02763139270246029
82,4,1,0,0,0,0,0,0.10479497164487839
83,4,1,1,1,1,1,1,0.588801920413971
84,4,0,0,0,0,0,0,0.01485623698681593
85,4,1,1,1,1,1,1,0.9726898074150085
86,1,1,1,1,1,1,1,1.0
87,2,0,0,0,0,0,0,0.002565729198977351
88,4,0,0,0,0,0,0,0.026004767045378685
89,1,1,1,1,1,1,1,1.0
90,3,0,0,0,0,0,0,0.004442508798092604
91,0,0,0,0,0,0,0,0.15819989144802094
92,1,0,0,0,0,0,0,0.056677184998989105
93,3,0,0,0,0,0,0,0.26965150237083435
94,2,0,0,0,0,0,0,0.008040022104978561
95,0,0,0,0,0,0,0,0.00035701144952327013
96,4,0,0,0,0,0,0,0.026004767045378685
97,4,0,0,0,0,0,0,0.1899290531873703
98,1,1,0,0,0,0,0,0.03845116123557091
99,1,1,1,1,1,1,1,1.0
100,0,0,0,0,0,0,0,0.24168257415294647
101,4,0,1,1,1,1,1,0.927679717540741
102,4,0,0,0,0,0,0,0.017404386773705482
103,2,0,0,0,0,0,0,0.08270955085754395
104,0,0,0,0,0,0,0,0.047345589846372604
105,1,0,0,0,0,0,0,0.004420085810124874
106,0,0,0,0,0,0,0,0.00373985362239182
107,1,1,1,1,1,0,0,0.04000810161232948
108,4,1,0,0,0,0,0,0.03631584718823433
109,0,0,0,0,0,0,0,0.02336128242313862
110,2,1,1,1,1,1,1,1.0
111,1,0,0,0,0,0,0,0.0064747529104352
112,3,0,1,0,0,0,0,0.0
113,3,0,0,0,0,0,0,0.0029546236619353294
114,0,0,1,0,0,0,0,0.0
115,0,0,1,1,1,1,1,0.8058677911758423
116,4,0,0,0,0,0,0,0.04432119429111481
117,2,0,0,0,0,0,0,0.002402674639597535
118,1,0,0,0,0,0,0,0.0505334846675396
119,0,0,0,0,1,0,1,0.976747453212738
120,3,0,1,0,0,0,0,0.0
121,1,0,0,0,0,0,0,0.025376776233315468
122,1,0,0,0,0,0,0,0.02320605143904686
123,4,0,0,0,0,0,0,0.26893383264541626
124,2,1,1,1,1,1,1,0.9971758127212524
125,1,0,0,0,0,0,0,0.059319037944078445
126,2,1,0,1,1,1,1,1.0
127,0,0,0,0,0,0,0,0.1433543860912323
128,1,1,0,0,0,0,0,0.04245658591389656
129,0,1,1,1,1,1,1,1.0
130,2,0,0,0,0,0,0,0.0150083526968956
131,2,0,0,0,0,0,0,0.00850396603345871
132,0,0,0,0,0,0,0,0.062135644257068634
133,4,0,1,1,1,1,1,1.0
134,4,1,1,1,1,1,1,1.0
135,0,0,0,0,0,0,0,0.0013507175026461482
136,2,0,0,0,0,0,0,0.00010750794172054157
137,4,1,1,1,1,1,1,1.0
138,4,0,0,0,0,0,0,0.3238506317138672
139,4,0,0,0,0,0,0,0.025291327387094498
140,4,0,0,0,0,0,0,0.020024798810482025
141,4,0,1,0,0,0,0,0.0
142,0,1,1,1,1,1,1,0.9656021595001221
143,4,1,1,1,1,1,1,1.0
144,0,0,0,0,0,0,0,0.043260909616947174
145,3,0,0,0,0,0,0,0.0242757648229599
146,2,0,0,0,0,0,0,0.04113808274269104
147,0,1,0,0,0,0,0,0.4114893972873688
148,0,0,1,0,0,0,0,0.0
149,0,0,0,0,0,0,0,0.008360122330486774
150,2,0,0,0,0,0,0,0.7684142589569092
151,0,0,0,0,0,0,0,0.028351278975605965
152,3,1,1,1,1,1,1,1.0
153,3,0,0,0,0,0,0,0.03565327823162079
154,0,0,0,0,0,0,0,0.011952552013099194
155,1,0,0,0,0,0,0,0.01748565211892128
156,0,0,0,0,0,0,0,0.028530528768897057
157,2,1,1,1,1,1,1,0.4802740216255188
158,3,0,0,0,0,0,0,0.08253268897533417
159,1,0,0,0,0,0,0,0.13124236464500427
160,1,0,0,0,0,0,0,0.0
161,4,0,0,0,0,0,0,0.009795566089451313
162,4,1,1,1,1,1,1,0.9855175614356995
163,1,0,0,0,0,0,0,0.08818534761667252
164,3,0,0,0,0,0,0,0.020301667973399162
165,0,0,0,0,0,0,0,0.0
166,3,1,0,1,1,1,1,1.0
167,2,1,1,1,1,1,1,1.0
168,2,0,1,0,0,0,0,0.0
169,4,0,0,0,0,0,0,0.006585262715816498
170,1,0,0,0,0,0,0,0.4813942015171051
171,0,0,0,0,0,0,0,0.15111199021339417
172,3,0,0,0,0,0,0,0.0
173,2,1,1,1,1,1,1,1.0
174,0,0,0,0,0,0,0,0.048669785261154175
175,0,0,0,0,0,0,0,0.11813320964574814
176,4,0,0,0,0,0,0,0.5713072419166565
177,0,0,0,0,0,0,0,0.0
178,0,0,1,1,1,1,1,0.99729984998703
179,4,0,0,0,0,0,0,0.06876549869775772
180,3,0,0,0,0,0,0,0.0004089411231689155
181,3,0,1,0,0,0,0,0.0
182,4,0,0,0,0,0,0,0.4062926173210144
183,2,0,0,1,1,1,1,1.0
184,4,1,0,1,1,1,1,1.0
185,4,1,1,1,1,1,1,1.0
186,4,0,0,0,0,0,0,0.004971950314939022
187,1,1,1,1,1,1,1,1.0
188,4,1,0,0,0,0,0,0.8265666961669922
189,3,0,0,0,0,0,0,0.006153418216854334
190,4,0,0,0,0,0,0,0.03505532816052437
191,3,1,1,1,1,1,1,0.9903344511985779
192,3,0,0,0,0,0,0,0.09761376678943634
193,1,1,1,1,1,1,1,1.0
194,1,1,0,1,1,1,1,1.0
195,2,1,1,1,1,1,1,0.9284404516220093
196,3,1,1,1,1,1,1,0.935947597026825
197,1,0,0,0,0,0,0,0.058692630380392075
198,3,0,0,0,0,0,0,0.0025581014342606068
199,2,1,1,1,1,1,1,0.812205970287323
200,3,0,1,1,1,1,1,0.9116612076759338
201,3,0,0,0,0,0,0,0.12778335809707642
202,2,0,0,0,0,0,0,0.008040022104978561
203,3,0,0,0,0,0,0,0.0003848619817290455
204,0,0,0,0,0,0,0,0.02506905235350132
205,2,1,0,0,0,0,0,0.5252612233161926
206,2,0,1,0,0,0,0,0.0
207,4,0,0,0,0,0,0,0.8754417300224304
208,0,1,0,0,0,0,0,0.08018723875284195
209,2,1,1,1,1,1,1,0.11958369612693787
210,3,1,0,0,0,0,0,0.21256308257579803
211,3,0,0,0,0,0,0,0.47684842348098755
212,4,1,1,1,1,1,1,0.9978972673416138
213,1,0,0,0,0,0,0,0.010789167135953903
214,1,0,0,0,0,0,0,0.03627360984683037
215,3,0,0,0,0,0,0,0.025182828307151794
216,3,1,1,1,1,1,1,1.0
217,4,1,1,1,1,1,1,0.8367129564285278
218,2,0,0,0,0,0,0,0.0014735703589394689
219,1,1,1,1,1,1,1,0.9972755312919617
220,2,0,0,0,0,0,0,0.03739697113633156
221,3,1,0,0,0,0,0,0.315985769033432
222,1,0,0,0,0,0,0,0.14826178550720215
223,4,0,0,0,0,0,0,0.08220672607421875
224,2,0,0,0,0,0,0,0.003391140140593052
225,1,1,0,0,0,0,0,0.04248460382223129
226,4,0,0,0,0,0,0,0.02763139270246029
227,2,1,0,0,0,0,0,0.004007336217910051
228,3,0,0,0,0,0,0,0.020048879086971283
229,2,0,0,0,0,0,0,0.0037860816810280085
230,2,0,1,0,0,0,0,0.0
231,2,1,1,1,1,1,1,1.0
232,3,0,0,0,1,0,1,0.9187197685241699
233,2,0,0,0,0,0,0,0.0003838404663838446
234,3,1,1,1,1,1,1,1.0
235,4,0,0,0,0,0,0,0.024452708661556244
236,0,0,1,1,1,1,1,0.8835225105285645
237,3,0,0,0,0,0,0,0.5143432021141052
238,4,1,1,1,1,1,1,1.0
239,0,0,0,0,0,0,0,0.3871072828769684
240,4,0,0,0,0,0,0,0.37979555130004883
241,2,0,1,0,0,0,0,0.0
242,2,1,1,0,0,0,0,0.0
243,3,0,0,0,0,0,0,0.10747171193361282
244,4,0,0,0,0,0,0,0.3308817148208618
245,2,0,0,0,0,0,0,0.01570810191333294
246,4,0,0,0,0,0,0,0.06242591142654419
247,1,0,1,1,1,1,1,0.9333061575889587
248,1,1,1,1,1,1,1,1.0
249,1,1,0,0,0,0,0,0.030667437240481377
250,0,0,0,0,0,0,0,0.22706648707389832
251,2,0,0,0,0,0,0,0.005948254372924566
252,0,0,1,0,0,0,0,0.0
253,3,0,0,0,0,0,0,0.12204619497060776
254,4,0,0,0,0,0,0,0.018096165731549263
255,4,0,1,1,1,1,1,1.0
256,4,1,1,1,1,1,1,1.0
257,3,1,1,1,1,1,1,0.9984167814254761
258,1,1,1,1,1,1,1,0.9959266185760498
259,4,1,1,1,1,1,1,0.9980937838554382
260,4,1,1,1,1,1,1,1.0
261,3,0,0,0,0,0,0,0.14987194538116455
262,4,1,0,0,0,0,0,0.0
263,2,0,0,0,0,0,0,0.6089341640472412
264,1,0,0,0,0,0,0,0.0008450368186458945
265,1,0,1,1,1,1,1,0.9667320847511292
266,2,0,0,0,0,0,0,0.003908590413630009
267,3,0,0,0,0,0,0,0.00019829969096463174
268,1,1,0,0,0,0,0,0.007328111678361893
269,4,1,1,1,1,1,1,1.0
270,2,1,1,1,1,1,1,0.9990394711494446
271,1,0,0,0,0,0,0,0.0020051312167197466
272,4,1,0,0,0,0,0,0.04033123701810837
273,2,1,1,1,1,1,1,1.0
274,0,0,0,0,0,0,0,0.8300986886024475
275,3,1,1,1,1,1,1,0.8720869421958923
276,4,1,1,1,1,1,1,1.0
277,1,0,1,1,1,1,1,0.5689340233802795
278,2,0,0,0,0,0,0,0.001019322662614286
279,1,0,0,0,0,0,0,0.0
280,2,1,1,1,1,1,1,1.0
281,3,0,0,0,0,0,0,0.015705367550253868
282,1,0,0,0,0,0,0,0.09246320277452469
283,0,0,0,0,0,0,0,0.1266055405139923
284,0,1,0,0,0,0,0,0.3025519847869873
285,2,0,0,0,0,0,0,0.020782893523573875
286,0,0,0,0,0,0,0,0.047345589846372604
287,0,1,0,0,0,0,0,0.044643059372901917
288,0,0,0,0,0,0,0,0.0035600520204752684
289,1,1,0,0,0,0,0,0.01933114044368267
290,1,1,1,1,1,1,1,0.9775075316429138
291,0,1,1,1,1,1,1,0.99824059009552
292,4,1,1,1,1,1,1,1.0
293,2,0,0,0,0,0,0,0.05764983966946602
294,0,0,1,1,1,0,0,0.06503745913505554
295,2,0,0,0,0,0,0,0.00022751362121198326
296,4,0,0,0,0,0,0,0.027618130668997765
297,2,0,0,0,0,0,0,0.3069368004798889
298,4,0,1,1,1,1,1,1.0
299,2,1,0,0,0,0,0,0.8211901783943176
300,3,1,1,1,1,1,1,1.0
301,1,1,1,1,1,1,1,0.9667320847511292
302,3,1,0,0,0,0,0,0.002371604088693857
303,4,0,0,0,0,0,0,0.034669868648052216
304,4,1,1,1,1,1,1,0.978970468044281
305,0,0,0,0,0,0,0,0.015380145981907845
306,1,1,0,0,0,0,0,0.0
307,0,1,1,1,1,1,1,0.99729984998703
308,4,1,1,1,1,1,1,1.0
309,1,0,0,0,0,0,0,0.16056370735168457
310,1,1,1,1,1,1,1,0.9959266185760498
311,1,1,1,1,1,1,1,0.9606829881668091
312,4,1,1,1,1,1,1,1.0
313,2,0,1,1,1,1,1,1.0
314,0,0,0,0,0,0,0,0.00373985362239182
315,0,0,0,0,0,0,0,0.006007971242070198
316,1,1,1,1,1,1,1,0.7179401516914368
317,1,1,1,1,1,1,1,1.0
318,2,0,0,0,0,0,0,0.0003563912177924067
319,2,1,1,1,1,1,1,1.0
320,2,1,1,1,1,1,1,1.0
321,2,0,0,0,0,0,0,0.0039319805800914764
322,2,0,0,0,0,0,0,0.0306436438113451
323,0,1,1,1,1,1,1,0.9964926838874817
324,4,1,1,1,1,1,1,1.0
325,0,0,0,0,0,0,0,0.005591764580458403
326,4,1,1,1,1,1,1,0.9980937838554382
327,1,0,0,0,0,0,0,0.00841757282614708
328,3,1,1,1,1,1,1,0.9903344511985779
329,4,1,1,1,1,1,1,1.0
330,2,1,1,1,1,1,1,1.0
331,3,1,1,1,1,1,1,1.0
332,0,0,0,0,0,0,0,0.6467210054397583
333,2,0,0,0,0,0,0,0.33486199378967285
334,2,0,0,0,0,0,0,0.0009022029698826373
335,3,1,1,1,1,1,1,1.0
336,0,0,0,0,0,0,0,0.014661884866654873
337,0,0,0,0,0,0,0,0.8987613320350647
338,1,1,1,1,1,1,1,0.9570046663284302
339,3,1,0,0,0,0,0,0.03121832199394703
340,3,0,0,0,0,0,0,0.806506872177124
341,4,1,0,1,1,1,1,1.0
342,0,1,1,1,1,1,1,1.0
343,3,0,0,0,0,0,0,0.005261973012238741
344,0,0,0,0,0,0,0,0.0013507175026461482
345,2,0,0,0,0,0,0,0.13051337003707886
346,0,1,1,1,1,1,1,0.4578700661659241
347,3,1,1,1,1,1,1,0.5624393224716187
348,0,1,1,1,1,1,1,1.0
349,0,1,0,1,1,1,1,1.0
350,2,0,0,0,0,0,0,0.03999350592494011
351,0,0,0,0,0,0,0,0.002300587482750416
352,1,0,0,0,0,0,0,0.4549690783023834
353,4,0,0,0,0,0,0,0.009591176174581051
354,1,0,0,0,0,0,0,0.017342250794172287
355,4,0,0,0,0,0,0,0.08023333549499512
356,2,0,0,0,0,0,0,0.23510514199733734
357,3,1,1,1,1,1,1,1.0
358,0,0,1,1,1,1,1,0.9961316585540771
359,1,1,1,1,1,1,1,0.9150084257125854
360,1,1,1,1,1,1,1,0.9150084257125854
361,2,0,0,0,0,0,0,0.0011330114211887121
362,2,0,0,0,0,0,0,0.23177367448806763
363,0,0,1,0,0,0,0,0.0
364,0,0,0,0,0,0,0,0.00046246955753304064
365,1,0,0,0,0,0,0,0.0011678520822897553
366,0,0,0,0,0,0,0,0.004832199774682522
367,3,1,1,1,1,1,1,1.0
368,1,1,1,1,1,1,1,0.9673687815666199
369,4,1,1,1,1,1,1,0.848755419254303
370,0,1,1,1,1,1,1,0.7468985915184021
371,3,1,0,0,1,0,1,0.9079036116600037
372,0,0,0,0,0,0,0,0.01014482881873846
373,0,0,0,0,0,0,0,0.3025519847869873
374,1,0,0,0,0,0,0,0.008367754518985748
375,4,0,1,0,0,0,0,0.0
376,2,1,1,1,1,1,1,1.0
377,4,1,1,1,1,1,1,0.9118573665618896
378,1,0,0,0,0,0,0,0.850506603717804
379,3,0,0,0,0,0,0,0.04322027042508125
380,1,0,0,0,0,0,0,0.0544140487909317
381,1,1,1,1,1,1,1,0.9371587038040161
382,0,1,1,1,1,1,1,1.0
383,2,0,0,0,1,0,1,0.9340804219245911
384,0,1,1,1,1,1,1,1.0
385,1,0,0,0,0,0,0,0.037589382380247116
386,1,0,0,0,0,0,0,0.014656869694590569
387,2,0,0,0,0,0,0,0.0
388,4,1,1,1,1,1,1,0.9782126545906067
389,3,0,0,0,0,0,0,0.00969009567052126
390,1,1,1,1,1,1,1,0.9899275898933411
391,4,1,0,0,0,0,0,0.3976925313472748
392,3,1,0,0,0,0,0,0.001022385316900909
393,1,0,0,0,0,0,0,0.12863506376743317
394,1,1,1,1,1,1,1,1.0
395,0,1,1,1,1,1,1,1.0
396,1,0,0,0,0,0,0,0.1322338879108429
397,3,0,1,1,1,1,1,0.8112121224403381
398,3,0,0,0,0,0,0,0.027332447469234467
399,2,0,0,0,0,0,0,0.00022700052068103105
400,0,1,1,1,1,1,1,0.9964926838874817
401,1,1,0,0,0,0,0,0.02808236889541149
402,2,0,0,0,0,0,0,0.29401394724845886
403,4,0,1,0,0,0,0,0.0
404,4,0,0,0,0,0,0,0.2062227427959442
405,1,0,1,1,1,1,1,0.31399524211883545
406,3,0,0,0,0,0,0,0.0011200289009138942
407,0,0,0,0,0,0,0,0.009938792325556278
408,0,1,0,1,1,1,1,1.0
409,3,0,0,0,0,0,0,0.0008171008666977286
410,2,0,1,0,0,0,0,0.0
411,1,0,0,0,0,0,0,0.037589382380247116
412,1,0,0,0,0,0,0,0.03143402189016342
413,0,1,1,1,1,1,1,1.0
414,2,0,0,0,0,0,0,0.001019322662614286
415,1,1,0,0,0,0,0,0.02827218919992447
416,3,0,1,1,1,0,0,0.024638205766677856
417,0,1,1,1,1,1,1,1.0
418,3,1,1,1,1,1,1,1.0
419,2,0,0,0,0,0,0,0.08934955298900604
420,1,0,1,0,0,0,0,0.0
421,1,0,0,0,0,0,0,0.037589382380247116
422,4,0,0,0,0,0,0,0.03108890727162361
423,3,0,0,0,0,0,0,0.8506610989570618
424,4,0,1,1,1,1,1,1.0
425,3,0,0,0,0,0,0,0.024957450106739998
426,0,0,0,0,0,0,0,0.011333569884300232
427,0,1,1,1,1,1,1,1.0
428,3,1,1,1,1,1,1,0.8859878182411194
429,3,0,0,0,0,0,0,0.14987194538116455
430,0,1,0,0,0,0,0,0.09492704272270203
431,1,1,0,0,0,0,0,0.13779568672180176
432,4,1,1,1,1,1,1,1.0
433,4,1,1,1,1,1,1,1.0
434,0,0,0,0,0,0,0,0.02268851362168789
435,3,0,0,0,0,0,0,0.8114782571792603
436,0,1,1,1,1,1,1,1.0
437,4,0,1,0,0,0,0,0.0
438,4,1,1,1,1,1,1,1.0
439,1,0,0,0,0,0,0,0.21115434169769287
440,2,0,0,0,0,0,0,0.2635931670665741
441,0,1,1,1,1,1,1,1.0
442,3,0,0,0,0,0,0,0.15919774770736694
443,3,0,0,0,0,0,0,0.6504959464073181
444,3,1,1,1,1,1,1,0.9839831590652466
445,3,1,0,0,0,0,0,0.5653228759765625
446,1,1,0,0,0,0,0,0.0
447,1,1,1,1,1,1,1,1.0
448,4,1,0,0,1,0,1,0.9905303120613098
449,0,1,1,1,1,1,1,1.0
450,0,1,0,0,0,0,0,0.11326078325510025
451,4,0,0,0,0,0,0,0.0011669135419651866
452,3,0,0,0,0,0,0,0.013627621345221996
453,2,0,0,0,0,0,0,0.4012059271335602
454,3,1,0,0,0,0,0,0.17029978334903717
455,3,0,0,0,0,0,0,0.01979389600455761
456,2,1,0,0,0,0,0,0.001432262361049652
457,4,0,0,0,0,0,0,0.09816445410251617
458,3,1,1,1,1,1,1,1.0
459,3,1,1,1,1,1,1,0.9049971103668213
460,3,0,0,0,0,0,0,0.14987194538116455
461,2,1,0,0,0,0,0,0.1090814396739006
462,0,0,0,0,0,0,0,0.053764764219522476
463,1,0,0,0,0,0,0,0.008239931426942348
464,2,0,0,0,0,0,0,0.04130414128303528
465,2,0,0,0,0,0,0,0.01007759664207697
466,0,0,0,0,0,0,0,0.0004586496506817639
467,1,0,0,0,0,0,0,0.00248198164626956
468,2,0,0,0,0,0,0,0.052824411541223526
469,4,0,0,0,0,0,0,0.019560452550649643
470,0,1,1,1,1,1,1,1.0
471,2,0,0,0,0,0,0,0.005948254372924566
472,3,0,0,0,0,0,0,0.0036576474085450172
473,1,1,1,1,1,1,1,1.0
474,0,1,1,1,1,1,1,0.7398512363433838
475,1,0,1,1,1,1,1,0.9267526268959045
476,2,0,0,0,0,0,0,0.020782893523573875
477,3,0,0,0,0,0,0,0.0018296916969120502
478,0,0,0,0,0,0,0,0.0017853208119049668
479,3,0,0,0,0,0,0,0.0008491222397424281
480,2,1,1,1,1,1,1,1.0
481,1,0,0,0,0,0,0,0.0
482,2,0,0,0,0,0,0,0.001019322662614286
483,1,0,0,0,0,0,0,0.20864887535572052
484,0,1,1,1,1,1,1,0.22069263458251953
485,4,1,0,0,0,0,0,0.3331509828567505
486,4,0,1,0,0,0,0,0.0
487,4,1,1,1,1,1,1,1.0
488,1,0,0,0,0,0,0,0.27181369066238403
489,3,0,0,0,0,0,0,0.08253268897533417
490,1,1,0,1,1,1,1,1.0
491,3,0,0,0,0,0,0,0.013627621345221996
492,1,0,0,0,0,0,0,0.05426632985472679
493,3,0,0,0,0,0,0,0.6602535247802734
494,0,0,0,0,0,0,0,0.003174496116116643
495,1,0,0,0,0,0,0,0.05107051506638527
496,2,0,0,0,0,0,0,0.02107660472393036
497,3,1,1,1,1,1,1,1.0
498,4,0,0,0,0,0,0,0.017351631075143814
499,0,0,1,1,1,1,1,1.0
500,4,0,0,0,0,0,0,0.12412923574447632
501,2,0,0,0,0,0,0,0.03473496809601784
502,3,0,1,1,1,1,1,0.9883926510810852
503,1,0,1,1,1,1,1,0.42816877365112305
504,1,0,1,1,1,1,1,0.9970293045043945
505,3,1,1,1,1,1,1,0.9950131773948669
506,1,0,0,0,0,0,0,0.09439199417829514
507,4,1,1,1,1,1,1,1.0
508,0,1,0,0,0,0,0,0.26967117190361023
509,2,0,0,0,0,0,0,0.0015778044471517205
510,3,1,0,0,0,0,0,0.2816239893436432
511,2,1,0,0,0,0,0,0.011263253167271614
512,4,0,0,0,0,0,0,0.026004767045378685
513,4,1,0,0,1,0,1,0.9480475187301636
514,1,1,1,1,1,1,1,1.0
515,3,0,0,0,0,0,0,0.022233029827475548
516,3,0,0,0,0,0,0,0.0709180235862732
517,4,1,1,1,1,1,1,0.9796887040138245
518,4,0,0,0,0,0,0,0.026004767045378685
519,0,1,1,1,1,1,1,1.0
520,4,0,0,0,0,0,0,0.18418456614017487
521,4,1,1,1,1,1,1,0.9988827109336853
522,2,0,0,0,0,0,0,0.00019674107898026705
523,1,0,0,0,0,0,0,0.04664353281259537
524,0,1,1,1,1,1,1,1.0
525,3,0,0,0,0,0,0,0.14713266491889954
526,2,0,0,0,0,0,0,0.006862883921712637
527,4,1,1,1,1,1,1,0.9773586988449097
528,4,0,0,0,0,0,0,0.45425519347190857
529,1,0,0,0,0,0,0,0.02808236889541149
530,1,0,0,0,0,0,0,0.008170240558683872
531,3,1,1,1,1,1,1,1.0
532,4,0,0,0,0,0,0,0.09473628550767899
533,2,0,0,0,0,0,0,0.022323234006762505
534,4,1,1,1,1,1,1,1.0
535,3,0,1,1,1,1,1,0.7131296396255493
536,0,1,1,1,1,1,1,1.0
537,4,0,0,0,0,0,0,0.8265666961669922
538,3,1,1,1,1,1,1,0.9984167814254761
539,3,0,0,0,0,0,0,0.004321266431361437
540,0,1,1,1,1,1,1,1.0
541,3,1,1,1,1,1,1,1.0
542,3,0,1,0,0,0,0,0.0
543,3,0,1,0,0,0,0,0.0
544,3,1,0,0,0,0,0,0.0018639651825651526
545,2,0,0,0,0,0,0,0.09338831156492233
546,3,0,0,0,0,0,0,0.042039234191179276
547,2,1,1,1,1,1,1,1.0
548,2,1,0,0,0,0,0,0.11211665719747543
549,3,0,0,0,0,0,0,0.00047752808313816786
550,0,1,0,0,0,0,0,0.0
551,0,1,0,0,0,0,0,0.05046495050191879
552,3,0,0,0,0,0,0,0.8978956341743469
553,1,0,0,0,0,0,0,0.38186198472976685
554,3,1,0,0,0,0,0,0.017822694033384323
555,4,1,1,1,1,1,1,0.47666722536087036
556,1,0,0,0,0,0,0,0.09392280131578445
557,2,1,1,1,1,1,1,1.0
558,3,0,0,0,0,0,0,0.06380511820316315
559,0,1,1,1,1,1,1,1.0
560,2,1,1,1,1,1,1,1.0
561,4,0,0,0,0,0,0,0.09552532434463501
562,4,0,0,0,0,0,0,0.07853178679943085
563,2,0,0,0,0,0,0,0.0015778044471517205
564,1,0,0,0,0,0,0,0.02320605143904686
565,4,0,1,1,1,0,0,0.014751361683011055
566,2,0,0,0,0,0,0,0.515012800693512
567,2,0,0,0,0,0,0,0.031885720789432526
568,3,0,1,0,0,0,0,0.0
569,1,0,0,0,0,0,0,0.1561996191740036
570,2,1,0,0,0,0,0,0.14266934990882874
571,2,1,0,0,0,0,0,0.000794301915448159
572,3,1,1,1,1,1,1,1.0
573,1,1,0,0,1,0,1,0.9266373515129089
574,1,1,1,1,1,1,1,0.9667320847511292
575,2,0,0,0,0,0,0,0.5252612233161926
576,1,0,0,0,0,0,0,0.0400165393948555
577,2,1,1,1,1,1,1,0.9971758127212524
578,0,1,1,1,1,1,1,1.0
579,1,0,1,1,1,1,1,1.0
580,3,1,0,0,0,0,0,0.4134845733642578
581,3,1,1,1,1,1,1,1.0
582,2,1,1,1,1,1,1,1.0
583,2,0,0,0,0,0,0,0.018424127250909805
584,2,0,0,0,0,0,0,0.6637330055236816
585,1,0,0,0,0,0,0,0.13124236464500427
586,3,1,1,1,1,1,1,1.0
587,1,0,0,0,0,0,0,0.0023366149980574846
588,0,1,0,0,0,0,0,0.15507620573043823
589,3,0,0,0,0,0,0,0.0029546236619353294
590,2,0,0,0,0,0,0,0.01007759664207697
591,4,0,0,0,0,0,0,0.0004937647609040141
592,3,1,1,1,1,1,1,1.0
593,4,0,0,0,0,0,0,0.0014252151595428586
594,3,0,1,1,1,1,1,1.0
595,1,0,0,0,0,0,0,0.006141470279544592
596,4,0,0,0,0,0,0,0.01108806487172842
597,1,1,1,1,1,1,1,0.9971340894699097
598,2,0,0,0,0,0,0,0.001077589811757207
599,4,0,0,0,0,0,0,0.08023333549499512
600,1,1,0,0,0,0,0,0.8180750608444214
601,2,1,1,1,1,1,1,1.0
602,4,0,0,0,0,0,0,0.017404386773705482
603,0,0,0,0,0,0,0,0.0059137423522770405
604,3,0,0,0,0,0,0,0.06730231642723083
605,2,1,0,0,1,0,1,0.9723536968231201
606,3,0,0,0,0,0,0,0.0009195756283588707
607,1,0,0,0,0,0,0,0.04257877171039581
608,0,1,0,0,1,0,1,0.9879244565963745
609,2,1,1,1,1,1,1,1.0
610,1,1,1,1,1,1,1,0.9570046663284302
611,3,0,1,0,0,0,0,0.0
612,0,0,0,0,0,0,0,0.02413855865597725
613,2,1,1,0,0,0,0,0.0
614,1,0,0,0,0,0,0,0.058692630380392075
615,0,0,0,0,0,0,0,0.02772028185427189
616,4,1,1,1,1,1,1,1.0
617,2,0,0,0,0,0,0,0.008904833346605301
618,0,0,1,1,1,1,1,1.0
619,1,1,1,1,1,1,1,1.0
620,2,0,0,0,0,0,0,0.08897317200899124
621,1,0,0,0,0,0,0,0.0028218075167387724
622,2,1,0,0,0,0,0,0.20706677436828613
623,1,1,0,0,0,0,0,0.025097517296671867
624,4,0,0,0,0,0,0,0.11962100863456726
625,1,0,0,0,0,0,0,0.05107051506638527
626,0,0,0,0,0,0,0,0.15111199021339417
627,0,0,0,0,0,0,0,0.011971826665103436
628,0,1,1,1,1,1,1,0.9672186374664307
629,0,0,0,0,0,0,0,0.01109158992767334
630,1,0,0,0,0,0,0,0.047377459704875946
631,3,1,0,0,0,0,0,0.162406325340271
632,1,0,0,0,0,0,0,0.00255786650814116
633,1,1,0,0,1,0,1,0.9337677359580994
634,4,0,0,0,0,0,0,0.0012103301705792546
635,3,0,1,0,0,0,0,0.0
636,1,1,1,1,1,1,1,0.984419047832489
637,2,0,0,0,1,0,1,0.9340804219245911
638,0,0,0,0,0,0,0,0.006795500870794058
639,0,0,1,0,0,0,0,0.0
640,2,0,0,0,0,0,0,0.01076637115329504
641,3,0,0,0,0,0,0,0.009371234104037285
642,0,1,1,1,1,1,1,0.7468985915184021
643,3,0,1,0,0,0,0,0.0
644,2,1,0,0,0,0,0,0.474526584148407
645,3,1,1,1,1,1,1,1.0
646,2,1,0,0,0,0,0,0.001596400747075677
647,3,0,0,0,0,0,0,0.040190983563661575
648,0,1,0,0,0,0,0,0.004421410150825977
649,1,0,0,0,0,0,0,0.01748565211892128
650,3,1,1,1,1,1,1,0.09795497357845306
651,4,0,0,0,0,0,0,0.017404386773705482
652,3,1,1,1,1,1,1,1.0
653,0,0,0,0,0,0,0,0.014232056215405464
654,3,1,1,1,1,1,1,0.967532217502594
655,4,0,1,1,1,1,1,0.5668129324913025
656,4,0,0,0,0,0,0,0.018540702760219574
657,1,0,0,0,0,0,0,0.037589382380247116
658,3,0,1,1,1,1,1,1.0
659,2,0,0,0,0,0,0,0.00021442231081891805
660,3,0,0,0,0,0,0,0.1101326197385788
661,4,1,0,0,0,0,0,0.20798426866531372
662,3,0,0,0,0,0,0,0.0005012715118937194
663,2,0,0,0,0,0,0,0.0009336148505099118
664,4,0,0,0,0,0,0,0.000737758178729564
665,2,1,0,0,0,0,0,0.027366027235984802
666,0,0,0,0,0,0,0,0.012056653387844563
667,2,0,0,0,0,0,0,0.0011510606855154037
668,4,0,0,0,0,0,0,0.03631584718823433
669,0,0,0,0,0,0,0,0.1978154182434082
670,1,1,1,1,1,1,1,1.0
671,4,1,1,1,1,1,1,1.0
672,2,0,0,0,0,0,0,0.770987331867218
673,4,0,0,0,0,0,0,0.22260425984859467
674,4,1,0,0,0,0,0,0.18990184366703033
675,1,0,0,0,0,0,0,0.00248198164626956
676,4,0,0,0,0,0,0,0.014432699419558048
677,1,0,0,0,0,0,0,0.0023573089856654406
678,2,1,1,1,1,1,1,0.4133929908275604
679,0,0,1,0,0,0,0,0.0
680,1,1,0,0,0,0,0,0.21041111648082733
681,2,0,1,1,1,0,0,0.04840584844350815
682,2,1,0,0,0,0,0,0.022908825427293777
683,1,0,0,0,0,0,0,0.020016420632600784
684,0,0,0,0,0,0,0,0.07249099761247635
685,3,0,0,0,0,0,0,0.00133254355750978
686,0,0,0,0,0,0,0,0.07087436318397522
687,0,0,0,0,0,0,0,0.0016548935091122985
688,3,0,0,0,0,0,0,0.2952060103416443
689,2,0,0,0,0,0,0,0.536030113697052
690,2,1,1,1,1,1,1,1.0
691,3,1,0,0,0,0,0,0.01731088012456894
692,1,1,1,1,1,1,1,1.0
693,1,1,0,0,0,0,0,0.8704699873924255
694,2,0,0,0,0,0,0,0.8282487988471985
695,1,0,0,0,0,0,0,0.05446438863873482
696,1,0,0,0,0,0,0,0.02752276137471199
697,0,0,0,0,0,0,0,0.3209608495235443
698,4,1,1,1,1,1,1,0.9672679305076599
699,4,0,0,0,0,0,0,0.1796836405992508
700,2,0,0,0,0,0,0,0.00244018342345953
701,2,1,1,1,1,1,1,1.0
702,1,1,0,0,1,0,1,0.9836471676826477
703,2,0,1,0,0,0,0,0.0
704,3,0,0,0,0,0,0,0.009899414144456387
705,2,0,0,0,0,0,0,0.10907349735498428
706,3,0,0,0,0,0,0,0.06426775455474854
707,2,1,1,1,1,1,1,0.7865689396858215
708,0,1,0,0,0,0,0,0.824415385723114
709,0,1,1,1,1,1,1,0.7240395545959473
710,2,1,0,1,1,1,1,1.0
711,4,1,1,1,1,1,1,0.973770797252655
712,1,0,0,0,0,0,0,0.8014141917228699
713,2,1,0,0,0,0,0,0.001596400747075677
714,3,0,0,0,0,0,0,0.7850267887115479
715,4,0,0,0,0,0,0,0.0007524617831222713
716,1,0,0,0,0,0,0,0.0400165393948555
717,2,1,1,1,1,1,1,0.7543678283691406
718,2,1,1,1,1,1,1,0.998217761516571
719,0,0,0,0,0,0,0,0.0025294204242527485
720,1,0,0,0,0,0,0,0.0063615357503294945
721,2,1,1,1,1,1,1,1.0
722,1,0,0,0,0,0,0,0.011523901484906673
723,4,0,0,0,0,0,0,0.6920917630195618
724,0,0,0,0,0,0,0,0.05559263378381729
725,0,1,0,0,0,0,0,0.05009254068136215
726,2,0,0,0,0,0,0,0.007484702859073877
727,3,1,1,1,1,1,1,1.0
728,3,1,1,1,1,1,1,0.8581138849258423
729,3,0,0,0,0,0,0,0.3807554543018341
730,0,0,1,1,1,1,1,1.0
731,1,1,1,1,1,1,1,0.9959266185760498
732,2,0,0,0,0,0,0,0.07306651026010513
733,0,0,0,0,0,0,0,0.002916781697422266
734,1,0,0,0,0,0,0,0.0037855529226362705
735,0,0,0,0,0,0,0,0.0011009135050699115
736,3,0,0,0,0,0,0,0.016104642301797867
737,1,0,1,0,0,0,0,0.0
738,0,1,0,0,0,0,0,0.2683676779270172
739,4,0,0,0,0,0,0,0.017404386773705482
740,1,0,0,0,0,0,0,0.037589382380247116
741,4,1,0,0,1,0,1,0.9029682874679565
742,3,0,0,0,0,0,0,0.11336510628461838
743,3,1,1,1,1,1,1,1.0
744,2,0,0,0,0,0,0,0.004967611748725176
745,2,1,0,0,1,0,1,0.9340804219245911
746,4,0,0,0,0,0,0,0.2345041185617447
747,4,0,0,0,0,0,0,0.018967945128679276
748,3,1,1,1,1,1,1,0.9903344511985779
749,3,0,0,0,0,0,0,0.028984801843762398
750,2,0,0,0,0,0,0,0.06345748156309128
751,3,1,1,1,1,1,1,1.0
752,3,1,0,1,1,1,1,1.0
753,1,0,0,0,0,0,0,0.11448577046394348
754,1,0,0,0,0,0,0,0.0003507758374325931
755,2,1,1,1,1,1,1,1.0
756,1,1,0,1,1,1,1,1.0
757,2,0,0,0,0,0,0,0.21022827923297882
758,4,0,0,0,0,0,0,0.05159023776650429
759,2,0,0,0,0,0,0,0.050717245787382126
760,1,1,1,1,1,1,1,0.9972755312919617
761,4,0,0,0,0,0,0,0.019560452550649643
762,4,0,0,0,0,0,0,0.0007356313872151077
763,4,1,0,0,0,0,0,0.02213091216981411
764,2,1,1,1,1,1,1,1.0
765,4,0,0,0,0,0,0,0.014285351149737835
766,0,1,1,1,1,1,1,1.0
767,4,0,0,0,0,0,0,0.016474749892950058
768,2,0,1,1,1,0,0,0.04530005529522896
769,3,0,0,0,0,0,0,0.07340337336063385
770,2,0,0,0,0,0,0,0.4926663339138031
771,4,0,0,0,0,0,0,0.044858116656541824
772,1,0,0,0,0,0,0,0.11739317327737808
773,1,0,1,1,1,1,1,0.9308076500892639
774,0,0,0,0,0,0,0,0.05442399904131889
775,2,1,1,1,1,1,1,1.0
776,1,0,0,0,0,0,0,0.017935963347554207
777,3,0,0,0,0,0,0,0.14987194538116455
778,1,1,1,1,1,1,1,0.7805444598197937
779,1,0,0,0,0,0,0,0.047377459704875946
780,0,1,1,1,1,1,1,1.0
781,0,1,1,1,1,1,1,0.8438194394111633
782,4,1,1,1,1,1,1,1.0
783,4,0,0,0,1,0,1,0.9715277552604675
784,2,0,0,0,0,0,0,0.20095546543598175
785,2,0,0,0,0,0,0,0.3489752411842346
786,0,0,0,0,0,0,0,0.002165506361052394
787,4,1,1,1,1,1,1,0.5064051151275635
788,0,0,0,0,0,0,0,0.0
789,0,1,0,0,0,0,0,0.0
790,3,0,0,0,0,0,0,0.02159680612385273
791,0,0,0,0,0,0,0,0.1433543860912323
792,4,0,0,0,0,0,0,0.028206946328282356
793,3,0,1,0,0,0,0,0.0
794,0,0,0,0,0,0,0,0.8506919741630554
795,3,0,0,0,0,0,0,0.0011850229930132627
796,0,0,0,0,0,0,0,0.08960933983325958
797,0,1,1,1,1,1,1,0.99729984998703
798,4,1,1,1,1,0,0,0.048378925770521164
799,1,0,0,0,0,0,0,0.12644365429878235
800,0,0,1,0,0,0,0,0.0
801,3,0,0,0,0,0,0,0.0003848619817290455
802,0,1,1,1,1,1,1,1.0
803,2,1,0,1,1,1,1,1.0
804,0,1,0,0,0,0,0,0.0
805,3,1,0,0,0,0,0,0.14544284343719482
806,2,0,0,0,0,0,0,0.458254337310791
807,3,0,0,0,0,0,0,0.0005560615682043135
808,4,0,1,1,1,1,1,0.14931176602840424
809,4,0,0,0,0,0,0,0.0728330910205841
810,3,1,1,1,1,1,1,1.0
811,3,0,0,0,0,0,0,0.08288697153329849
812,0,0,0,0,0,0,0,0.016518156975507736
813,3,0,0,0,0,0,0,0.026307333260774612
814,4,0,1,0,0,0,0,0.0
815,0,0,0,0,0,0,0,0.037475477904081345
816,3,0,0,0,0,0,0,0.0015767186414450407
817,2,0,1,1,1,1,1,0.9819471836090088
818,2,0,0,0,0,0,0,0.017354900017380714
819,0,0,0,0,0,0,0,0.005162686109542847
820,2,0,0,0,0,0,0,0.0
821,4,1,1,1,1,1,1,1.0
822,3,1,0,0,0,0,0,0.05303734168410301
823,0,0,0,0,0,0,0,0.0011535243829712272
824,1,1,1,1,1,1,1,1.0
825,3,0,0,0,0,0,0,0.0
826,2,0,0,0,0,0,0,0.007675674743950367
827,1,0,0,0,0,0,0,0.8704699873924255
828,3,1,0,0,0,0,0,0.0
829,1,1,0,0,0,0,0,0.058692630380392075
830,4,1,1,1,1,1,1,0.9270942211151123
831,0,1,1,1,1,1,1,1.0
832,2,1,0,1,1,1,1,1.0
833,2,0,0,0,0,0,0,0.02107660472393036
834,4,0,0,0,0,0,0,0.030066804960370064
835,4,0,0,0,0,0,0,0.05664243549108505
836,4,1,1,1,1,1,1,1.0
837,4,0,0,0,0,0,0,0.04179079458117485
838,4,0,0,0,0,0,0,0.026004767045378685
839,1,1,0,0,1,0,1,0.9258571863174438
840,0,1,0,0,0,0,0,0.6977174282073975
841,2,0,0,0,0,0,0,0.037249404937028885
842,1,0,0,0,0,0,0,0.029089443385601044
843,3,1,1,1,1,1,1,0.9983602166175842
844,4,0,0,0,0,0,0,0.001340111717581749
845,4,0,0,0,0,0,0,0.04863213375210762
846,0,0,0,0,0,0,0,0.0021030206698924303
847,4,0,0,0,0,0,0,0.002542896894738078
848,2,0,0,0,0,0,0,0.004011548589915037
849,0,0,0,0,0,0,0,0.016385739669203758
850,4,1,1,1,1,1,1,1.0
851,2,0,0,0,0,0,0,0.0
852,4,0,0,0,0,0,0,0.14698849618434906
853,1,0,1,0,0,0,0,0.0
854,3,1,1,1,1,1,1,1.0
855,2,0,1,1,1,1,1,1.0
856,4,1,1,1,1,1,1,1.0
857,0,1,1,1,1,1,1,1.0
858,2,1,0,0,0,0,0,0.1090814396739006
859,3,1,1,1,1,1,1,1.0
860,1,0,0,0,0,0,0,0.1561996191740036
861,3,0,0,0,0,0,0,0.0012139411410316825
862,3,0,0,0,0,0,0,0.11371852457523346
863,0,1,1,1,1,1,1,0.99729984998703
864,4,0,1,0,0,0,0,0.0
865,3,0,0,0,0,0,0,0.004193692468106747
866,3,1,1,1,1,1,1,0.5624393224716187
867,2,1,1,1,1,1,1,1.0
868,2,0,0,0,0,0,0,0.6548758149147034
869,1,0,0,0,0,0,0,0.5936040878295898
870,2,1,0,1,1,1,1,1.0
871,0,0,0,0,0,0,0,0.01109158992767334
872,2,1,1,1,1,1,1,1.0
873,3,0,0,0,0,0,0,0.0013753322418779135
874,0,0,0,0,0,0,0,0.028364941477775574
875,1,1,1,1,1,1,1,1.0
876,0,1,1,1,1,1,1,0.8438194394111633
877,4,0,0,0,0,0,0,0.03670557215809822
878,3,0,0,0,0,0,0,0.040190983563661575
879,1,0,0,0,0,0,0,0.037589382380247116
880,1,1,1,1,1,1,1,1.0
881,2,1,1,1,1,1,1,1.0
882,4,0,0,0,0,0,0,0.02536582387983799
883,1,0,1,1,1,1,1,0.9291595220565796
884,0,0,0,0,0,0,0,0.026473503559827805
885,0,0,0,0,0,0,0,0.20710796117782593
886,0,0,1,0,0,0,0,0.0
887,2,0,0,0,0,0,0,0.12265168875455856
888,3,1,1,1,1,1,1,0.9862083196640015
889,3,0,1,1,1,1,1,1.0
890,2,1,0,0,0,0,0,0.7712798714637756
891,0,0,0,0,0,0,0,0.08607543259859085
