variant,fold,accuracy,roc_auc,feature_count
legacy2,0,0.8435754189944135,0.9093544137022398,26
legacy2,1,0.8202247191011236,0.8824866310160429,26
legacy2,2,0.8202247191011236,0.8519385026737969,26
legacy2,3,0.8314606741573034,0.8793449197860962,26
legacy2,4,0.848314606741573,0.8951602180561096,26
smooth8,0,0.8379888268156425,0.9043478260869565,32
smooth8,1,0.8202247191011236,0.8852941176470588,32
smooth8,2,0.8258426966292135,0.854879679144385,32
smooth8,3,0.8314606741573034,0.8782754010695187,32
smooth8,4,0.8370786516853933,0.9002127376678632,32
typed22,0,0.8603351955307262,0.9092226613965744,46
typed22,1,0.8202247191011236,0.8864973262032086,46
typed22,2,0.848314606741573,0.8579545454545455,46
typed22,3,0.8314606741573034,0.8761363636363637,46
typed22,4,0.8539325842696629,0.9035367637282277,46
