variant,model,accuracy,roc_auc
fold_safe,CatBoost,0.8484848484848485,0.8909500527274471
global_loo,CatBoost,0.8507295173961841,0.8936716411551038
no_wcg,CatBoost,0.8383838383838383,0.8764393527839026
fold_safe,Ensemble,0.8484848484848485,0.8891418741145516
global_loo,Ensemble,0.8507295173961841,0.8920019386657294
no_wcg,Ensemble,0.835016835016835,0.8752836097529799
fold_safe,ExtraTrees,0.8428731762065096,0.8752436647173489
global_loo,ExtraTrees,0.8451178451178452,0.8787055678053666
no_wcg,ExtraTrees,0.8294051627384961,0.8660216874913453
fold_safe,GradientBoosting,0.8439955106621774,0.890649133459027
global_loo,GradientBoosting,0.8473625140291807,0.8910618988272139
no_wcg,GradientBoosting,0.8294051627384961,0.8746711192066383
fold_safe,LightGBM,0.8462401795735129,0.8910059757773304
global_loo,LightGBM,0.8473625140291807,0.8916823783806815
no_wcg,LightGBM,0.8305274971941639,0.8782848134300536
fold_safe,RandomForest,0.8451178451178452,0.8818292695917085
global_loo,RandomForest,0.8484848484848485,0.8835841881570958
no_wcg,RandomForest,0.8327721661054994,0.8706233555960331
fold_safe,XGBoost,0.8417508417508418,0.891711671406811
global_loo,XGBoost,0.8462401795735129,0.8936077290980944
no_wcg,XGBoost,0.8282828282828283,0.8757576241758007
