PassengerId,fold,Survived,v5,trans_rf,majority_v5_trans_tab,prefer_trans_any_group,prefer_trans_both_groups,prefer_trans_extreme_group,prefer_trans_group_tab_agree,prefer_trans_both_group_tab_agree,prefer_trans_extreme_tab_agree,crossfit_logistic_group_meta
1,1,0,0,0,0,0,0,0,0,0,0,0.150432328740215
2,4,1,1,1,1,1,1,1,1,1,1,0.8946342064713693
3,3,1,0,1,1,0,0,0,0,0,0,0.50216998462687
4,3,1,1,1,1,1,1,1,1,1,1,0.8753268156115154
5,0,0,0,0,0,0,0,0,0,0,0,0.19809648398903346
6,4,0,0,0,0,0,0,0,0,0,0,0.17363877246331574
7,0,0,0,0,0,0,0,0,0,0,0,0.26429402556396236
8,4,0,0,0,0,0,0,0,0,0,0,0.1537613820533578
9,4,1,1,1,1,1,1,1,1,1,1,0.7694816998443755
10,3,1,1,1,1,1,1,1,1,1,1,0.8629226912467407
11,2,1,1,1,1,1,1,1,1,1,1,0.8614066676234223
12,4,1,1,1,1,1,1,1,1,1,1,0.8633177498567395
13,4,0,0,0,0,0,0,0,0,0,0,0.18993853244566264
14,0,0,0,0,0,0,0,0,0,0,0,0.12842541197245314
15,3,0,1,1,1,1,1,1,1,1,1,0.8169373462024314
16,3,1,1,1,1,1,1,1,1,1,1,0.7738525026141956
17,1,0,0,0,0,0,0,0,0,0,0,0.12251866582884709
18,4,1,0,0,0,0,0,0,0,0,0,0.1848085854609445
19,3,0,1,1,1,1,1,1,1,1,1,0.6932464784401525
20,0,1,1,1,1,1,1,1,1,1,1,0.7100742975658674
21,1,0,0,0,0,0,0,0,0,0,0,0.16542119540039224
22,3,1,0,0,0,0,0,0,0,0,0,0.23878965162757218
23,1,1,1,1,1,1,1,1,1,1,1,0.7838811374393324
24,1,1,0,0,0,0,0,0,0,0,0,0.3490685322463341
25,0,0,0,0,0,0,0,0,0,0,0,0.13671919778817804
26,4,1,0,0,0,0,0,0,0,0,0,0.34600215289137454
27,0,0,0,0,0,0,0,0,0,0,0,0.19141645101156618
28,2,0,0,0,0,0,0,0,0,0,0,0.34288583656263144
29,0,1,1,1,1,1,1,1,1,1,1,0.7645385399230724
30,2,0,0,0,0,0,0,0,0,0,0,0.1646364134554535
31,0,0,1,0,0,1,1,1,1,1,1,0.5414712984347366
32,0,1,1,1,1,1,1,1,1,1,1,0.9106425501104143
33,4,1,1,1,1,1,1,1,1,1,1,0.7500149983859985
34,3,0,0,0,0,0,0,0,0,0,0,0.1738937369533413
35,0,0,0,0,0,0,0,0,0,0,0,0.48711382629210725
36,1,0,0,0,0,0,0,0,0,0,0,0.20576743852857676
37,2,1,0,0,0,0,0,0,0,0,0,0.16433830690861323
38,4,0,0,0,0,0,0,0,0,0,0,0.18862645024893387
39,3,0,1,1,1,1,1,1,1,1,1,0.5638401256599548
40,1,1,1,1,1,1,1,1,1,1,1,0.8287215697393304
41,1,0,0,1,1,0,0,0,0,0,0,0.5602215035551662
42,4,0,1,1,1,1,1,1,1,1,1,0.8373074616287461
43,1,0,0,0,0,0,0,0,0,0,0,0.1941798963722203
44,0,1,1,1,1,1,1,1,1,1,1,0.8821434416783367
45,4,1,1,1,1,1,1,1,1,1,1,0.7309341017487911
46,0,0,0,0,0,0,0,0,0,0,0,0.1875540638797533
47,4,0,0,0,0,0,0,0,0,0,0,0.18610420577948278
48,2,1,1,1,1,1,1,1,1,1,1,0.7847830409205405
49,1,0,0,0,0,0,0,0,0,0,0,0.19073345483986043
50,2,0,1,1,1,1,1,1,1,1,1,0.648738760354673
51,4,0,0,0,0,0,0,0,0,0,0,0.14068161962236342
52,4,0,0,0,0,0,0,0,0,0,0,0.18101981603262485
53,1,1,1,1,1,1,1,1,1,1,1,0.8771088007021614
54,0,1,1,1,1,1,1,1,1,1,1,0.8697652649353904
55,2,0,0,0,0,0,0,0,0,0,0,0.265744632797236
56,0,1,0,0,0,0,0,0,0,0,0,0.28661349170212674
57,1,1,1,1,1,1,1,1,1,1,1,0.8730075558314649
58,4,0,0,0,0,0,0,0,0,0,0,0.18453044991254502
59,2,1,1,1,1,1,1,1,1,1,1,0.8840825326295942
60,4,0,0,0,0,0,0,0,0,0,0,0.14675409762671277
61,0,0,0,0,0,0,0,0,0,0,0,0.1953379554193541
62,1,1,1,1,1,1,1,1,1,1,1,0.9089481219909266
63,1,0,0,0,0,0,0,0,0,0,0,0.30739943421172966
64,0,0,0,0,0,0,0,0,0,0,0,0.13233079879899168
65,0,0,0,0,0,0,0,0,0,0,0,0.28520846952818624
66,3,1,1,1,1,1,1,1,1,1,1,0.8334593704410205
67,0,1,1,1,1,1,1,1,1,1,1,0.8749284997862866
68,1,0,0,0,0,0,0,0,0,0,0,0.18581863308453947
69,0,1,0,0,0,0,0,0,0,0,0,0.18801502808453271
70,3,0,0,0,0,0,0,0,0,0,0,0.1735905129286668
71,4,0,0,0,0,0,0,0,0,0,0,0.18634832862544348
72,1,0,0,0,0,0,0,0,0,0,0,0.12707141846015713
73,1,0,0,0,0,0,0,0,0,0,0,0.21076872906789743
74,3,0,0,0,0,0,0,0,0,0,0,0.17674898066372088
75,2,1,0,0,0,0,0,0,0,0,0,0.31969224103456223
76,0,0,0,0,0,0,0,0,0,0,0,0.19864220015398185
77,1,0,0,0,0,0,0,0,0,0,0,0.18025414531751924
78,3,0,0,0,0,0,0,0,0,0,0,0.1718473760433499
79,1,1,1,1,1,1,1,1,1,1,1,0.848432434591372
80,0,1,1,1,1,1,1,1,1,1,1,0.7536689414668674
81,4,0,0,0,0,0,0,0,0,0,0,0.1820708672468266
82,4,1,0,0,0,0,0,0,0,0,0,0.18508518171294125
83,4,1,1,1,1,1,1,1,1,1,1,0.7496771978870892
84,4,0,0,0,0,0,0,0,0,0,0,0.24217794193323972
85,4,1,1,1,1,1,1,1,1,1,1,0.8529041326562975
86,1,1,0,1,0,1,1,1,0,0,0,0.44432798055838857
87,2,0,0,0,0,0,0,0,0,0,0,0.1310866104581047
88,4,0,0,0,0,0,0,0,0,0,0,0.1872533227228291
89,1,1,1,1,1,1,1,1,1,1,1,0.8584367014145813
90,3,0,0,0,0,0,0,0,0,0,0,0.17278565050166103
91,0,0,0,0,0,0,0,0,0,0,0,0.1897022204927498
92,1,0,0,0,0,0,0,0,0,0,0,0.18397853374763282
93,3,0,0,0,0,0,0,0,0,0,0,0.3811647334220298
94,2,0,0,0,0,0,0,0,0,0,0,0.16668868345701696
95,0,0,0,0,0,0,0,0,0,0,0,0.17844691906333818
96,4,0,0,0,0,0,0,0,0,0,0,0.18079213033870023
97,4,0,0,0,0,0,0,0,0,0,0,0.2923721161024816
98,1,1,0,0,0,0,0,0,0,0,0,0.419666414564942
99,1,1,1,1,1,1,1,1,1,1,1,0.8542415913717106
100,0,0,0,0,0,0,0,0,0,0,0,0.19538263360382213
101,4,0,0,0,0,0,0,0,0,0,0,0.42940076300698715
102,4,0,0,0,0,0,0,0,0,0,0,0.17324391952864307
103,2,0,0,0,0,0,0,0,0,0,0,0.44838557579447136
104,0,0,0,0,0,0,0,0,0,0,0,0.18877924750457323
105,1,0,0,0,0,0,0,0,0,0,0,0.17136633555606692
106,0,0,0,0,0,0,0,0,0,0,0,0.18739772643408187
107,1,1,1,1,1,1,1,1,1,1,1,0.6783718920748887
108,4,1,0,0,0,0,0,0,0,0,0,0.17713674258824127
109,0,0,0,0,0,0,0,0,0,0,0,0.18565891986174518
110,2,1,1,1,1,1,1,1,1,1,1,0.5539723983748175
111,1,0,0,0,0,0,0,0,0,0,0,0.2573624862985085
112,3,0,0,1,0,1,1,1,0,0,0,0.1895438388825846
113,3,0,0,0,0,0,0,0,0,0,0,0.17298035095183478
114,0,0,0,1,0,1,0,0,0,0,0,0.18056665305287278
115,0,0,1,1,1,1,1,1,1,1,1,0.6224042722421821
116,4,0,0,0,0,0,0,0,0,0,0,0.21967646595194706
117,2,0,0,0,0,0,0,0,0,0,0,0.1541057737924521
118,1,0,0,0,0,0,0,0,0,0,0,0.12069624131424003
119,0,0,0,0,0,0,0,0,0,0,0,0.5269857137641797
120,3,0,0,0,0,0,0,0,0,0,0,0.14762609339607055
121,1,0,0,0,0,0,0,0,0,0,0,0.14302589574426133
122,1,0,0,0,0,0,0,0,0,0,0,0.1801162430486988
123,4,0,0,0,0,0,0,0,0,0,0,0.1904006348041168
124,2,1,1,1,1,1,1,1,1,1,1,0.8779311743681393
125,1,0,0,0,0,0,0,0,0,0,0,0.21115881791028643
126,2,1,1,1,1,1,1,1,1,1,1,0.8508608282005602
127,0,0,0,0,0,0,0,0,0,0,0,0.18870978097311603
128,1,1,0,0,0,0,0,0,0,0,0,0.17689275628532064
129,0,1,1,1,1,1,1,1,1,1,1,0.8547299622968704
130,2,0,0,0,0,0,0,0,0,0,0,0.1599715053606212
131,2,0,0,0,0,0,0,0,0,0,0,0.16596440831048123
132,0,0,0,0,0,0,0,0,0,0,0,0.1859221990141121
133,4,0,0,1,1,0,0,0,0,0,0,0.4351357651906161
134,4,1,1,1,1,1,1,1,1,1,1,0.8692553487851017
135,0,0,0,0,0,0,0,0,0,0,0,0.19576583043800105
136,2,0,0,0,0,0,0,0,0,0,0,0.18148878108567895
137,4,1,1,1,1,1,1,1,1,1,1,0.8877919414743678
138,4,0,0,0,0,0,0,0,0,0,0,0.36427384801088514
139,4,0,0,0,0,0,0,0,0,0,0,0.18546419636003372
140,4,0,0,0,0,0,0,0,0,0,0,0.4608775233911863
141,4,0,0,1,0,1,1,1,0,0,0,0.20238486817686557
142,0,1,1,1,1,1,1,1,1,1,1,0.6074259178815969
143,4,1,1,1,1,1,1,1,1,1,1,0.6365891986917492
144,0,0,0,0,0,0,0,0,0,0,0,0.19211058773615503
145,3,0,0,0,0,0,0,0,0,0,0,0.1999245729429156
146,2,0,0,0,0,0,0,0,0,0,0,0.2080467816480487
147,0,1,0,0,0,0,0,0,0,0,0,0.17307543737817704
148,0,0,0,0,0,0,0,0,0,0,0,0.1387882105390349
149,0,0,0,0,0,0,0,0,0,0,0,0.22660070060858703
150,2,0,0,0,0,0,0,0,0,0,0,0.2017832606993062
151,0,0,0,0,0,0,0,0,0,0,0,0.2094354154452893
152,3,1,1,1,1,1,1,1,1,1,1,0.8751345939015032
153,3,0,0,0,0,0,0,0,0,0,0,0.16959403904834036
154,0,0,0,0,0,0,0,0,0,0,0,0.180003885093324
155,1,0,0,0,0,0,0,0,0,0,0,0.15457872855233062
156,0,0,0,0,0,0,0,0,0,0,0,0.24280396098837917
157,2,1,1,1,1,1,1,1,1,1,1,0.7879306815854646
158,3,0,0,0,0,0,0,0,0,0,0,0.18000024159926128
159,1,0,0,0,0,0,0,0,0,0,0,0.18435327230548998
160,1,0,0,0,0,0,0,0,0,0,0,0.12542147345738427
161,4,0,0,0,0,0,0,0,0,0,0,0.17402222279806398
162,4,1,1,1,1,1,1,1,1,1,1,0.8485808988306331
163,1,0,0,0,0,0,0,0,0,0,0,0.18283199236699146
164,3,0,0,0,0,0,0,0,0,0,0,0.1768641183913176
165,0,0,0,0,0,0,0,0,0,0,0,0.13401518965181225
166,3,1,1,1,1,1,1,1,1,1,1,0.8330229776870164
167,2,1,1,1,1,1,1,1,1,1,1,0.9092101853849704
168,2,0,0,0,0,0,0,0,0,0,0,0.13871415790942812
169,4,0,0,0,0,0,0,0,0,0,0,0.2325341079834817
170,1,0,0,0,0,0,0,0,0,0,0,0.3331976194813891
171,0,0,0,0,0,0,0,0,0,0,0,0.2504920189073643
172,3,0,0,0,0,0,0,0,0,0,0,0.13561496558562972
173,2,1,1,1,1,1,1,1,1,1,1,0.8794218063989505
174,0,0,0,0,0,0,0,0,0,0,0,0.2290101157716313
175,0,0,0,0,0,0,0,0,0,0,0,0.32761204276681644
176,4,0,0,0,0,0,0,0,0,0,0,0.17972082652897528
177,0,0,0,0,0,0,0,0,0,0,0,0.13393903679807706
178,0,0,1,1,1,1,1,1,1,1,1,0.8972525887659087
179,4,0,0,0,0,0,0,0,0,0,0,0.18530967196489762
180,3,0,0,0,0,0,0,0,0,0,0,0.1612928218036742
181,3,0,0,0,0,0,0,0,0,0,0,0.1430735455448393
182,4,0,0,0,0,0,0,0,0,0,0,0.2071828184411427
183,2,0,1,0,1,0,0,0,1,1,1,0.8080129336217445
184,4,1,1,1,1,1,1,1,1,1,1,0.866869085415543
185,4,1,1,1,1,1,1,1,1,1,1,0.8314160100325371
186,4,0,0,0,0,0,0,0,0,0,0,0.33324865784775776
187,1,1,1,1,1,1,1,1,1,1,1,0.7181461284821636
188,4,1,0,0,0,0,0,0,0,0,0,0.2388766800717706
189,3,0,0,0,0,0,0,0,0,0,0,0.1706993025772087
190,4,0,0,0,0,0,0,0,0,0,0,0.17861058583370396
191,3,1,1,1,1,1,1,1,1,1,1,0.8692583253147581
192,3,0,0,0,0,0,0,0,0,0,0,0.201516640094167
193,1,1,0,1,1,0,0,0,0,0,0,0.5520041053456057
194,1,1,1,1,1,1,1,1,1,1,1,0.8525673213310692
195,2,1,1,1,1,1,1,1,1,1,1,0.8773817626790175
196,3,1,1,1,1,1,1,1,1,1,1,0.909670563779108
197,1,0,0,0,0,0,0,0,0,0,0,0.18089403104748167
198,3,0,0,0,0,0,0,0,0,0,0,0.17304536044727217
199,2,1,1,1,1,1,1,1,1,1,1,0.7847830409205405
200,3,0,1,1,1,1,1,1,1,1,1,0.865035641624195
201,3,0,0,0,0,0,0,0,0,0,0,0.18191181033822632
202,2,0,0,0,0,0,0,0,0,0,0,0.1338706119202501
203,3,0,0,0,0,0,0,0,0,0,0,0.16708060533198743
204,0,0,0,0,0,0,0,0,0,0,0,0.1867365034564173
205,2,1,0,0,0,0,0,0,0,0,0,0.17341970560560727
206,2,0,0,1,0,1,1,1,0,0,0,0.23157246627245717
207,4,0,0,0,0,0,0,0,0,0,0,0.1708387596040404
208,0,1,0,0,0,0,0,0,0,0,0,0.1431984943991855
209,2,1,1,1,1,1,1,1,1,1,1,0.7884588008234499
210,3,1,0,0,0,0,0,0,0,0,0,0.39604240963013265
211,3,0,0,0,0,0,0,0,0,0,0,0.171415961565023
212,4,1,1,1,1,1,1,1,1,1,1,0.8199563579915121
213,1,0,0,0,0,0,0,0,0,0,0,0.17763550740389297
214,1,0,0,0,0,0,0,0,0,0,0,0.2024950189245869
215,3,0,0,0,0,0,0,0,0,0,0,0.17706634179592942
216,3,1,1,1,1,1,1,1,1,1,1,0.8812174063184537
217,4,1,0,0,0,0,0,0,0,0,0,0.4239996927866688
218,2,0,0,0,0,0,0,0,0,0,0,0.1759048844219
219,1,1,1,1,1,1,1,1,1,1,1,0.9082288447543232
220,2,0,0,0,0,0,0,0,0,0,0,0.15875190410873172
221,3,1,0,0,0,0,0,0,0,0,0,0.17902003072550135
222,1,0,0,0,0,0,0,0,0,0,0,0.20030024819699718
223,4,0,0,0,0,0,0,0,0,0,0,0.1791986139719523
224,2,0,0,0,0,0,0,0,0,0,0,0.1646364134554535
225,1,1,0,0,0,0,0,0,0,0,0,0.27100968870833547
226,4,0,0,0,0,0,0,0,0,0,0,0.1838652278088223
227,2,1,0,0,0,0,0,0,0,0,0,0.17749579388037642
228,3,0,0,0,0,0,0,0,0,0,0,0.17208976907041806
229,2,0,0,0,0,0,0,0,0,0,0,0.18467914847385475
230,2,0,0,0,0,0,0,0,0,0,0,0.1380741371120349
231,2,1,1,1,1,1,1,1,1,1,1,0.8831025236746369
232,3,0,0,0,0,0,0,0,0,0,0,0.17781181604236948
233,2,0,0,0,0,0,0,0,0,0,0,0.16885960309007084
234,3,1,1,0,1,0,0,0,1,1,1,0.5154943693028031
235,4,0,0,0,0,0,0,0,0,0,0,0.18750635645307887
236,0,0,1,1,1,1,1,1,1,1,1,0.6205746500890149
237,3,0,0,0,0,0,0,0,0,0,0,0.17019413760623528
238,4,1,1,1,1,1,1,1,1,1,1,0.8741989533205305
239,0,0,0,0,0,0,0,0,0,0,0,0.20192122692705378
240,4,0,0,0,0,0,0,0,0,0,0,0.1853898020750869
241,2,0,0,1,0,1,1,1,0,0,0,0.18172129994884398
242,2,1,1,1,1,1,1,1,1,1,1,0.7663671020172427
243,3,0,0,0,0,0,0,0,0,0,0,0.18700321013255397
244,4,0,0,0,0,0,0,0,0,0,0,0.20331961424811146
245,2,0,0,0,0,0,0,0,0,0,0,0.15114045897291664
246,4,0,1,1,1,1,1,1,1,1,1,0.7015565529266821
247,1,0,0,1,1,0,0,0,0,0,0,0.6300488072630505
248,1,1,1,1,1,1,1,1,1,1,1,0.8733431552186116
249,1,1,0,0,0,0,0,0,0,0,0,0.3075291947672363
250,0,0,0,0,0,0,0,0,0,0,0,0.1379153130242953
251,2,0,0,0,0,0,0,0,0,0,0,0.16734900483459703
252,0,0,0,1,0,1,1,1,0,0,0,0.174605448973011
253,3,0,0,0,0,0,0,0,0,0,0,0.25485436365867586
254,4,0,0,0,0,0,0,0,0,0,0,0.13989354864696243
255,4,0,0,1,0,1,1,1,0,0,0,0.36277391569042533
256,4,1,1,1,1,1,1,1,1,1,1,0.6571813954572631
257,3,1,1,1,1,1,1,1,1,1,1,0.897863059089344
258,1,1,1,1,1,1,1,1,1,1,1,0.9095886031578944
259,4,1,1,1,1,1,1,1,1,1,1,0.8994842277644269
260,4,1,1,1,1,1,1,1,1,1,1,0.8737767316983678
261,3,0,0,0,0,0,0,0,0,0,0,0.1752965956432125
262,4,1,0,0,0,0,0,0,0,0,0,0.40653997622029037
263,2,0,0,0,0,0,0,0,0,0,0,0.27190596587101046
264,1,0,0,0,0,0,0,0,0,0,0,0.2099101728395558
265,1,0,1,1,1,1,1,1,1,1,1,0.7907386930731325
266,2,0,0,0,0,0,0,0,0,0,0,0.1742501714207441
267,3,0,0,0,0,0,0,0,0,0,0,0.12807234686818075
268,1,1,0,0,0,0,0,0,0,0,0,0.17214586213386993
269,4,1,1,1,1,1,1,1,1,1,1,0.8729181823869496
270,2,1,1,1,1,1,1,1,1,1,1,0.9008899402688456
271,1,0,0,0,0,0,0,0,0,0,0,0.24694617778837138
272,4,1,0,0,0,0,0,0,0,0,0,0.13981383882294413
273,2,1,1,1,1,1,1,1,1,1,1,0.8758908805738761
274,0,0,0,0,0,0,0,0,0,0,0,0.42296635312876535
275,3,1,1,1,1,1,1,1,1,1,1,0.7767404365166501
276,4,1,1,1,1,1,1,1,1,1,1,0.9002358718163558
277,1,0,0,1,1,0,0,0,0,0,0,0.5271224871414173
278,2,0,0,0,0,0,0,0,0,0,0,0.15237892975370423
279,1,0,0,0,0,0,0,0,0,0,0,0.12211037183441652
280,2,1,0,0,0,0,0,0,0,0,0,0.45091244708339195
281,3,0,0,0,0,0,0,0,0,0,0,0.16751793766060452
282,1,0,0,0,0,0,0,0,0,0,0,0.16445306226900797
283,0,0,0,0,0,0,0,0,0,0,0,0.18980970933518843
284,0,1,0,0,0,0,0,0,0,0,0,0.1891715947157926
285,2,0,0,0,0,0,0,0,0,0,0,0.3287050602660337
286,0,0,0,0,0,0,0,0,0,0,0,0.19398972541387832
287,0,1,0,0,0,0,0,0,0,0,0,0.18926170466360911
288,0,0,0,0,0,0,0,0,0,0,0,0.18411552528962466
289,1,1,0,0,0,0,0,0,0,0,0,0.18830305475788964
290,1,1,1,1,1,1,1,1,1,1,1,0.7486910341831955
291,0,1,1,1,1,1,1,1,1,1,1,0.8757128018404751
292,4,1,1,1,1,1,1,1,1,1,1,0.8960944149025877
293,2,0,0,0,0,0,0,0,0,0,0,0.27172734944279175
294,0,0,1,1,1,1,1,1,1,1,1,0.4690962059373023
295,2,0,0,0,0,0,0,0,0,0,0,0.16883321159633352
296,4,0,0,0,0,0,0,0,0,0,0,0.24996901459432017
297,2,0,0,0,0,0,0,0,0,0,0,0.17407772087467843
298,4,0,1,1,1,1,1,1,1,1,1,0.8872148888253376
299,2,1,0,0,0,0,0,0,0,0,0,0.3055003752582393
300,3,1,1,1,1,1,1,1,1,1,1,0.8706953075392737
301,1,1,1,1,1,1,1,1,1,1,1,0.843468596049233
302,3,1,0,0,0,0,0,0,0,0,0,0.17187564994128426
303,4,0,0,0,0,0,0,0,0,0,0,0.12757151550863796
304,4,1,1,1,1,1,1,1,1,1,1,0.8823310409550241
305,0,0,0,0,0,0,0,0,0,0,0,0.18558650013593975
306,1,1,0,1,0,1,1,1,0,0,0,0.19627725942854482
307,0,1,1,1,1,1,1,1,1,1,1,0.8963533628947965
308,4,1,1,1,1,1,1,1,1,1,1,0.8776035507277974
309,1,0,0,0,0,0,0,0,0,0,0,0.19309368024088575
310,1,1,1,1,1,1,1,1,1,1,1,0.9081110048374521
311,1,1,1,1,1,1,1,1,1,1,1,0.8728264658569485
312,4,1,1,1,1,1,1,1,1,1,1,0.8720482741187042
313,2,0,1,1,1,1,1,1,1,1,1,0.8913361482646951
314,0,0,0,0,0,0,0,0,0,0,0,0.18739772643408187
315,0,0,0,0,0,0,0,0,0,0,0,0.19130006104050054
316,1,1,0,1,1,0,0,0,0,0,0,0.5505130217150213
317,1,1,1,1,1,1,1,1,1,1,1,0.8133669414179793
318,2,0,0,0,0,0,0,0,0,0,0,0.19392438985734248
319,2,1,1,1,1,1,1,1,1,1,1,0.8835819490779767
320,2,1,1,1,1,1,1,1,1,1,1,0.9055384065902232
321,2,0,0,0,0,0,0,0,0,0,0,0.16459451924909368
322,2,0,0,0,0,0,0,0,0,0,0,0.1752292254462719
323,0,1,1,1,1,1,1,1,1,1,1,0.8745598418799123
324,4,1,1,1,1,1,1,1,1,1,1,0.8724917878731595
325,0,0,0,0,0,0,0,0,0,0,0,0.13424599516155186
326,4,1,1,1,1,1,1,1,1,1,1,0.8913634373599861
327,1,0,0,0,0,0,0,0,0,0,0,0.1705610183352932
328,3,1,1,1,1,1,1,1,1,1,1,0.8824760689277842
329,4,1,1,1,1,1,1,1,1,1,1,0.7532102220330942
330,2,1,1,1,1,1,1,1,1,1,1,0.8887010603107571
331,3,1,1,1,1,1,1,1,1,1,1,0.7117644533892197
332,0,0,0,0,0,0,0,0,0,0,0,0.2924459357173783
333,2,0,0,0,0,0,0,0,0,0,0,0.3403271447929932
334,2,0,0,0,0,0,0,0,0,0,0,0.13427575421094426
335,3,1,1,1,1,1,1,1,1,1,1,0.8589576173465401
336,0,0,0,0,0,0,0,0,0,0,0,0.18206019416941147
337,0,0,0,0,0,0,0,0,0,0,0,0.46759550102802405
338,1,1,1,1,1,1,1,1,1,1,1,0.906123936689388
339,3,1,0,0,0,0,0,0,0,0,0,0.17122408334253858
340,3,0,0,0,0,0,0,0,0,0,0,0.30800734200606283
341,4,1,1,1,1,1,1,1,1,1,1,0.8658911586115186
342,0,1,1,1,1,1,1,1,1,1,1,0.8519344553313993
343,3,0,0,0,0,0,0,0,0,0,0,0.1892933211435722
344,0,0,0,0,0,0,0,0,0,0,0,0.1943396210568133
345,2,0,0,0,0,0,0,0,0,0,0,0.18252743701214122
346,0,1,1,1,1,1,1,1,1,1,1,0.8658589070777168
347,3,1,1,1,1,1,1,1,1,1,1,0.7590511389814287
348,0,1,1,1,1,1,1,1,1,1,1,0.5603319002042363
349,0,1,1,1,1,1,1,1,1,1,1,0.8447121928243396
350,2,0,0,0,0,0,0,0,0,0,0,0.16984088412829798
351,0,0,0,0,0,0,0,0,0,0,0,0.1845864545558533
352,1,0,0,0,0,0,0,0,0,0,0,0.34237851921786217
353,4,0,0,0,0,0,0,0,0,0,0,0.1925548230724359
354,1,0,0,0,0,0,0,0,0,0,0,0.11771002194363056
355,4,0,0,0,0,0,0,0,0,0,0,0.18267643874012846
356,2,0,0,0,0,0,0,0,0,0,0,0.17557299908905313
357,3,1,1,1,1,1,1,1,1,1,1,0.9123430948125921
358,0,0,1,1,1,1,1,1,1,1,1,0.8592996795314797
359,1,1,1,1,1,1,1,1,1,1,1,0.7283656855574256
360,1,1,1,1,1,1,1,1,1,1,1,0.7283656855574256
361,2,0,0,0,0,0,0,0,0,0,0,0.12991295109993584
362,2,0,0,0,0,0,0,0,0,0,0,0.18670228736101435
363,0,0,0,0,0,0,0,0,0,0,0,0.16151457839397257
364,0,0,0,0,0,0,0,0,0,0,0,0.18517711292618183
365,1,0,0,0,0,0,0,0,0,0,0,0.17665145765971446
366,0,0,0,0,0,0,0,0,0,0,0,0.18958718086135615
367,3,1,1,1,1,1,1,1,1,1,1,0.8986313491466994
368,1,1,1,1,1,1,1,1,1,1,1,0.7092685773162651
369,4,1,1,1,1,1,1,1,1,1,1,0.7500149983859985
370,0,1,1,1,1,1,1,1,1,1,1,0.9006980139772469
371,3,1,1,1,1,1,1,1,1,1,1,0.6524616988641059
372,0,0,0,0,0,0,0,0,0,0,0,0.1848383934615625
373,0,0,0,0,0,0,0,0,0,0,0,0.18632677972117553
374,1,0,0,0,0,0,0,0,0,0,0,0.3952461513518502
375,4,0,0,0,0,0,0,0,0,0,0,0.16365245421904306
376,2,1,1,1,1,1,1,1,1,1,1,0.8821741775457447
377,4,1,1,1,1,1,1,1,1,1,1,0.5423205780965991
378,1,0,0,0,0,0,0,0,0,0,0,0.3471956397585941
379,3,0,0,0,0,0,0,0,0,0,0,0.17332022378056622
380,1,0,0,0,0,0,0,0,0,0,0,0.18504003657129323
381,1,1,1,1,1,1,1,1,1,1,1,0.9015346789056171
382,0,1,1,1,1,1,1,1,1,1,1,0.8166902413597165
383,2,0,0,0,0,0,0,0,0,0,0,0.2436432091716642
384,0,1,1,1,1,1,1,1,1,1,1,0.8597731576421693
385,1,0,0,0,0,0,0,0,0,0,0,0.18025414531751924
386,1,0,0,0,0,0,0,0,0,0,0,0.1752846521651349
387,2,0,0,0,0,0,0,0,0,0,0,0.14534296755760054
388,4,1,1,1,1,1,1,1,1,1,1,0.7986701477165175
389,3,0,0,0,0,0,0,0,0,0,0,0.17498073774829465
390,1,1,1,1,1,1,1,1,1,1,1,0.883689593677899
391,4,1,0,0,0,0,0,0,0,0,0,0.3431582446552772
392,3,1,0,0,0,0,0,0,0,0,0,0.17243985107678964
393,1,0,0,0,0,0,0,0,0,0,0,0.17689386647570968
394,1,1,1,1,1,1,1,1,1,1,1,0.877943417874306
395,0,1,1,1,1,1,1,1,1,1,1,0.8456902104352211
396,1,0,0,0,0,0,0,0,0,0,0,0.18205750000357243
397,3,0,1,1,1,1,1,1,1,1,1,0.5580704442517492
398,3,0,0,0,0,0,0,0,0,0,0,0.15958608732122373
399,2,0,0,0,0,0,0,0,0,0,0,0.21676657671899632
400,0,1,1,1,1,1,1,1,1,1,1,0.8713668389512741
401,1,1,0,0,0,0,0,0,0,0,0,0.18020474143096615
402,2,0,0,0,0,0,0,0,0,0,0,0.16965300139160222
403,4,0,0,0,0,0,0,0,0,0,0,0.19951573701596292
404,4,0,0,0,0,0,0,0,0,0,0,0.17836840807729593
405,1,0,1,1,1,1,1,1,1,1,1,0.5344400338590107
406,3,0,0,0,0,0,0,0,0,0,0,0.17254181762598636
407,0,0,0,0,0,0,0,0,0,0,0,0.18048178572951382
408,0,1,1,1,1,1,1,1,1,1,1,0.8649690724826451
409,3,0,0,0,0,0,0,0,0,0,0,0.17268293235130316
410,2,0,0,0,0,0,0,0,0,0,0,0.1380741371120349
411,1,0,0,0,0,0,0,0,0,0,0,0.18025414531751924
412,1,0,0,0,0,0,0,0,0,0,0,0.1338061052032428
413,0,1,1,1,1,1,1,1,1,1,1,0.8674679147798613
414,2,0,0,0,0,0,0,0,0,0,0,0.15237892975370423
415,1,1,0,0,0,0,0,0,0,0,0,0.1796079198433837
416,3,0,1,1,1,1,1,1,1,1,1,0.694062041011253
417,0,1,1,1,1,1,1,1,1,1,1,0.8723828617016797
418,3,1,1,1,1,1,1,1,1,1,1,0.8779874909330303
419,2,0,0,0,0,0,0,0,0,0,0,0.21348443720161595
420,1,0,0,1,0,1,1,1,0,0,0,0.16165907432965218
421,1,0,0,0,0,0,0,0,0,0,0,0.1941798963722203
422,4,0,0,0,0,0,0,0,0,0,0,0.18842419922312292
423,3,0,0,0,0,0,0,0,0,0,0,0.17774545030883238
424,4,0,0,1,0,1,1,1,0,0,0,0.4395099903539326
425,3,0,0,0,0,0,0,0,0,0,0,0.13301839759094228
426,0,0,0,0,0,0,0,0,0,0,0,0.1881400010715108
427,0,1,1,1,1,1,1,1,1,1,1,0.8700438044279355
428,3,1,1,1,1,1,1,1,1,1,1,0.8750614623681455
429,3,0,0,0,0,0,0,0,0,0,0,0.1752965956432125
430,0,1,0,0,0,0,0,0,0,0,0,0.2303860282110772
431,1,1,0,0,0,0,0,0,0,0,0,0.3823084910636576
432,4,1,0,1,0,1,1,1,0,0,0,0.4091410618546426
433,4,1,1,1,1,1,1,1,1,1,1,0.8339359562865887
434,0,0,0,0,0,0,0,0,0,0,0,0.22467250233686603
435,3,0,0,0,0,0,0,0,0,0,0,0.3684522555310842
436,0,1,1,1,1,1,1,1,1,1,1,0.8837779612996632
437,4,0,0,0,0,0,0,0,0,0,0,0.15317815436482987
438,4,1,1,1,1,1,1,1,1,1,1,0.8415314872137326
439,1,0,0,0,0,0,0,0,0,0,0,0.19417892562862
440,2,0,0,0,0,0,0,0,0,0,0,0.17463373450791023
441,0,1,1,1,1,1,1,1,1,1,1,0.8411608410751293
442,3,0,0,0,0,0,0,0,0,0,0,0.17539862953457055
443,3,0,0,0,0,0,0,0,0,0,0,0.195916885346427
444,3,1,1,1,1,1,1,1,1,1,1,0.8264637314995238
445,3,1,0,0,0,0,0,0,0,0,0,0.1718628138067888
446,1,1,1,1,1,1,1,1,1,1,1,0.8869106475706287
447,1,1,1,1,1,1,1,1,1,1,1,0.8622295546219356
448,4,1,0,0,0,0,0,0,0,0,0,0.26400077887972984
449,0,1,1,1,1,1,1,1,1,1,1,0.8542276289224191
450,0,1,0,0,0,0,0,0,0,0,0,0.3194863980412907
451,4,0,0,0,0,0,0,0,0,0,0,0.16736573566183688
452,3,0,0,0,0,0,0,0,0,0,0,0.17726681660561203
453,2,0,0,0,0,0,0,0,0,0,0,0.441943438296692
454,3,1,0,0,0,0,0,0,0,0,0,0.28386613985896864
455,3,0,0,0,0,0,0,0,0,0,0,0.17166772001230324
456,2,1,0,0,0,0,0,0,0,0,0,0.16901392041461158
457,4,0,0,0,0,0,0,0,0,0,0,0.37130882634753304
458,3,1,1,1,1,1,1,1,1,1,1,0.9032084901471137
459,3,1,1,1,1,1,1,1,1,1,1,0.7080260729120527
460,3,0,0,0,0,0,0,0,0,0,0,0.1752965956432125
461,2,1,0,0,0,0,0,0,0,0,0,0.310086174360887
462,0,0,0,0,0,0,0,0,0,0,0,0.18950923583873228
463,1,0,0,0,0,0,0,0,0,0,0,0.41156823189376995
464,2,0,0,0,0,0,0,0,0,0,0,0.17212260191980094
465,2,0,0,0,0,0,0,0,0,0,0,0.164620376272666
466,0,0,0,0,0,0,0,0,0,0,0,0.18419580274499409
467,1,0,0,0,0,0,0,0,0,0,0,0.14933706409799433
468,2,0,0,0,0,0,0,0,0,0,0,0.20884899076748925
469,4,0,0,0,0,0,0,0,0,0,0,0.18270971745204584
470,0,1,1,1,1,1,1,1,1,1,1,0.8559124619712092
471,2,0,0,0,0,0,0,0,0,0,0,0.16734900483459703
472,3,0,0,0,0,0,0,0,0,0,0,0.17346950277800893
473,1,1,1,1,1,1,1,1,1,1,1,0.8577976903875746
474,0,1,1,1,1,1,1,1,1,1,1,0.8893772714431406
475,1,0,1,1,1,1,1,1,1,1,1,0.6760421781753874
476,2,0,0,0,0,0,0,0,0,0,0,0.2799366335192823
477,3,0,0,0,0,0,0,0,0,0,0,0.17254181762598636
478,0,0,0,0,0,0,0,0,0,0,0,0.1672618242219643
479,3,0,0,0,0,0,0,0,0,0,0,0.1710607067226816
480,2,1,1,1,1,1,1,1,1,1,1,0.7539594828723231
481,1,0,0,0,0,0,0,0,0,0,0,0.12580695354625665
482,2,0,0,0,0,0,0,0,0,0,0,0.15948877074392234
483,1,0,0,0,0,0,0,0,0,0,0,0.17576440942507854
484,0,1,0,0,0,0,0,0,0,0,0,0.41479215355215887
485,4,1,0,0,0,0,0,0,0,0,0,0.4782269459023196
486,4,0,0,0,0,0,0,0,0,0,0,0.14903349964353282
487,4,1,1,1,1,1,1,1,1,1,1,0.8916895097167586
488,1,0,0,0,0,0,0,0,0,0,0,0.33045023191453626
489,3,0,0,0,0,0,0,0,0,0,0,0.18003765134718247
490,1,1,1,1,1,1,1,1,1,1,1,0.7996435742669737
491,3,0,0,0,0,0,0,0,0,0,0,0.17726681660561203
492,1,0,0,0,0,0,0,0,0,0,0,0.17917844420578327
493,3,0,0,0,0,0,0,0,0,0,0,0.2596313234860584
494,0,0,0,0,0,0,0,0,0,0,0,0.23483338817807528
495,1,0,0,0,0,0,0,0,0,0,0,0.18163049692796707
496,2,0,0,0,0,0,0,0,0,0,0,0.14916526698126203
497,3,1,1,1,1,1,1,1,1,1,1,0.8871087041755001
498,4,0,0,0,0,0,0,0,0,0,0,0.18477598755666857
499,0,0,1,1,1,1,1,1,1,1,1,0.8680606923078109
500,4,0,0,0,0,0,0,0,0,0,0,0.1779256080167595
501,2,0,0,0,0,0,0,0,0,0,0,0.16897485475405777
502,3,0,1,1,1,1,1,1,1,1,1,0.7349878109482727
503,1,0,1,1,1,1,1,1,1,1,1,0.7879854017025075
504,1,0,0,1,1,0,0,0,0,0,0,0.6244832354393182
505,3,1,1,1,1,1,1,1,1,1,1,0.9129237806731355
506,1,0,0,0,0,0,0,0,0,0,0,0.4289016882868937
507,4,1,1,1,1,1,1,1,1,1,1,0.8672014869712307
508,0,1,0,0,0,0,0,0,0,0,0,0.27862912289937447
509,2,0,0,0,0,0,0,0,0,0,0,0.1638410737821421
510,3,1,0,0,0,0,0,0,0,0,0,0.3132955905431713
511,2,1,0,0,0,0,0,0,0,0,0,0.166932122176283
512,4,0,0,0,0,0,0,0,0,0,0,0.19072601822031032
513,4,1,1,1,1,1,1,1,1,1,1,0.6309477428732796
514,1,1,1,1,1,1,1,1,1,1,1,0.9027380718739907
515,3,0,0,0,0,0,0,0,0,0,0,0.17261050701364247
516,3,0,0,0,0,0,0,0,0,0,0,0.37960960379287007
517,4,1,1,1,1,1,1,1,1,1,1,0.8659115961401331
518,4,0,0,0,0,0,0,0,0,0,0,0.20376545271986726
519,0,1,1,1,1,1,1,1,1,1,1,0.8681855448700182
520,4,0,0,0,0,0,0,0,0,0,0,0.18115811435247614
521,4,1,1,1,1,1,1,1,1,1,1,0.893720754802489
522,2,0,0,0,0,0,0,0,0,0,0,0.16819925407288608
523,1,0,0,0,0,0,0,0,0,0,0,0.1882744339789872
524,0,1,1,1,1,1,1,1,1,1,1,0.8909939132523516
525,3,0,0,0,0,0,0,0,0,0,0,0.1760705170114398
526,2,0,0,0,0,0,0,0,0,0,0,0.16109602260212574
527,4,1,1,1,1,1,1,1,1,1,1,0.6519938575850243
528,4,0,0,0,0,0,0,0,0,0,0,0.38397422562553557
529,1,0,0,0,0,0,0,0,0,0,0,0.17834864642854217
530,1,0,0,0,0,0,0,0,0,0,0,0.13406834731561382
531,3,1,1,1,1,1,1,1,1,1,1,0.8747424242194453
532,4,0,0,0,0,0,0,0,0,0,0,0.18304763980301678
533,2,0,0,0,0,0,0,0,0,0,0,0.15834155658655005
534,4,1,1,1,1,1,1,1,1,1,1,0.8217073769063927
535,3,0,0,1,0,0,0,0,0,0,0,0.4832983488522772
536,0,1,1,1,1,1,1,1,1,1,1,0.8843632451065548
537,4,0,1,0,1,1,1,1,1,1,1,0.6182481223913796
538,3,1,1,1,1,1,1,1,1,1,1,0.8806871358927306
539,3,0,0,0,0,0,0,0,0,0,0,0.1701157291681616
540,0,1,1,1,1,1,1,1,1,1,1,0.8991644601099317
541,3,1,1,1,1,1,1,1,1,1,1,0.8709359767354821
542,3,0,0,0,0,0,0,0,0,0,0,0.14470564949523132
543,3,0,0,0,0,0,0,0,0,0,0,0.14449889702204413
544,3,1,0,0,0,0,0,0,0,0,0,0.13983629044331208
545,2,0,0,0,0,0,0,0,0,0,0,0.29938864407573706
546,3,0,0,0,0,0,0,0,0,0,0,0.21088073907349722
547,2,1,1,1,1,1,1,1,1,1,1,0.8763677616092054
548,2,1,0,0,0,0,0,0,0,0,0,0.18081738710583287
549,3,0,0,0,0,0,0,0,0,0,0,0.13643717458133173
550,0,1,1,1,1,1,1,1,1,1,1,0.8149517960491677
551,0,1,0,0,0,0,0,0,0,0,0,0.4029792753990869
552,3,0,0,0,0,0,0,0,0,0,0,0.18064234223271894
553,1,0,0,0,0,0,0,0,0,0,0,0.18304968525930893
554,3,1,0,0,0,0,0,0,0,0,0,0.1760811053204243
555,4,1,1,1,1,1,1,1,1,1,1,0.5522702965337143
556,1,0,0,0,0,0,0,0,0,0,0,0.25089264117987464
557,2,1,1,1,1,1,1,1,1,1,1,0.8688587128727178
558,3,0,0,0,0,0,0,0,0,0,0,0.34210882760114286
559,0,1,1,1,1,1,1,1,1,1,1,0.8829116614616332
560,2,1,1,1,1,1,1,1,1,1,1,0.6291422649403048
561,4,0,0,0,0,0,0,0,0,0,0,0.18397026655100768
562,4,0,0,0,0,0,0,0,0,0,0,0.17749911154764583
563,2,0,0,0,0,0,0,0,0,0,0,0.18574054752012303
564,1,0,0,0,0,0,0,0,0,0,0,0.18022723720376582
565,4,0,0,0,0,0,0,0,0,0,0,0.46517052536601416
566,2,0,0,0,0,0,0,0,0,0,0,0.15098048691182964
567,2,0,0,0,0,0,0,0,0,0,0,0.16879247811992848
568,3,0,0,0,0,0,0,0,0,0,0,0.15059142253432073
569,1,0,0,0,0,0,0,0,0,0,0,0.19331394485853406
570,2,1,0,0,0,0,0,0,0,0,0,0.16439067331084387
571,2,1,0,0,0,0,0,0,0,0,0,0.15085873115373247
572,3,1,1,1,1,1,1,1,1,1,1,0.8833078778585466
573,1,1,1,0,0,1,1,1,1,1,1,0.6024401719569438
574,1,1,1,1,1,1,1,1,1,1,1,0.843468596049233
575,2,0,0,0,0,0,0,0,0,0,0,0.1772919797571271
576,1,0,0,0,0,0,0,0,0,0,0,0.1598499547069002
577,2,1,1,1,1,1,1,1,1,1,1,0.8388171261122437
578,0,1,1,1,1,1,1,1,1,1,1,0.8682273216591663
579,1,0,1,1,1,1,1,1,1,1,1,0.7100762905558903
580,3,1,0,0,0,0,0,0,0,0,0,0.1843425280495223
581,3,1,1,1,1,1,1,1,1,1,1,0.8375164804101137
582,2,1,1,1,1,1,1,1,1,1,1,0.8888325907267631
583,2,0,0,0,0,0,0,0,0,0,0,0.16077519617524316
584,2,0,0,0,0,0,0,0,0,0,0,0.49024644996535316
585,1,0,0,0,0,0,0,0,0,0,0,0.1971072714040885
586,3,1,1,1,1,1,1,1,1,1,1,0.8836880399234153
587,1,0,0,0,0,0,0,0,0,0,0,0.18866546070475784
588,0,1,0,0,0,0,0,0,0,0,0,0.24767742601470547
589,3,0,0,0,0,0,0,0,0,0,0,0.17298035095183478
590,2,0,0,0,0,0,0,0,0,0,0,0.16657043535704918
591,4,0,0,0,0,0,0,0,0,0,0,0.20235167124320658
592,3,1,1,1,1,1,1,1,1,1,1,0.9006005697234942
593,4,0,0,0,0,0,0,0,0,0,0,0.17311736539458927
594,3,0,1,1,1,1,1,1,1,1,1,0.7675235735786134
595,1,0,0,0,0,0,0,0,0,0,0,0.17934427203401396
596,4,0,0,0,0,0,0,0,0,0,0,0.1373406946203435
597,1,1,1,1,1,1,1,1,1,1,1,0.8885206285914397
598,2,0,0,0,0,0,0,0,0,0,0,0.15303240334089765
599,4,0,0,0,0,0,0,0,0,0,0,0.18371404920755735
600,1,1,0,0,0,0,0,0,0,0,0,0.3183817357448994
601,2,1,1,1,1,1,1,1,1,1,1,0.8917349728987692
602,4,0,0,0,0,0,0,0,0,0,0,0.17779528852850426
603,0,0,0,0,0,0,0,0,0,0,0,0.22506049490255225
604,3,0,0,0,0,0,0,0,0,0,0,0.1715601122555172
605,2,1,0,0,0,0,0,0,0,0,0,0.2868798542679641
606,3,0,0,0,0,0,0,0,0,0,0,0.1713556641413019
607,1,0,0,0,0,0,0,0,0,0,0,0.18472101538064933
608,0,1,0,0,0,0,0,0,0,0,0,0.30827405037809646
609,2,1,1,1,1,1,1,1,1,1,1,0.8841979242350401
610,1,1,1,1,1,1,1,1,1,1,1,0.9006499018563078
611,3,0,0,0,0,0,0,0,0,0,0,0.15003377047803382
612,0,0,0,0,0,0,0,0,0,0,0,0.1843150834588572
613,2,1,1,1,1,1,1,1,1,1,1,0.7663671020172427
614,1,0,0,0,0,0,0,0,0,0,0,0.18089403104748167
615,0,0,0,0,0,0,0,0,0,0,0,0.18936709158753098
616,4,1,1,1,1,1,1,1,1,1,1,0.8490165403433402
617,2,0,0,0,0,0,0,0,0,0,0,0.13089169178082896
618,0,0,1,0,1,0,0,0,1,1,1,0.5501332499155661
619,1,1,1,1,1,1,1,1,1,1,1,0.8719278020512714
620,2,0,0,0,0,0,0,0,0,0,0,0.17649802643168006
621,1,0,0,0,0,0,0,0,0,0,0,0.1468088771036748
622,2,1,0,0,0,0,0,0,0,0,0,0.37611941184077347
623,1,1,0,0,0,0,0,0,0,0,0,0.14396925605537556
624,4,0,0,0,0,0,0,0,0,0,0,0.17556655649529798
625,1,0,0,0,0,0,0,0,0,0,0,0.1606895673024277
626,0,0,0,0,0,0,0,0,0,0,0,0.3020185349258152
627,0,0,0,0,0,0,0,0,0,0,0,0.2090903126168464
628,0,1,1,1,1,1,1,1,1,1,1,0.9079758020354413
629,0,0,0,0,0,0,0,0,0,0,0,0.18273132114541218
630,1,0,0,0,0,0,0,0,0,0,0,0.18122158672199185
631,3,1,0,0,0,0,0,0,0,0,0,0.21675124202192642
632,1,0,0,0,0,0,0,0,0,0,0,0.1712831931753111
633,1,1,1,0,0,1,1,1,1,1,1,0.5533640028918645
634,4,0,0,0,0,0,0,0,0,0,0,0.16718547648274126
635,3,0,0,0,0,0,0,0,0,0,0,0.13703448830893458
636,1,1,1,1,1,1,1,1,1,1,1,0.8623402406538924
637,2,0,0,0,0,0,0,0,0,0,0,0.2436432091716642
638,0,0,0,0,0,0,0,0,0,0,0,0.20150243943868953
639,0,0,0,0,0,0,0,0,0,0,0,0.14305234998436717
640,2,0,0,0,0,0,0,0,0,0,0,0.16020613478757142
641,3,0,0,0,0,0,0,0,0,0,0,0.15999310867891245
642,0,1,1,1,1,1,1,1,1,1,1,0.9005261494260732
643,3,0,0,0,0,0,0,0,0,0,0,0.13945004479173484
644,2,1,0,0,0,0,0,0,0,0,0,0.30028092303486376
645,3,1,1,1,1,1,1,1,1,1,1,0.8562610740577552
646,2,1,0,0,0,0,0,0,0,0,0,0.28202338142893674
647,3,0,0,0,0,0,0,0,0,0,0,0.1735351495237101
648,0,1,0,0,0,0,0,0,0,0,0,0.3032207271865155
649,1,0,0,0,0,0,0,0,0,0,0,0.1774336707411551
650,3,1,1,1,1,1,1,1,1,1,1,0.637327310394139
651,4,0,0,0,0,0,0,0,0,0,0,0.17779528666971917
652,3,1,1,1,1,1,1,1,1,1,1,0.8699514210586139
653,0,0,0,0,0,0,0,0,0,0,0,0.18487819132423086
654,3,1,1,1,1,1,1,1,1,1,1,0.7790364973967441
655,4,0,1,1,1,1,1,1,1,1,1,0.7318392690994765
656,4,0,0,0,0,0,0,0,0,0,0,0.1629478067850466
657,1,0,0,0,0,0,0,0,0,0,0,0.18025414417890653
658,3,0,1,1,1,1,1,1,1,1,1,0.7683394732995549
659,2,0,0,0,0,0,0,0,0,0,0,0.17487790850939525
660,3,0,0,0,0,0,0,0,0,0,0,0.30228052051226134
661,4,1,0,0,0,0,0,0,0,0,0,0.33011322932026155
662,3,0,0,0,0,0,0,0,0,0,0,0.16963081321322465
663,2,0,0,0,0,0,0,0,0,0,0,0.29900827842501665
664,4,0,0,0,0,0,0,0,0,0,0,0.16979143996381982
665,2,1,0,0,0,0,0,0,0,0,0,0.17523331249369684
666,0,0,0,0,0,0,0,0,0,0,0,0.16100386874502545
667,2,0,0,0,0,0,0,0,0,0,0,0.17647272799981065
668,4,0,0,0,0,0,0,0,0,0,0,0.17713674258824127
669,0,0,0,0,0,0,0,0,0,0,0,0.18714632825447894
670,1,1,1,1,1,1,1,1,1,1,1,0.871769866709315
671,4,1,1,1,1,1,1,1,1,1,1,0.8081929194665685
672,2,0,0,0,0,0,0,0,0,0,0,0.36100202225330685
673,4,0,0,0,0,0,0,0,0,0,0,0.18186258579759348
674,4,1,0,0,0,0,0,0,0,0,0,0.18522056657150066
675,1,0,0,0,0,0,0,0,0,0,0,0.17543543721675453
676,4,0,0,0,0,0,0,0,0,0,0,0.18115101229286798
677,1,0,0,0,0,0,0,0,0,0,0,0.18352606609212774
678,2,1,1,0,1,1,1,1,1,1,1,0.4776131865828864
679,0,0,0,0,0,0,0,0,0,0,0,0.14286287958714253
680,1,1,0,0,0,0,0,0,0,0,0,0.3982608404811202
681,2,0,1,1,1,1,1,1,1,1,1,0.6349090907274291
682,2,1,0,0,0,0,0,0,0,0,0,0.5136147228230582
683,1,0,0,0,0,0,0,0,0,0,0,0.18673662694176626
684,0,0,0,0,0,0,0,0,0,0,0,0.13228105125194806
685,3,0,0,0,0,0,0,0,0,0,0,0.17925936578232948
686,0,0,0,0,0,0,0,0,0,0,0,0.22017609740413227
687,0,0,0,0,0,0,0,0,0,0,0,0.12688359412243183
688,3,0,0,0,0,0,0,0,0,0,0,0.17662401336115424
689,2,0,0,0,0,0,0,0,0,0,0,0.17022226115966926
690,2,1,1,1,1,1,1,1,1,1,1,0.9061718267691499
691,3,1,1,0,1,0,0,0,1,1,1,0.5230680383852631
692,1,1,1,1,1,1,1,1,1,1,1,0.8712945179106016
693,1,1,0,0,0,0,0,0,0,0,0,0.35773244103821095
694,2,0,0,0,0,0,0,0,0,0,0,0.17049142472034146
695,1,0,0,0,0,0,0,0,0,0,0,0.27819313933105766
696,1,0,0,0,0,0,0,0,0,0,0,0.1856085126453289
697,0,0,0,0,0,0,0,0,0,0,0,0.19468067994330732
698,4,1,1,1,1,1,1,1,1,1,1,0.749024724492131
699,4,0,0,0,0,0,0,0,0,0,0,0.2956923510543893
700,2,0,0,0,0,0,0,0,0,0,0,0.18241864649460113
701,2,1,1,1,1,1,1,1,1,1,1,0.8956838513703205
702,1,1,1,0,1,1,1,1,1,1,1,0.6323387249219976
703,2,0,0,1,0,1,1,1,0,0,0,0.18381161846892502
704,3,0,0,0,0,0,0,0,0,0,0,0.17601711078343257
705,2,0,0,0,0,0,0,0,0,0,0,0.14773543443229342
706,3,0,0,0,0,0,0,0,0,0,0,0.17637879058033595
707,2,1,1,1,1,1,1,1,1,1,1,0.8809383420498801
708,0,1,0,1,0,0,0,0,0,0,0,0.48932982325996677
709,0,1,1,1,1,1,1,1,1,1,1,0.8776611872605405
710,2,1,1,1,1,1,1,1,1,1,1,0.8556933731383777
711,4,1,1,1,1,1,1,1,1,1,1,0.8885652550364217
712,1,0,0,0,0,0,0,0,0,0,0,0.3514789321969457
713,2,1,0,0,0,0,0,0,0,0,0,0.22711825950484396
714,3,0,0,0,0,0,0,0,0,0,0,0.18525342288692143
715,4,0,0,0,0,0,0,0,0,0,0,0.1512229563338841
716,1,0,0,0,0,0,0,0,0,0,0,0.2069972938064761
717,2,1,1,1,1,1,1,1,1,1,1,0.8980264909240241
718,2,1,1,1,1,1,1,1,1,1,1,0.8702861913160735
719,0,0,0,0,0,0,0,0,0,0,0,0.18667783485740255
720,1,0,0,0,0,0,0,0,0,0,0,0.13551310807279104
721,2,1,1,1,1,1,1,1,1,1,1,0.8803881124379058
722,1,0,0,0,0,0,0,0,0,0,0,0.17348598311004482
723,4,0,0,0,0,0,0,0,0,0,0,0.18445506290255512
724,0,0,0,0,0,0,0,0,0,0,0,0.19109606516470973
725,0,1,1,0,0,0,0,0,0,0,0,0.6233904344122309
726,2,0,0,0,0,0,0,0,0,0,0,0.1485356433039728
727,3,1,1,1,1,1,1,1,1,1,1,0.8644831247307271
728,3,1,1,1,1,1,1,1,1,1,1,0.7741645385319911
729,3,0,0,0,0,0,0,0,0,0,0,0.17558427540181312
730,0,0,1,1,1,1,1,1,1,1,1,0.6329912282577461
731,1,1,1,1,1,1,1,1,1,1,1,0.9093100026277983
732,2,0,1,0,1,0,1,1,1,1,1,0.755517935223448
733,0,0,0,0,0,0,0,0,0,0,0,0.17935265951475632
734,1,0,0,0,0,0,0,0,0,0,0,0.19434603265595027
735,0,0,0,0,0,0,0,0,0,0,0,0.1958334221980535
736,3,0,0,0,0,0,0,0,0,0,0,0.16240890101216549
737,1,0,0,0,0,0,0,0,0,0,0,0.12936169878861048
738,0,1,1,0,0,0,1,1,0,1,1,0.5282783114722074
739,4,0,0,0,0,0,0,0,0,0,0,0.17779528666971917
740,1,0,0,0,0,0,0,0,0,0,0,0.18025414417890653
741,4,1,0,0,0,0,0,0,0,0,0,0.48447823338226687
742,3,0,0,0,0,0,0,0,0,0,0,0.5433614050017257
743,3,1,1,1,1,1,1,1,1,1,1,0.8617657470755704
744,2,0,0,0,0,0,0,0,0,0,0,0.16851123822863834
745,2,1,0,0,0,0,0,0,0,0,0,0.2264841750419784
746,4,0,0,1,0,1,1,1,0,0,0,0.45239503703489925
747,4,0,0,0,0,0,0,0,0,0,0,0.19049857928384625
748,3,1,1,1,1,1,1,1,1,1,1,0.8199594044789851
749,3,0,0,1,0,0,0,0,0,0,0,0.4927372479292238
750,2,0,0,0,0,0,0,0,0,0,0,0.16448714482010166
751,3,1,1,1,1,1,1,1,1,1,1,0.8891156387630682
752,3,1,1,1,1,1,1,1,1,1,1,0.8474947614828654
753,1,0,0,0,0,0,0,0,0,0,0,0.18564523232375224
754,1,0,0,0,0,0,0,0,0,0,0,0.18177702097347712
755,2,1,1,1,1,1,1,1,1,1,1,0.8708436749590016
756,1,1,1,1,1,1,1,1,1,1,1,0.8800287504271449
757,2,0,0,0,0,0,0,0,0,0,0,0.17044010975356036
758,4,0,0,0,0,0,0,0,0,0,0,0.19463311451200807
759,2,0,0,0,0,0,0,0,0,0,0,0.16828263568396132
760,1,1,1,1,1,1,1,1,1,1,1,0.9084787250204158
761,4,0,0,0,0,0,0,0,0,0,0,0.15856056923201176
762,4,0,0,0,0,0,0,0,0,0,0,0.1722097425149102
763,4,1,0,0,0,0,0,0,0,0,0,0.18668379716279906
764,2,1,1,1,1,1,1,1,1,1,1,0.8854790633734689
765,4,0,0,0,0,0,0,0,0,0,0,0.18898604934382499
766,0,1,1,1,1,1,1,1,1,1,1,0.9090850429626876
767,4,0,0,0,0,0,0,0,0,0,0,0.35280463483192653
768,2,0,1,1,1,1,1,1,1,1,1,0.5297190214983534
769,3,0,0,0,0,0,0,0,0,0,0,0.14253414198789363
770,2,0,0,0,0,0,0,0,0,0,0,0.17145567845003948
771,4,0,0,0,0,0,0,0,0,0,0,0.18203555593814147
772,1,0,0,0,0,0,0,0,0,0,0,0.1684385866366594
773,1,0,1,1,1,1,1,1,1,1,1,0.8932031683717988
774,0,0,0,0,0,0,0,0,0,0,0,0.17600714822620891
775,2,1,1,1,1,1,1,1,1,1,1,0.8092731982511308
776,1,0,0,0,0,0,0,0,0,0,0,0.18433591665954124
777,3,0,0,0,0,0,0,0,0,0,0,0.1962987073199092
778,1,1,1,1,1,1,1,1,1,1,1,0.870440880972282
779,1,0,0,0,0,0,0,0,0,0,0,0.1809857047378074
780,0,1,1,1,1,1,1,1,1,1,1,0.9092516866564334
781,0,1,1,1,1,1,1,1,1,1,1,0.7738067498969922
782,4,1,1,1,1,1,1,1,1,1,1,0.8809355316683849
783,4,0,1,1,1,1,1,1,1,1,1,0.5329101832441269
784,2,0,0,0,0,0,0,0,0,0,0,0.13252860706487954
785,2,0,0,0,0,0,0,0,0,0,0,0.16163933106772224
786,0,0,0,0,0,0,0,0,0,0,0,0.18504530832079227
787,4,1,1,1,1,1,1,1,1,1,1,0.5744858218759454
788,0,0,0,0,0,0,0,0,0,0,0,0.132471577429673
789,0,1,1,0,0,0,0,0,0,0,0,0.637052965388595
790,3,0,0,0,0,0,0,0,0,0,0,0.2569933455937803
791,0,0,0,0,0,0,0,0,0,0,0,0.19933730394661683
792,4,0,0,0,0,0,0,0,0,0,0,0.18024824879522164
793,3,0,0,0,0,0,0,0,0,0,0,0.14307354535533268
794,0,0,0,0,0,0,0,0,0,0,0,0.24870560133893696
795,3,0,0,0,0,0,0,0,0,0,0,0.17202584625805134
796,0,0,0,0,0,0,0,0,0,0,0,0.19575701195767445
797,0,1,1,1,1,1,1,1,1,1,1,0.8763786158952122
798,4,1,1,0,1,1,1,1,1,1,1,0.4651389639273508
799,1,0,0,0,0,0,0,0,0,0,0,0.18977802246573508
800,0,0,0,0,0,0,0,0,0,0,0,0.16107301770086127
801,3,0,0,0,0,0,0,0,0,0,0,0.15912396993437708
802,0,1,1,1,1,1,1,1,1,1,1,0.8790926855133306
803,2,1,1,1,1,1,1,1,1,1,1,0.8673766575772061
804,0,1,1,1,1,1,1,1,1,1,1,0.7725766811603761
805,3,1,0,0,0,0,0,0,0,0,0,0.16900722593880887
806,2,0,0,0,0,0,0,0,0,0,0,0.1656801844246669
807,3,0,0,0,0,0,0,0,0,0,0,0.15924110143832776
808,4,0,1,1,1,1,1,1,1,1,1,0.5748423702570559
809,4,0,0,0,0,0,0,0,0,0,0,0.16790688130300685
810,3,1,1,1,1,1,1,1,1,1,1,0.8737580240155823
811,3,0,0,0,0,0,0,0,0,0,0,0.1720182799830982
812,0,0,0,0,0,0,0,0,0,0,0,0.17090072875719553
813,3,0,0,0,0,0,0,0,0,0,0,0.1834257728807437
814,4,0,0,0,0,0,0,0,0,0,0,0.15743256260801486
815,0,0,0,0,0,0,0,0,0,0,0,0.18961701637215259
816,3,0,0,0,0,0,0,0,0,0,0,0.20196599789736347
817,2,0,1,1,1,1,1,1,1,1,1,0.6387748425605957
818,2,0,0,0,0,0,0,0,0,0,0,0.16718632409404324
819,0,0,0,0,0,0,0,0,0,0,0,0.1838853299026508
820,2,0,0,0,0,0,0,0,0,0,0,0.13401734293057993
821,4,1,1,1,1,1,1,1,1,1,1,0.8919117051835386
822,3,1,0,0,0,0,0,0,0,0,0,0.17894785055368306
823,0,0,0,0,0,0,0,0,0,0,0,0.23901127148497434
824,1,1,1,1,1,1,1,1,1,1,1,0.8330620170422578
825,3,0,0,0,0,0,0,0,0,0,0,0.13535685498834116
826,2,0,0,0,0,0,0,0,0,0,0,0.16518615292587757
827,1,0,0,0,0,0,0,0,0,0,0,0.35773244103821095
828,3,1,1,1,1,1,1,1,1,1,1,0.8353271932498622
829,1,1,0,0,0,0,0,0,0,0,0,0.1808940301911596
830,4,1,1,1,1,1,1,1,1,1,1,0.9003026602286079
831,0,1,1,0,1,0,0,0,1,1,1,0.7062160385531814
832,2,1,1,1,1,1,1,1,1,1,1,0.8710612698992701
833,2,0,0,0,0,0,0,0,0,0,0,0.16433830690861323
834,4,0,0,0,0,0,0,0,0,0,0,0.17840213884360553
835,4,0,0,0,0,0,0,0,0,0,0,0.18471100115319994
836,4,1,1,1,1,1,1,1,1,1,1,0.8954142146174277
837,4,0,0,0,0,0,0,0,0,0,0,0.18294265599365706
838,4,0,0,0,0,0,0,0,0,0,0,0.18079213033870023
839,1,1,0,0,0,0,0,0,0,0,0,0.3466607698890076
840,0,1,0,0,0,0,0,0,0,0,0,0.33170607373894706
841,2,0,0,0,0,0,0,0,0,0,0,0.16930032413275933
842,1,0,0,0,0,0,0,0,0,0,0,0.1933909541180293
843,3,1,1,1,1,1,1,1,1,1,1,0.8794757119743216
844,4,0,0,0,0,0,0,0,0,0,0,0.17605338935608073
845,4,0,0,0,0,0,0,0,0,0,0,0.18568136574874433
846,0,0,0,0,0,0,0,0,0,0,0,0.18459438750336038
847,4,0,0,0,0,0,0,0,0,0,0,0.14765149194581667
848,2,0,0,0,0,0,0,0,0,0,0,0.1655233632897223
849,0,0,0,0,0,0,0,0,0,0,0,0.2757098972732571
850,4,1,1,1,1,1,1,1,1,1,1,0.8819298547845092
851,2,0,0,0,0,0,0,0,0,0,0,0.14365579525651148
852,4,0,0,0,0,0,0,0,0,0,0,0.1740826665719349
853,1,0,0,1,0,1,1,1,0,0,0,0.17292245952240207
854,3,1,1,1,1,1,1,1,1,1,1,0.9000686400904421
855,2,0,1,1,1,1,1,1,1,1,1,0.8231598062947586
856,4,1,1,1,1,1,1,1,1,1,1,0.6408475717010406
857,0,1,1,1,1,1,1,1,1,1,1,0.8851174347438963
858,2,1,0,0,0,0,0,0,0,0,0,0.302311565424206
859,3,1,1,1,1,1,1,1,1,1,1,0.8401682489462595
860,1,0,0,0,0,0,0,0,0,0,0,0.19331394636060098
861,3,0,0,0,0,0,0,0,0,0,0,0.15438721835530655
862,3,0,0,0,0,0,0,0,0,0,0,0.19164195483899246
863,0,1,1,1,1,1,1,1,1,1,1,0.8941830290151556
864,4,0,0,0,0,0,0,0,0,0,0,0.15368452554783193
865,3,0,0,0,0,0,0,0,0,0,0,0.18740131395139134
866,3,1,1,1,1,1,1,1,1,1,1,0.8486153885364681
867,2,1,1,1,1,1,1,1,1,1,1,0.8579435075895453
868,2,0,0,0,0,0,0,0,0,0,0,0.45467422105078636
869,1,0,0,0,0,0,0,0,0,0,0,0.18506478787965946
870,2,1,1,1,1,1,1,1,1,1,1,0.8808626794597814
871,0,0,0,0,0,0,0,0,0,0,0,0.18273131997272307
872,2,1,1,1,1,1,1,1,1,1,1,0.8834339205874584
873,3,0,0,0,0,0,0,0,0,0,0,0.2598760514000987
874,0,0,0,0,0,0,0,0,0,0,0,0.18461985933191957
875,1,1,1,1,1,1,1,1,1,1,1,0.8826541326780399
876,0,1,1,1,1,1,1,1,1,1,1,0.6958738029360504
877,4,0,0,0,0,0,0,0,0,0,0,0.17795627275725223
878,3,0,0,0,0,0,0,0,0,0,0,0.17440639146198483
879,1,0,0,0,0,0,0,0,0,0,0,0.18025414417890653
880,1,1,1,1,1,1,1,1,1,1,1,0.9076106299392416
881,2,1,1,1,1,1,1,1,1,1,1,0.9040105912560543
882,4,0,0,0,0,0,0,0,0,0,0,0.17980772808202716
883,1,0,1,1,1,1,1,1,1,1,1,0.6832526177445214
884,0,0,0,0,0,0,0,0,0,0,0,0.20079102732321
885,0,0,0,0,0,0,0,0,0,0,0,0.18487642568311133
886,0,0,0,0,0,0,0,0,0,0,0,0.14912215898231876
887,2,0,0,0,0,0,0,0,0,0,0,0.22164856319062406
888,3,1,1,1,1,1,1,1,1,1,1,0.8755226127450763
889,3,0,0,1,1,1,1,1,1,1,1,0.5236745465851699
890,2,1,0,0,0,0,0,0,0,0,0,0.447386297886415
891,0,0,0,0,0,0,0,0,0,0,0,0.19124466800973305
