PassengerId,fold,Survived,transductive_rf_probability,transductive_rf_pred
1,1,0,0.08421221137461113,0
2,4,1,0.9823809764005786,1
3,3,1,0.514922035968894,1
4,3,1,0.9046246334666121,1
5,0,0,0.14523846270966506,0
6,4,0,0.11321971512574656,0
7,0,0,0.36732247462844175,0
8,4,0,0.22932733050118514,0
9,4,1,0.5510607247751961,1
10,3,1,0.8421947843258083,1
11,2,1,0.6607770558667416,1
12,4,1,0.8654433777042135,1
13,4,0,0.12984591380046828,0
14,0,0,0.15142854412008247,0
15,3,0,0.6088301363812318,1
16,3,1,0.8316776458923347,1
17,1,0,0.1874058231721869,0
18,4,1,0.0945101244383651,0
19,3,0,0.6000624948265618,1
20,0,1,0.6404919847405738,1
21,1,0,0.10490271568549464,0
22,3,1,0.3470701129011787,0
23,1,1,0.6640460111678548,1
24,1,1,0.29963458264915194,0
25,0,0,0.2845990993697782,0
26,4,1,0.30985620883078235,0
27,0,0,0.13344220970833393,0
28,2,0,0.3903937869451242,0
29,0,1,0.7010168832500889,1
30,2,0,0.08150779534637456,0
31,0,0,0.3966236153874933,0
32,0,1,0.9897345279460673,1
33,4,1,0.6791090003787154,1
34,3,0,0.11745313389243392,0
35,0,0,0.31009999012549605,0
36,1,0,0.23947764687027884,0
37,2,1,0.10117752706975286,0
38,4,0,0.12984591380046828,0
39,3,0,0.5579427833254504,1
40,1,1,0.6227447158064806,1
41,1,0,0.511578580433504,1
42,4,0,0.858135640464557,1
43,1,0,0.16252571007507005,0
44,0,1,0.8972401740558932,1
45,4,1,0.6754314245952416,1
46,0,0,0.10547026549243808,0
47,4,0,0.14082275999853378,0
48,2,1,0.6999524728925358,1
49,1,0,0.1936665627105497,0
50,2,0,0.5452071254834678,1
51,4,0,0.16058005019604538,0
52,4,0,0.10191323454936636,0
53,1,1,0.9652745975118429,1
54,0,1,0.858719322776265,1
55,2,0,0.40076010924086614,0
56,0,1,0.30383784343450515,0
57,1,1,0.8228063049962258,1
58,4,0,0.14650782389113745,0
59,2,1,0.9172430385014952,1
60,4,0,0.23267351798314473,0
61,0,0,0.1452254406490919,0
62,1,1,0.960263466897502,1
63,1,0,0.29707820593779133,0
64,0,0,0.2071610150014199,0
65,0,0,0.29445540906331175,0
66,3,1,0.5853854613001175,1
67,0,1,0.8385623779933956,1
68,1,0,0.11220930650909819,0
69,0,1,0.48666633772804224,0
70,3,0,0.11718475320640116,0
71,4,0,0.10819790497071223,0
72,1,0,0.254589229023253,0
73,1,0,0.16185533328666904,0
74,3,0,0.15148250832971044,0
75,2,1,0.23588067961985068,0
76,0,0,0.16859565635926016,0
77,1,0,0.09412681961135089,0
78,3,0,0.08308458853446192,0
79,1,1,0.6484937647442317,1
80,0,1,0.5468817856807826,1
81,4,0,0.11012979525063671,0
82,4,1,0.1368431703339253,0
83,4,1,0.6764134151490063,1
84,4,0,0.24414390424791016,0
85,4,1,0.7837657814304165,1
86,1,1,0.5073424498874493,1
87,2,0,0.13292480871406825,0
88,4,0,0.11280790210980196,0
89,1,1,0.7572334694375054,1
90,3,0,0.08308458853446192,0
91,0,0,0.1443111188857091,0
92,1,0,0.10127019461854396,0
93,3,0,0.46906412558161925,0
94,2,0,0.18390282018007637,0
95,0,0,0.1119556659378269,0
96,4,0,0.11280790210980196,0
97,4,0,0.380179381774381,0
98,1,1,0.4328725080493026,0
99,1,1,0.8491038045121635,1
100,0,0,0.16231419725015417,0
101,4,0,0.48652591446975646,0
102,4,0,0.09010206420507144,0
103,2,0,0.4336172561162723,0
104,0,0,0.14101786188579632,0
105,1,0,0.0898147787855771,0
106,0,0,0.12472187562471732,0
107,1,1,0.5466559517522471,1
108,4,1,0.09010206420507144,0
109,0,0,0.12234543516059361,0
110,2,1,0.5746097338414367,1
111,1,0,0.25149745584002586,0
112,3,0,0.6111906711843417,1
113,3,0,0.08132098050788863,0
114,0,0,0.5349008512691159,1
115,0,0,0.5977411300632508,1
116,4,0,0.12984591380046828,0
117,2,0,0.06488219951818903,0
118,1,0,0.0895447117340544,0
119,0,0,0.45822170330371864,0
120,3,0,0.29689407206155666,0
121,1,0,0.14830329147163218,0
122,1,0,0.10724012286626597,0
123,4,0,0.14416613286136318,0
124,2,1,0.8781591042833522,1
125,1,0,0.34127653561630095,0
126,2,1,0.597576386509044,1
127,0,0,0.09622279306538951,0
128,1,1,0.08704303021029934,0
129,0,1,0.6717781089811687,1
130,2,0,0.08805930902883469,0
131,2,0,0.09985155112320623,0
132,0,0,0.1022339733428582,0
133,4,0,0.5228895968031753,1
134,4,1,0.895319015718035,1
135,0,0,0.10677151721773656,0
136,2,0,0.09931689328783122,0
137,4,1,0.9111119670727797,1
138,4,0,0.3849985285878562,0
139,4,0,0.16538234696234436,0
140,4,0,0.4257610629200958,0
141,4,0,0.5935421598490404,1
142,0,1,0.567092565063433,1
143,4,1,0.5586662416866264,1
144,0,0,0.11158563846989629,0
145,3,0,0.10055460080654076,0
146,2,0,0.14956784466903575,0
147,0,1,0.1224248594857465,0
148,0,0,0.28654417239915647,0
149,0,0,0.3091873876721041,0
150,2,0,0.2677616072672048,0
151,0,0,0.28260643366798016,0
152,3,1,0.8915158929732452,1
153,3,0,0.10470004357465151,0
154,0,0,0.1092985417222912,0
155,1,0,0.08943673450093179,0
156,0,0,0.2584367322578652,0
157,2,1,0.6944384148175299,1
158,3,0,0.1181757828255449,0
159,1,0,0.10674213043191132,0
160,1,0,0.2602858390483609,0
161,4,0,0.09606027128551767,0
162,4,1,0.8667878116216623,1
163,1,0,0.10822362428398849,0
164,3,0,0.08235650888089552,0
165,0,0,0.20747580103789875,0
166,3,1,0.687033549938183,1
167,2,1,0.97249221666645,1
168,2,0,0.25924216516991067,0
169,4,0,0.22753262329070395,0
170,1,0,0.2397782533297522,0
171,0,0,0.27497484522096466,0
172,3,0,0.1946740236292772,0
173,2,1,0.5752368682830017,1
174,0,0,0.10691227067435874,0
175,0,0,0.30382516368450263,0
176,4,0,0.1322434680987419,0
177,0,0,0.2328366151982406,0
178,0,0,0.9472404707484507,1
179,4,0,0.10053505529156512,0
180,3,0,0.10140028468007849,0
181,3,0,0.3361469581580569,0
182,4,0,0.16307028214541608,0
183,2,0,0.3261001634666184,0
184,4,1,0.7297301626764902,1
185,4,1,0.6504718843487785,1
186,4,0,0.322515042365905,0
187,1,1,0.6060325611381605,1
188,4,1,0.22753262329070395,0
189,3,0,0.1036376796964465,0
190,4,0,0.10904203547282963,0
191,3,1,0.8688221042123065,1
192,3,0,0.10055460080654076,0
193,1,1,0.5042990255636727,1
194,1,1,0.6687805382514198,1
195,2,1,0.903087386207408,1
196,3,1,0.9417107511470286,1
197,1,0,0.08549140375328382,0
198,3,0,0.11872942326017391,0
199,2,1,0.6999524728925358,1
200,3,0,0.8575711154014362,1
201,3,0,0.1176904133200345,0
202,2,0,0.1640194513995703,0
203,3,0,0.08691325572970901,0
204,0,0,0.13342468778002298,0
205,2,1,0.09813654216241878,0
206,2,0,0.5730475049634537,1
207,4,0,0.10931018769067796,0
208,0,1,0.13658884426006956,0
209,2,1,0.6944384148175299,1
210,3,1,0.37172483966000514,0
211,3,0,0.07230965231553407,0
212,4,1,0.8568875466351235,1
213,1,0,0.08981945567980718,0
214,1,0,0.12419438365680455,0
215,3,0,0.12154476693475368,0
216,3,1,0.9680433409118788,1
217,4,1,0.46602326983916975,0
218,2,0,0.08745240196298748,0
219,1,1,0.9669380015863508,1
220,2,0,0.11645562304052773,0
221,3,1,0.09897845696273697,0
222,1,0,0.12517668661619313,0
223,4,0,0.13270498859707505,0
224,2,0,0.08150779534637456,0
225,1,1,0.340540634051472,0
226,4,0,0.11012979525063671,0
227,2,1,0.07514173974082339,0
228,3,0,0.07469817531664856,0
229,2,0,0.08867259210284349,0
230,2,0,0.24041906443280195,0
231,2,1,0.9596882747228916,1
232,3,0,0.10449266895683834,0
233,2,0,0.10903223277825054,0
234,3,1,0.34039690039563186,0
235,4,0,0.09098451405250087,0
236,0,0,0.567092565063433,1
237,3,0,0.06650474308136398,0
238,4,1,0.9013632273045561,1
239,0,0,0.1098645559233756,0
240,4,0,0.10053505529156512,0
241,2,0,0.574901233979312,1
242,2,1,0.6183777842094396,1
243,3,0,0.11880076749362806,0
244,4,0,0.08690527934408582,0
245,2,0,0.09797624481077354,0
246,4,0,0.5861559195079742,1
247,1,0,0.5432218561922082,1
248,1,1,0.8256741088700538,1
249,1,1,0.3885245561707887,0
250,0,0,0.36841020944746933,0
251,2,0,0.08381789300868775,0
252,0,0,0.5123774825324481,1
253,3,0,0.3177571272310438,0
254,4,0,0.10872484563588192,0
255,4,0,0.5330574698771227,1
256,4,1,0.6066781556325548,1
257,3,1,0.9307975690665592,1
258,1,1,0.9657087569689694,1
259,4,1,0.9369919554767449,1
260,4,1,0.8668976998733645,1
261,3,0,0.09023101561323293,0
262,4,1,0.22612564101791297,0
263,2,0,0.32892046235720196,0
264,1,0,0.24127010643828462,0
265,1,0,0.6957615151259867,1
266,2,0,0.10405539018750903,0
267,3,0,0.12731892925730492,0
268,1,1,0.08847867497835049,0
269,4,1,0.9450805910819264,1
270,2,1,0.9502430286619772,1
271,1,0,0.23723284436736455,0
272,4,1,0.10910874280208734,0
273,2,1,0.8782996331211805,1
274,0,0,0.41843653303132056,0
275,3,1,0.7283365673959205,1
276,4,1,0.9679173555905415,1
277,1,0,0.5437889248793613,1
278,2,0,0.09461031686076993,0
279,1,0,0.1874058231721869,0
280,2,1,0.48477950205607384,0
281,3,0,0.09638268670901753,0
282,1,0,0.12591990486890106,0
283,0,0,0.12787449804489284,0
284,0,1,0.10691227067435874,0
285,2,0,0.30299125810549354,0
286,0,0,0.15999381033037063,0
287,0,1,0.14101786188579632,0
288,0,0,0.09202011406587672,0
289,1,1,0.10462202756353621,0
290,1,1,0.6957615151259867,1
291,0,1,0.9217976675831542,1
292,4,1,0.9671857509028536,1
293,2,0,0.3549194926765086,0
294,0,0,0.5013648066458019,1
295,2,0,0.08150779534637456,0
296,4,0,0.24802312830586454,0
297,2,0,0.10117752706975286,0
298,4,0,0.8785630876927162,1
299,2,1,0.2932215661077225,0
300,3,1,0.9208336269746819,1
301,1,1,0.6957615151259867,1
302,3,1,0.11035377250061515,0
303,4,0,0.11446350691545262,0
304,4,1,0.8709007093512673,1
305,0,0,0.10547026549243808,0
306,1,1,0.5542479154276605,1
307,0,1,0.9519640626916643,1
308,4,1,0.9509611722826028,1
309,1,0,0.14989493352862857,0
310,1,1,0.9669380015863508,1
311,1,1,0.9636403751872545,1
312,4,1,0.8261893393386942,1
313,2,0,0.9265922362433289,1
314,0,0,0.12472187562471732,0
315,0,0,0.11704176643844885,0
316,1,1,0.5425195148894716,1
317,1,1,0.8157839328217871,1
318,2,0,0.26098668797265107,0
319,2,1,0.9399878312827376,1
320,2,1,0.9080612310756094,1
321,2,0,0.08349327318596145,0
322,2,0,0.10357359071000356,0
323,0,1,0.8864076697112911,1
324,4,1,0.8849229210518904,1
325,0,0,0.22983113981365497,0
326,4,1,0.9696325772626808,1
327,1,0,0.08499721811881827,0
328,3,1,0.8618519796210203,1
329,4,1,0.5547562201317987,1
330,2,1,0.956032910497366,1
331,3,1,0.7178613395674233,1
332,0,0,0.3449809992801788,0
333,2,0,0.4225050804218988,0
334,2,0,0.17970944030421998,0
335,3,1,0.9120401536408177,1
336,0,0,0.09408810416664018,0
337,0,0,0.4359456514406346,0
338,1,1,0.8914613829597744,1
339,3,1,0.10795000407643138,0
340,3,0,0.3027785183258208,0
341,4,1,0.7428164643791524,1
342,0,1,0.7985958564815351,1
343,3,0,0.12304240358192861,0
344,0,0,0.10677151721773656,0
345,2,0,0.12379556421375947,0
346,0,1,0.8804775853295931,1
347,3,1,0.8353344378794438,1
348,0,1,0.6301901188325301,1
349,0,1,0.6383144142679511,1
350,2,0,0.13116539434306262,0
351,0,0,0.10299006982037398,0
352,1,0,0.27677480541651905,0
353,4,0,0.2350392461547617,0
354,1,0,0.08390345628218976,0
355,4,0,0.12270602836561484,0
356,2,0,0.13969588190989826,0
357,3,1,0.9278884513829253,1
358,0,0,0.8872330122429896,1
359,1,1,0.6957615151259867,1
360,1,1,0.6957615151259867,1
361,2,0,0.1311914560336669,0
362,2,0,0.12686590851155613,0
363,0,0,0.4594304733191849,0
364,0,0,0.11926459705221583,0
365,1,0,0.10843673736666944,0
366,0,0,0.11960586689348567,0
367,3,1,0.9588839504668311,1
368,1,1,0.6931935226758525,1
369,4,1,0.6791090003787154,1
370,0,1,0.9825120259147566,1
371,3,1,0.5084516895638015,1
372,0,0,0.13184123923718424,0
373,0,0,0.10691227067435874,0
374,1,0,0.2998703096655167,0
375,4,0,0.30475685313066964,0
376,2,1,0.9376794831151724,1
377,4,1,0.5276239033806313,1
378,1,0,0.42139307590574915,0
379,3,0,0.11558994144109358,0
380,1,0,0.10127019461854396,0
381,1,1,0.8457144924254595,1
382,0,1,0.5781679617754782,1
383,2,0,0.13563396963369787,0
384,0,1,0.8479884768639607,1
385,1,0,0.09412681961135089,0
386,1,0,0.17792258716049406,0
387,2,0,0.28435807602533336,0
388,4,1,0.8145990621164807,1
389,3,0,0.09023101561323293,0
390,1,1,0.8464721400986798,1
391,4,1,0.3679342205504577,0
392,3,1,0.07680639021199814,0
393,1,0,0.1103841277141716,0
394,1,1,0.9598577368141218,1
395,0,1,0.673729426521821,1
396,1,0,0.09563857317040252,0
397,3,0,0.5475686982522802,1
398,3,0,0.10628094727593218,0
399,2,0,0.2515207418128508,0
400,0,1,0.8638406977042612,1
401,1,1,0.10897517018864938,0
402,2,0,0.1171359534324965,0
403,4,0,0.4765592373325062,0
404,4,0,0.10347635942369128,0
405,1,0,0.5351887271837512,1
406,3,0,0.06398131782424875,0
407,0,0,0.11237164558978273,0
408,0,1,0.7091218571080684,1
409,3,0,0.07680639021199814,0
410,2,0,0.24041906443280195,0
411,1,0,0.09412681961135089,0
412,1,0,0.08892748178919581,0
413,0,1,0.9045895864836325,1
414,2,0,0.09461031686076993,0
415,1,1,0.110506463129495,0
416,3,0,0.5954449922179378,1
417,0,1,0.9160708677452029,1
418,3,1,0.8437578227674838,1
419,2,0,0.13143617375230152,0
420,1,0,0.576665801080103,1
421,1,0,0.16252571007507005,0
422,4,0,0.10455313594295686,0
423,3,0,0.10449266895683834,0
424,4,0,0.5263781621302415,1
425,3,0,0.14735070692504423,0
426,0,0,0.10161726980060153,0
427,0,1,0.858719322776265,1
428,3,1,0.8823322373220881,1
429,3,0,0.09023101561323293,0
430,0,1,0.3058466539340303,0
431,1,1,0.3184966572933404,0
432,4,1,0.5222232374279828,1
433,4,1,0.8709126667725706,1
434,0,0,0.1022339733428582,0
435,3,0,0.4423215079800286,0
436,0,1,0.9183531871078937,1
437,4,0,0.2840910148465314,0
438,4,1,0.7652153897833988,1
439,1,0,0.2884742799735429,0
440,2,0,0.11118929167430153,0
441,0,1,0.882611768800126,1
442,3,0,0.08235650888089552,0
443,3,0,0.11643981201565977,0
444,3,1,0.8601858098073617,1
445,3,1,0.07941080207669765,0
446,1,1,0.6176281027469258,1
447,1,1,0.8771014611860469,1
448,4,1,0.2632241469001607,0
449,0,1,0.621331685059526,1
450,0,1,0.3788721407395285,0
451,4,0,0.09622633612482287,0
452,3,0,0.10330169157106486,0
453,2,0,0.4223504876583091,0
454,3,1,0.3688236562764885,0
455,3,0,0.08308458853446192,0
456,2,1,0.10493605995268955,0
457,4,0,0.442418547874743,0
458,3,1,0.9519407766880462,1
459,3,1,0.7821666263391366,1
460,3,0,0.09023101561323293,0
461,2,1,0.4226373545321134,0
462,0,0,0.14523846270966506,0
463,1,0,0.38034723940441695,0
464,2,0,0.12628531653662461,0
465,2,0,0.0970555414514136,0
466,0,0,0.11926459705221583,0
467,1,0,0.10771156466071258,0
468,2,0,0.23400102488104882,0
469,4,0,0.09341178711157357,0
470,0,1,0.621331685059526,1
471,2,0,0.08381789300868775,0
472,3,0,0.10806299320447058,0
473,1,1,0.8947087333275514,1
474,0,1,0.8857165440910676,1
475,1,0,0.5459069716716968,1
476,2,0,0.2445765642546856,0
477,3,0,0.06398131782424875,0
478,0,0,0.11414214854479363,0
479,3,0,0.06923968414402365,0
480,2,1,0.5643708571230593,1
481,1,0,0.26385248525325883,0
482,2,0,0.08707295643992775,0
483,1,0,0.110506463129495,0
484,0,1,0.4992194143024006,0
485,4,1,0.4426182396539281,0
486,4,0,0.2538830860323678,0
487,4,1,0.947010063324763,1
488,1,0,0.3578633166824086,0
489,3,0,0.1181757828255449,0
490,1,1,0.684630880858783,1
491,3,0,0.10330169157106486,0
492,1,0,0.094932055492171,0
493,3,0,0.2904936459257526,0
494,0,0,0.2417489017723215,0
495,1,0,0.11733425051003568,0
496,2,0,0.1325831388166966,0
497,3,1,0.9457250524913339,1
498,4,0,0.1074490843864762,0
499,0,0,0.9044599946926781,1
500,4,0,0.09010206420507144,0
501,2,0,0.09491021466605042,0
502,3,0,0.7317646618952185,1
503,1,0,0.6957615151259867,1
504,1,0,0.5391401474865152,1
505,3,1,0.9403238196310083,1
506,1,0,0.43414059822102913,0
507,4,1,0.8690205675497809,1
508,0,1,0.26480682895105834,0
509,2,0,0.15958550888076742,0
510,3,1,0.24387191774025274,0
511,2,1,0.0798934984599222,0
512,4,0,0.11280790210980196,0
513,4,1,0.521886931720539,1
514,1,1,0.94134764208054,1
515,3,0,0.07198644356537512,0
516,3,0,0.48947981534573154,0
517,4,1,0.806801954919741,1
518,4,0,0.15830166385038416,0
519,0,1,0.8697750529143363,1
520,4,0,0.11839644982734678,0
521,4,1,0.9760074661439391,1
522,2,0,0.0811419791731728,0
523,1,0,0.14918198405983513,0
524,0,1,0.9675369654991268,1
525,3,0,0.1057799063965983,0
526,2,0,0.07010738350887447,0
527,4,1,0.7432924104222899,1
528,4,0,0.29870378293114647,0
529,1,0,0.10897517018864938,0
530,1,0,0.1070764849514589,0
531,3,1,0.9007699899465197,1
532,4,0,0.12270602836561484,0
533,2,0,0.14605365512341995,0
534,4,1,0.6424756803559462,1
535,3,0,0.5050128614372066,1
536,0,1,0.919380442739534,1
537,4,0,0.45287646336462034,0
538,3,1,0.8948938596398506,1
539,3,0,0.07553498106872111,0
540,0,1,0.9583919824141137,1
541,3,1,0.9058940116819795,1
542,3,0,0.29689407206155666,0
543,3,0,0.29689407206155666,0
544,3,1,0.13730937717909944,0
545,2,0,0.4117664672275391,0
546,3,0,0.27406348303952927,0
547,2,1,0.9239216853442657,1
548,2,1,0.11734199413154454,0
549,3,0,0.18025306912956432,0
550,0,1,0.5687687027250768,1
551,0,1,0.4099572264399411,0
552,3,0,0.11137862441548856,0
553,1,0,0.08549140375328382,0
554,3,1,0.10877406497753164,0
555,4,1,0.5166618917339089,1
556,1,0,0.28126247203980687,0
557,2,1,0.9236664259213706,1
558,3,0,0.2648241899895194,0
559,0,1,0.9622470958561546,1
560,2,1,0.520036003885233,1
561,4,0,0.09341178711157357,0
562,4,0,0.10904203547282963,0
563,2,0,0.12057757259966846,0
564,1,0,0.10724012286626597,0
565,4,0,0.49055822748278005,0
566,2,0,0.1464412914576147,0
567,2,0,0.08329072605021315,0
568,3,0,0.30889758365686304,0
569,1,0,0.14918198405983513,0
570,2,1,0.09726430116247821,0
571,2,1,0.10341645551859195,0
572,3,1,0.9254176781404622,1
573,1,1,0.46193338382952626,0
574,1,1,0.6957615151259867,1
575,2,0,0.13250775886048596,0
576,1,0,0.0931624962100127,0
577,2,1,0.8573604584874913,1
578,0,1,0.9030691438243442,1
579,1,0,0.5944898605082019,1
580,3,1,0.11954149561583075,0
581,3,1,0.8925511115585483,1
582,2,1,0.9605329421215427,1
583,2,0,0.09669617030403578,0
584,2,0,0.41243437792505605,0
585,1,0,0.16930271824260168,0
586,3,1,0.9317395447160175,1
587,1,0,0.10619946291385406,0
588,0,1,0.35570869570543734,0
589,3,0,0.08132098050788863,0
590,2,0,0.0970555414514136,0
591,4,0,0.09584894423967037,0
592,3,1,0.9588839504668311,1
593,4,0,0.09659809586110643,0
594,3,0,0.6871280196876852,1
595,1,0,0.08668059655019386,0
596,4,0,0.1065351930320751,0
597,1,1,0.8958652940304201,1
598,2,0,0.1213543960638642,0
599,4,0,0.1294201982054426,0
600,1,1,0.46070074103886394,0
601,2,1,0.9321757191539868,1
602,4,0,0.09010206420507144,0
603,0,0,0.22430073594606792,0
604,3,0,0.10795000407643138,0
605,2,1,0.24481062994994088,0
606,3,0,0.08932685871058181,0
607,1,0,0.12135370597170865,0
608,0,1,0.26753385483672953,0
609,2,1,0.9260120856088262,1
610,1,1,0.9641184283101345,1
611,3,0,0.3503356580150281,0
612,0,0,0.10161726980060153,0
613,2,1,0.6183777842094396,1
614,1,0,0.08549140375328382,0
615,0,0,0.14523846270966506,0
616,4,1,0.8098190167247442,1
617,2,0,0.13473928185054795,0
618,0,0,0.4830322874372951,0
619,1,1,0.9157818530763591,1
620,2,0,0.08737373794803886,0
621,1,0,0.19341075031635324,0
622,2,1,0.34628691530778444,0
623,1,1,0.2247796269505567,0
624,4,0,0.10955968214960554,0
625,1,0,0.1041932942447838,0
626,0,0,0.4285924819851486,0
627,0,0,0.2889142607047528,0
628,0,1,0.9606518796772914,1
629,0,0,0.10228797230102715,0
630,1,0,0.08549140375328382,0
631,3,1,0.2904936459257526,0
632,1,0,0.08499721811881827,0
633,1,1,0.4213175710708553,0
634,4,0,0.16596564158751476,0
635,3,0,0.2062532859858854,0
636,1,1,0.8489163859765019,1
637,2,0,0.13563396963369787,0
638,0,0,0.17081529707710022,0
639,0,0,0.3426389930048197,0
640,2,0,0.136177178011464,0
641,3,0,0.07812676817447767,0
642,0,1,0.9825120259147566,1
643,3,0,0.2062532859858854,0
644,2,1,0.2193808482265714,0
645,3,1,0.7069652210012106,1
646,2,1,0.38135572158479386,0
647,3,0,0.07680639021199814,0
648,0,1,0.3917888765763601,0
649,1,0,0.09412681961135089,0
650,3,1,0.5464042349365384,1
651,4,0,0.09010206420507144,0
652,3,1,0.8668334523845306,1
653,0,0,0.10187689724707695,0
654,3,1,0.7280966380936071,1
655,4,0,0.6751907256549747,1
656,4,0,0.10719256745207961,0
657,1,0,0.09412681961135089,0
658,3,0,0.649351967537815,1
659,2,0,0.08684086745426145,0
660,3,0,0.4511928847864308,0
661,4,1,0.41193561364150627,0
662,3,0,0.10649326639896906,0
663,2,0,0.4226373545321134,0
664,4,0,0.09804148606922995,0
665,2,1,0.10394460099534893,0
666,0,0,0.13955534811509523,0
667,2,0,0.08684086745426145,0
668,4,0,0.09010206420507144,0
669,0,0,0.1390398282878548,0
670,1,1,0.950122997120093,1
671,4,1,0.9157052436458964,1
672,2,0,0.41059122809092996,0
673,4,0,0.11081885159873874,0
674,4,1,0.10053505529156512,0
675,1,0,0.10947469765909386,0
676,4,0,0.10191323454936636,0
677,1,0,0.10724012286626597,0
678,2,1,0.4889236056769447,0
679,0,0,0.3528120846186479,0
680,1,1,0.4120415619743781,0
681,2,0,0.66007537808876,1
682,2,1,0.4362810830724393,0
683,1,0,0.11220930650909819,0
684,0,0,0.2128202678577629,0
685,3,0,0.10360190004701575,0
686,0,0,0.2313987460499502,0
687,0,0,0.1456456536900196,0
688,3,0,0.08235650888089552,0
689,2,0,0.08329072605021315,0
690,2,1,0.903282895246804,1
691,3,1,0.3608349677477518,0
692,1,1,0.6189721714537395,1
693,1,1,0.2219131471623984,0
694,2,0,0.10117752706975286,0
695,1,0,0.289582924250666,0
696,1,0,0.10619946291385406,0
697,0,0,0.1390398282878548,0
698,4,1,0.6791090003787154,1
699,4,0,0.42596817671483733,0
700,2,0,0.1653917853304961,0
701,2,1,0.8697918384575302,1
702,1,1,0.46193338382952626,0
703,2,0,0.5776497769012824,1
704,3,0,0.09023101561323293,0
705,2,0,0.09076267942125732,0
706,3,0,0.10303422934824148,0
707,2,1,0.8537123711602905,1
708,0,1,0.5094625574775786,1
709,0,1,0.860166641671603,1
710,2,1,0.5560929025237589,1
711,4,1,0.9312371084733521,1
712,1,0,0.2969135166492788,0
713,2,1,0.30445770331683375,0
714,3,0,0.1176904133200345,0
715,4,0,0.09317099071231129,0
716,1,0,0.17871262635086244,0
717,2,1,0.9006033962964557,1
718,2,1,0.8448046836840595,1
719,0,0,0.09557913889990553,0
720,1,0,0.13323125709111733,0
721,2,1,0.9259480193983102,1
722,1,0,0.09508585805786632,0
723,4,0,0.10053505529156512,0
724,0,0,0.13715170105004665,0
725,0,1,0.4810194422820048,0
726,2,0,0.09491021466605042,0
727,3,1,0.8671603937774169,1
728,3,1,0.7283365673959205,1
729,3,0,0.06933017479199702,0
730,0,0,0.5372142294968878,1
731,1,1,0.9573419914789166,1
732,2,0,0.20888243417034297,0
733,0,0,0.11639682372791339,0
734,1,0,0.09550484868983629,0
735,0,0,0.10677151721773656,0
736,3,0,0.11410461205009263,0
737,1,0,0.25257152232489033,0
738,0,1,0.3437516209177352,0
739,4,0,0.09010206420507144,0
740,1,0,0.09412681961135089,0
741,4,1,0.43383453157551055,0
742,3,0,0.3526702344754241,0
743,3,1,0.8108948926437716,1
744,2,0,0.09745846465619679,0
745,2,1,0.13563396963369787,0
746,4,0,0.5642882273395236,1
747,4,0,0.23833437235178845,0
748,3,1,0.8580195283804672,1
749,3,0,0.5042031434686768,1
750,2,0,0.07449993775694705,0
751,3,1,0.9066628072043843,1
752,3,1,0.6610882564364255,1
753,1,0,0.13952025692214695,0
754,1,0,0.09412681961135089,0
755,2,1,0.813078990699249,1
756,1,1,0.6284526792166325,1
757,2,0,0.10357359071000356,0
758,4,0,0.09296159182985136,0
759,2,0,0.13563396963369787,0
760,1,1,0.9657087569689694,1
761,4,0,0.11240572769819358,0
762,4,0,0.09659809586110643,0
763,4,1,0.134162216711829,0
764,2,1,0.9402514371736275,1
765,4,0,0.1475811106968916,0
766,0,1,0.9698284664274676,1
767,4,0,0.3558577106451023,0
768,2,0,0.6519377980618956,1
769,3,0,0.14056258083241674,0
770,2,0,0.1381674600194235,0
771,4,0,0.10917141868885055,0
772,1,0,0.09438557581130709,0
773,1,0,0.8948578178397707,1
774,0,0,0.13057840491083797,0
775,2,1,0.7934255852812603,1
776,1,0,0.10127019461854396,0
777,3,0,0.1886447006031587,0
778,1,1,0.5766457751953029,1
779,1,0,0.08549140375328382,0
780,0,1,0.9765458692252322,1
781,0,1,0.6375954161139487,1
782,4,1,0.929653527428272,1
783,4,0,0.5083930715913835,1
784,2,0,0.1533566056581048,0
785,2,0,0.08381789300868775,0
786,0,0,0.10161726980060153,0
787,4,1,0.541543314836181,1
788,0,0,0.21516122635844193,0
789,0,1,0.4931051808934676,0
790,3,0,0.33460060065634856,0
791,0,0,0.09622279306538951,0
792,4,0,0.15974256202752307,0
793,3,0,0.3361469581580569,0
794,0,0,0.29731826042923415,0
795,3,0,0.07460204738479814,0
796,0,0,0.13792581710679838,0
797,0,1,0.742027261651179,1
798,4,1,0.4625390017024227,0
799,1,0,0.15068979576137437,0
800,0,0,0.47508138086459006,0
801,3,0,0.0984125622997813,0
802,0,1,0.8547133375286841,1
803,2,1,0.7015939462002715,1
804,0,1,0.604659077508404,1
805,3,1,0.08938589856159342,0
806,2,0,0.09726430116247821,0
807,3,0,0.30404831576541563,0
808,4,0,0.5281616389714711,1
809,4,0,0.09811223577319181,0
810,3,1,0.9462350762012973,1
811,3,0,0.08517329105093635,0
812,0,0,0.16170012754183968,0
813,3,0,0.11321168534918281,0
814,4,0,0.2830396705042966,0
815,0,0,0.14523846270966506,0
816,3,0,0.2554877514098677,0
817,2,0,0.508402932647575,1
818,2,0,0.15489269276075288,0
819,0,0,0.11126979760302523,0
820,2,0,0.17663167317204395,0
821,4,1,0.959442046550713,1
822,3,1,0.1176904133200345,0
823,0,0,0.30962372385390513,0
824,1,1,0.6086082338331179,1
825,3,0,0.18515443958502267,0
826,2,0,0.07193847485912493,0
827,1,0,0.2219131471623984,0
828,3,1,0.6442783379689825,1
829,1,1,0.08549140375328382,0
830,4,1,0.944292318772105,1
831,0,1,0.4701489674804543,0
832,2,1,0.7180735673313946,1
833,2,0,0.10117752706975286,0
834,4,0,0.09010206420507144,0
835,4,0,0.12101137139533756,0
836,4,1,0.9882725297487757,1
837,4,0,0.12101137139533756,0
838,4,0,0.11280790210980196,0
839,1,1,0.23569464078226945,0
840,0,1,0.3730841402070371,0
841,2,0,0.09813654216241878,0
842,1,0,0.1374584138385908,0
843,3,1,0.8529792328897682,1
844,4,0,0.12485264031806444,0
845,4,0,0.12101137139533756,0
846,0,0,0.11153685950606332,0
847,4,0,0.21895324156018253,0
848,2,0,0.09388974756726619,0
849,0,0,0.43540338361100217,0
850,4,1,0.9507142689398355,1
851,2,0,0.28808173866404324,0
852,4,0,0.10586798824365773,0
853,1,0,0.642993180737856,1
854,3,1,0.9214345900755057,1
855,2,0,0.9116301656316264,1
856,4,1,0.503879497933695,1
857,0,1,0.9073849817684418,1
858,2,1,0.3991558469857985,0
859,3,1,0.6692985152404717,1
860,1,0,0.14918198405983513,0
861,3,0,0.08935982837946208,0
862,3,0,0.12330028112355942,0
863,0,1,0.9284279827567447,1
864,4,0,0.32419183135148155,0
865,3,0,0.09347992686294074,0
866,3,1,0.8208337531814802,1
867,2,1,0.8462113300356029,1
868,2,0,0.3932341351406837,0
869,1,0,0.10674213043191132,0
870,2,1,0.6382459322118004,1
871,0,0,0.10228797230102715,0
872,2,1,0.9638166128077726,1
873,3,0,0.30874302473292625,0
874,0,0,0.13441828199399483,0
875,1,1,0.8634343924997485,1
876,0,1,0.6375954161139487,1
877,4,0,0.12130543518983117,0
878,3,0,0.07680639021199814,0
879,1,0,0.09412681961135089,0
880,1,1,0.9743382224691449,1
881,2,1,0.9313190761513166,1
882,4,0,0.11839644982734678,0
883,1,0,0.5621785233292733,1
884,0,0,0.12920471966631314,0
885,0,0,0.10161726980060153,0
886,0,0,0.3885444148065747,0
887,2,0,0.28523777600348504,0
888,3,1,0.9031400617914541,1
889,3,0,0.5235505950376892,1
890,2,1,0.41122577978701136,0
891,0,0,0.11640249279585024,0
