variant,model,extra_features,accuracy,roc_auc,baseline_accuracy,baseline_roc_auc,delta_accuracy,delta_auc
baseline,Panel,0,0.8428731762065096,0.8978552178868543,0.8428731762065096,0.8978552178868543,0.0,0.0
baseline,GradientBoosting,0,0.8473625140291807,0.8973945184759106,0.8473625140291807,0.8973945184759106,0.0,0.0
baseline,XGBoost,0,0.8395061728395061,0.8913867851170123,0.8395061728395061,0.8913867851170123,0.0,0.0
baseline,CatBoost,0,0.8451178451178452,0.8978046208417219,0.8451178451178452,0.8978046208417219,0.0,0.0
familyfare_all,Panel,4,0.8462401795735129,0.9035567059725818,0.8428731762065096,0.8978552178868543,0.0033670033670033517,0.0057014880857274575
familyfare_all,GradientBoosting,4,0.8496071829405163,0.9012478829131115,0.8473625140291807,0.8973945184759106,0.002244668911335568,0.003853364437200968
familyfare_all,XGBoost,4,0.8428731762065096,0.8970962622098659,0.8395061728395061,0.8913867851170123,0.0033670033670034627,0.005709477092853632
familyfare_all,CatBoost,4,0.8451178451178452,0.9025474280723058,0.8451178451178452,0.8978046208417219,0.0,0.004742807230583956
familyfare_wcg,Panel,4,0.8451178451178452,0.9020893916637374,0.8428731762065096,0.8978552178868543,0.002244668911335568,0.004234173776883066
familyfare_wcg,GradientBoosting,4,0.8473625140291807,0.898214723207533,0.8473625140291807,0.8973945184759106,0.0,0.0008202047316224759
familyfare_wcg,XGBoost,4,0.8406285072951739,0.894033809478158,0.8395061728395061,0.8913867851170123,0.001122334455667784,0.0026470243611457223
familyfare_wcg,CatBoost,4,0.8451178451178452,0.9047577200438862,0.8451178451178452,0.8978046208417219,0.0,0.006953099202164359
ticket_all,Panel,4,0.8417508417508418,0.9006700113976501,0.8428731762065096,0.8978552178868543,-0.001122334455667784,0.002814793510795832
ticket_all,GradientBoosting,4,0.8473625140291807,0.8969471340768436,0.8473625140291807,0.8973945184759106,0.0,-0.0004473843990669968
ticket_all,XGBoost,4,0.8383838383838383,0.89591921515994,0.8395061728395061,0.8913867851170123,-0.001122334455667784,0.004532430042927693
ticket_all,CatBoost,4,0.8451178451178452,0.900347788110227,0.8451178451178452,0.8978046208417219,0.0,0.00254316726850512
ticket_wcg_any,Panel,4,0.8439955106621774,0.9013544030081274,0.8428731762065096,0.8978552178868543,0.001122334455667784,0.0034991851212731184
ticket_wcg_any,GradientBoosting,4,0.8439955106621774,0.897184141288254,0.8473625140291807,0.8973945184759106,-0.0033670033670033517,-0.0002103771876565963
ticket_wcg_any,XGBoost,4,0.8361391694725028,0.894374673782209,0.8395061728395061,0.8913867851170123,-0.0033670033670033517,0.002987888665196725
ticket_wcg_any,CatBoost,4,0.8462401795735129,0.9036845300866008,0.8451178451178452,0.8978046208417219,0.001122334455667784,0.005879909244878911
surname_all,Panel,4,0.8439955106621774,0.8992266641101844,0.8428731762065096,0.8978552178868543,0.001122334455667784,0.001371446223330075
surname_all,GradientBoosting,4,0.8451178451178452,0.8966142587799188,0.8473625140291807,0.8973945184759106,-0.002244668911335568,-0.0007802596959917141
surname_all,XGBoost,4,0.8417508417508418,0.8926836672738312,0.8395061728395061,0.8913867851170123,0.002244668911335679,0.0012968821568188904
surname_all,CatBoost,4,0.8451178451178452,0.899351825221828,0.8451178451178452,0.8978046208417219,0.0,0.0015472043801061375
cabin_all,Panel,4,0.8451178451178452,0.8982307012217855,0.8428731762065096,0.8978552178868543,0.002244668911335568,0.00037548333493120367
cabin_all,GradientBoosting,4,0.8473625140291807,0.8977726648132169,0.8473625140291807,0.8973945184759106,0.0,0.00037814633730637315
cabin_all,XGBoost,4,0.8406285072951739,0.8942628276824424,0.8395061728395061,0.8913867851170123,0.001122334455667784,0.002876042565430059
cabin_all,CatBoost,4,0.8417508417508418,0.8971122402241183,0.8451178451178452,0.8978046208417219,-0.0033670033670033517,-0.0006923806176035718
familyfare_ticket_all,Panel,8,0.8439955106621774,0.9035833359963357,0.8428731762065096,0.8978552178868543,0.001122334455667784,0.005728118109481373
familyfare_ticket_all,GradientBoosting,8,0.8428731762065096,0.8997379605662608,0.8473625140291807,0.8973945184759106,-0.004489337822671136,0.0023434420903502007
familyfare_ticket_all,XGBoost,8,0.8406285072951739,0.898427763397565,0.8395061728395061,0.8913867851170123,0.001122334455667784,0.007040978280552723
familyfare_ticket_all,CatBoost,8,0.8473625140291807,0.9024329189701636,0.8451178451178452,0.8978046208417219,0.002244668911335568,0.004628298128441788
familyfare_ticket_wcg,Panel,8,0.8406285072951739,0.9015035311411498,0.8428731762065096,0.8978552178868543,-0.002244668911335679,0.0036483132542954877
familyfare_ticket_wcg,GradientBoosting,8,0.8451178451178452,0.8981108661148924,0.8473625140291807,0.8973945184759106,-0.002244668911335568,0.0007163476389818735
familyfare_ticket_wcg,XGBoost,8,0.8406285072951739,0.8956209588938953,0.8395061728395061,0.8913867851170123,0.001122334455667784,0.004234173776882955
familyfare_ticket_wcg,CatBoost,8,0.8462401795735129,0.9003264840912238,0.8451178451178452,0.8978046208417219,0.001122334455667784,0.0025218632495019877
