feature_group,model,n_extra_features,accuracy,roc_auc,baseline_accuracy,baseline_roc_auc,delta_accuracy,delta_auc
baseline,GradientBoosting,0,0.8473625140291807,0.8973945184759106,0.8473625140291807,0.8973945184759106,0.0,0.0
baseline,XGBoost,0,0.8395061728395061,0.8913867851170123,0.8395061728395061,0.8913867851170123,0.0,0.0
baseline,CatBoost,0,0.8451178451178452,0.8978046208417219,0.8451178451178452,0.8978046208417219,0.0,0.0
baseline,Panel,0,0.8428731762065096,0.8978552178868543,0.8428731762065096,0.8978552178868543,0.0,0.0
AgeMissing,GradientBoosting,1,0.8484848484848485,0.8970669691837365,0.8473625140291807,0.8973945184759106,0.001122334455667784,-0.00032754929217404527
AgeMissing,XGBoost,1,0.8395061728395061,0.8917116714068108,0.8395061728395061,0.8913867851170123,0.0,0.0003248862897985427
AgeMissing,CatBoost,1,0.8451178451178452,0.8986408035875968,0.8451178451178452,0.8978046208417219,0.0,0.000836182745874936
AgeMissing,Panel,1,0.8428731762065096,0.8985662395210857,0.8428731762065096,0.8978552178868543,0.0,0.0007110216342314235
CabinKnown,GradientBoosting,1,0.8462401795735129,0.8963106765091234,0.8473625140291807,0.8973945184759106,-0.001122334455667784,-0.0010838419667871246
CabinKnown,XGBoost,1,0.8417508417508418,0.8917036823996848,0.8395061728395061,0.8913867851170123,0.002244668911335679,0.0003168972826724792
CabinKnown,CatBoost,1,0.8428731762065096,0.8966914858488053,0.8451178451178452,0.8978046208417219,-0.002244668911335568,-0.0011131349929165424
CabinKnown,Panel,1,0.8417508417508418,0.8981108661148924,0.8428731762065096,0.8978552178868543,-0.001122334455667784,0.00025564822803814113
CabinCount,GradientBoosting,1,0.8462401795735129,0.8960656802905868,0.8473625140291807,0.8973945184759106,-0.001122334455667784,-0.0013288381853238107
CabinCount,XGBoost,1,0.8417508417508418,0.8913947741241386,0.8395061728395061,0.8913867851170123,0.002244668911335679,7.989007126285586e-06
CabinCount,CatBoost,1,0.8451178451178452,0.8993917702574592,0.8451178451178452,0.8978046208417219,0.0,0.0015871494157373434
CabinCount,Panel,1,0.8428731762065096,0.8985236314830793,0.8428731762065096,0.8978552178868543,0.0,0.0006684135962250481
CabinNumber,GradientBoosting,1,0.8462401795735129,0.8963106765091234,0.8473625140291807,0.8973945184759106,-0.001122334455667784,-0.0010838419667871246
CabinNumber,XGBoost,1,0.8395061728395061,0.8922895429222724,0.8395061728395061,0.8913867851170123,0.0,0.0009027578052600571
CabinNumber,CatBoost,1,0.8451178451178452,0.9005608283002589,0.8451178451178452,0.8978046208417219,0.0,0.0027562074585369967
CabinNumber,Panel,1,0.8372615039281706,0.8994743233310964,0.8428731762065096,0.8978552178868543,-0.0056116722783390305,0.0016191054442421526
NameLength,GradientBoosting,1,0.8428731762065096,0.8949631973071721,0.8473625140291807,0.8973945184759106,-0.004489337822671136,-0.002431321168738454
NameLength,XGBoost,1,0.8439955106621774,0.8879488490503733,0.8395061728395061,0.8913867851170123,0.004489337822671247,-0.0034379360666390024
NameLength,CatBoost,1,0.8462401795735129,0.8999536637586681,0.8451178451178452,0.8978046208417219,0.001122334455667784,0.0021490429169462866
NameLength,Panel,1,0.8439955106621774,0.8967207788749347,0.8428731762065096,0.8978552178868543,0.001122334455667784,-0.0011344390119195635
CabinCore,GradientBoosting,3,0.8462401795735129,0.8969604490887205,0.8473625140291807,0.8973945184759106,-0.001122334455667784,-0.0004340693871900392
CabinCore,XGBoost,3,0.8406285072951739,0.8924732900861748,0.8395061728395061,0.8913867851170123,0.001122334455667784,0.0010865049691625162
CabinCore,CatBoost,3,0.8417508417508418,0.8956103068843938,0.8451178451178452,0.8978046208417219,-0.0033670033670033517,-0.0021943139573280535
CabinCore,Panel,3,0.8361391694725028,0.897405170485412,0.8428731762065096,0.8978552178868543,-0.006734006734006814,-0.0004500474014422773
SurnameFreq,GradientBoosting,1,0.8451178451178452,0.8953573216587309,0.8473625140291807,0.8973945184759106,-0.002244668911335568,-0.0020371968171796206
SurnameFreq,XGBoost,1,0.8372615039281706,0.8910485838153368,0.8395061728395061,0.8913867851170123,-0.002244668911335568,-0.00033820130167550033
SurnameFreq,CatBoost,1,0.8462401795735129,0.9004196891743628,0.8451178451178452,0.8978046208417219,0.001122334455667784,0.002615068332640913
SurnameFreq,Panel,1,0.8417508417508418,0.898481023445073,0.8428731762065096,0.8978552178868543,-0.001122334455667784,0.0006258055582186728
FamilyGroupFreq,GradientBoosting,1,0.8473625140291807,0.8959218781623154,0.8473625140291807,0.8973945184759106,0.0,-0.0014726403135951749
FamilyGroupFreq,XGBoost,1,0.835016835016835,0.8922123158533857,0.8395061728395061,0.8913867851170123,-0.004489337822671136,0.0008255307363733699
FamilyGroupFreq,CatBoost,1,0.8484848484848485,0.9007179454404075,0.8451178451178452,0.8978046208417219,0.0033670033670033517,0.0029133245986856515
FamilyGroupFreq,Panel,1,0.8406285072951739,0.8989683528797707,0.8428731762065096,0.8978552178868543,-0.002244668911335679,0.0011131349929164314
SharedGroupFlags,GradientBoosting,2,0.8451178451178452,0.8959724752074478,0.8473625140291807,0.8973945184759106,-0.002244668911335568,-0.001422043268462736
SharedGroupFlags,XGBoost,2,0.8406285072951739,0.8913761331075107,0.8395061728395061,0.8913867851170123,0.001122334455667784,-1.0652009501566084e-05
SharedGroupFlags,CatBoost,2,0.8473625140291807,0.8974451155210431,0.8451178451178452,0.8978046208417219,0.002244668911335568,-0.0003595053206787435
SharedGroupFlags,Panel,2,0.8406285072951739,0.8977087527562074,0.8428731762065096,0.8978552178868543,-0.002244668911335679,-0.00014646513064686673
TicketComposition,GradientBoosting,3,0.8451178451178452,0.8972853353785191,0.8473625140291807,0.8973945184759106,-0.002244668911335568,-0.00010918309739149645
TicketComposition,XGBoost,3,0.8383838383838383,0.8921031327559944,0.8395061728395061,0.8913867851170123,-0.001122334455667784,0.0007163476389820955
TicketComposition,CatBoost,3,0.8417508417508418,0.8997938836161443,0.8451178451178452,0.8978046208417219,-0.0033670033670033517,0.0019892627744224622
TicketComposition,Panel,3,0.8406285072951739,0.899812524632772,0.8428731762065096,0.8978552178868543,-0.002244668911335679,0.001957306745917653
FamilyComposition,GradientBoosting,3,0.8439955106621774,0.893498546000703,0.8473625140291807,0.8973945184759106,-0.0033670033670033517,-0.0038959724752075653
FamilyComposition,XGBoost,3,0.8383838383838383,0.8906864154922827,0.8395061728395061,0.8913867851170123,-0.001122334455667784,-0.0007003696247296354
FamilyComposition,CatBoost,3,0.8428731762065096,0.8980922250982649,0.8451178451178452,0.8978046208417219,-0.002244668911335568,0.00028760425654306143
FamilyComposition,Panel,3,0.8395061728395061,0.8972134343143834,0.8428731762065096,0.8978552178868543,-0.0033670033670034627,-0.0006417835724709109
TravelGroup,GradientBoosting,5,0.8439955106621774,0.8940311464757825,0.8473625140291807,0.8973945184759106,-0.0033670033670033517,-0.00336337200012804
TravelGroup,XGBoost,5,0.8395061728395061,0.8891152440907978,0.8395061728395061,0.8913867851170123,0.0,-0.0022715410262145186
TravelGroup,CatBoost,5,0.8417508417508418,0.8971335442431216,0.8451178451178452,0.8978046208417219,-0.0033670033670033517,-0.0006710765986002176
TravelGroup,Panel,5,0.8417508417508418,0.8957008489651573,0.8428731762065096,0.8978552178868543,-0.001122334455667784,-0.0021543689216969586
IsMother,GradientBoosting,1,0.8462401795735129,0.896715452870184,0.8473625140291807,0.8973945184759106,-0.001122334455667784,-0.0006790656057266142
IsMother,XGBoost,1,0.8383838383838383,0.8919566676253476,0.8395061728395061,0.8913867851170123,-0.001122334455667784,0.0005698825083353398
IsMother,CatBoost,1,0.8484848484848485,0.8975782656398129,0.8451178451178452,0.8978046208417219,0.0033670033670033517,-0.00022635520190894542
IsMother,Panel,1,0.8439955106621774,0.8981161921196434,0.8428731762065096,0.8978552178868543,0.001122334455667784,0.0002609742327891462
AdultMale,GradientBoosting,1,0.8462401795735129,0.8969018630364618,0.8473625140291807,0.8973945184759106,-0.001122334455667784,-0.0004926554394487637
AdultMale,XGBoost,1,0.8395061728395061,0.8911444519008511,0.8395061728395061,0.8913867851170123,0.0,-0.00024233321616118353
AdultMale,CatBoost,1,0.8529741863075196,0.8987366716731111,0.8451178451178452,0.8978046208417219,0.007856341189674487,0.0009320508313892528
AdultMale,Panel,1,0.8451178451178452,0.89775934980134,0.8428731762065096,0.8978552178868543,0.002244668911335568,-9.58680855143168e-05
YoungChild,GradientBoosting,1,0.8462401795735129,0.897056317174235,0.8473625140291807,0.8973945184759106,-0.001122334455667784,-0.00033820130167561135
YoungChild,XGBoost,1,0.8395061728395061,0.8919886236538523,0.8395061728395061,0.8913867851170123,0.0,0.0006018385368400381
YoungChild,CatBoost,1,0.8462401795735129,0.8975143535828033,0.8451178451178452,0.8978046208417219,0.001122334455667784,-0.000290267258918564
YoungChild,Panel,1,0.8428731762065096,0.8983585253358046,0.8428731762065096,0.8978552178868543,0.0,0.0005033074489503297
FamilyClass,GradientBoosting,1,0.8462401795735129,0.8957700870269176,0.8473625140291807,0.8973945184759106,-0.001122334455667784,-0.0016244314489929357
FamilyClass,XGBoost,1,0.8383838383838383,0.89103526880346,0.8395061728395061,0.8913867851170123,-0.001122334455667784,-0.0003515163135523469
FamilyClass,CatBoost,1,0.8451178451178452,0.9006673483952747,0.8451178451178452,0.8978046208417219,0.0,0.0028627275535528796
FamilyClass,Panel,1,0.8417508417508418,0.8983984703714356,0.8428731762065096,0.8978552178868543,-0.001122334455667784,0.0005432524845813136
AgeFamilyRatio,GradientBoosting,1,0.8428731762065096,0.8971202292312446,0.8473625140291807,0.8973945184759106,-0.004489337822671136,-0.0002742892446659928
AgeFamilyRatio,XGBoost,1,0.8372615039281706,0.8937754982477444,0.8395061728395061,0.8913867851170123,-0.002244668911335568,0.0023887131307320786
AgeFamilyRatio,CatBoost,1,0.8451178451178452,0.8999163817254126,0.8451178451178452,0.8978046208417219,0.0,0.0021117608836906943
AgeFamilyRatio,Panel,1,0.8428731762065096,0.8990455799486574,0.8428731762065096,0.8978552178868543,0.0,0.0011903620618031185
FarePerFamily,GradientBoosting,1,0.8428731762065096,0.8950803694116894,0.8473625140291807,0.8973945184759106,-0.004489337822671136,-0.002314149064221116
FarePerFamily,XGBoost,1,0.8417508417508418,0.8923294879579032,0.8395061728395061,0.8913867851170123,0.002244668911335679,0.0009427028408909299
FarePerFamily,CatBoost,1,0.8451178451178452,0.9006087623430161,0.8451178451178452,0.8978046208417219,0.0,0.002804141501294266
FarePerFamily,Panel,1,0.8451178451178452,0.8990588949605343,0.8428731762065096,0.8978552178868543,0.002244668911335568,0.0012036770736799651
SexPclass,GradientBoosting,6,0.8462401795735129,0.8938181062857508,0.8473625140291807,0.8973945184759106,-0.001122334455667784,-0.0035764121901598056
SexPclass,XGBoost,6,0.8383838383838383,0.8910645618295892,0.8395061728395061,0.8913867851170123,-0.001122334455667784,-0.0003222232874231512
SexPclass,CatBoost,6,0.8451178451178452,0.899077535977162,0.8451178451178452,0.8978046208417219,0.0,0.0012729151354401447
SexPclass,Panel,6,0.8417508417508418,0.8968725700103324,0.8428731762065096,0.8978552178868543,-0.001122334455667784,-0.0009826478765219138
TitlePclass,GradientBoosting,15,0.8462401795735129,0.8962680684711171,0.8473625140291807,0.8973945184759106,-0.001122334455667784,-0.0011264500047935
TitlePclass,XGBoost,15,0.8383838383838383,0.8926277442239479,0.8395061728395061,0.8913867851170123,-0.001122334455667784,0.0012409591069355574
TitlePclass,CatBoost,15,0.8473625140291807,0.8998125246327718,0.8451178451178452,0.8978046208417219,0.002244668911335568,0.002007903791049981
TitlePclass,Panel,15,0.8383838383838383,0.8986434665899722,0.8428731762065096,0.8978552178868543,-0.004489337822671247,0.0007882487031178886
AgeBand,GradientBoosting,7,0.8462401795735129,0.896936482067342,0.8473625140291807,0.8973945184759106,-0.001122334455667784,-0.00045803640856856287
AgeBand,XGBoost,7,0.8383838383838383,0.8910885288509678,0.8395061728395061,0.8913867851170123,-0.001122334455667784,-0.0002982562660445165
AgeBand,CatBoost,7,0.8462401795735129,0.8956688929366524,0.8451178451178452,0.8978046208417219,0.001122334455667784,-0.00213572790506944
AgeBand,Panel,7,0.8417508417508418,0.8966009437680418,0.8428731762065096,0.8978552178868543,-0.001122334455667784,-0.001254274118812515
FareBand,GradientBoosting,6,0.8439955106621774,0.8975835916445638,0.8473625140291807,0.8973945184759106,-0.0033670033670033517,0.00018907316865324209
FareBand,XGBoost,6,0.8383838383838383,0.8914054261336402,0.8395061728395061,0.8913867851170123,-0.001122334455667784,1.864101662785167e-05
FareBand,CatBoost,6,0.8451178451178452,0.8975143535828034,0.8451178451178452,0.8978046208417219,0.0,-0.00029026725891845295
FareBand,Panel,6,0.8417508417508418,0.8975969066564407,0.8428731762065096,0.8978552178868543,-0.001122334455667784,-0.0002583112304136437
TicketWCGDetail,GradientBoosting,5,0.8451178451178452,0.8972134343143834,0.8473625140291807,0.8973945184759106,-0.002244668911335568,-0.00018108416152717854
TicketWCGDetail,XGBoost,5,0.8372615039281706,0.8937621832358674,0.8395061728395061,0.8913867851170123,-0.002244668911335568,0.002375398118855121
TicketWCGDetail,CatBoost,5,0.8496071829405163,0.9034821419060706,0.8451178451178452,0.8978046208417219,0.004489337822671136,0.005677521064348712
TicketWCGDetail,Panel,5,0.8417508417508418,0.9016446702670458,0.8428731762065096,0.8978552178868543,-0.001122334455667784,0.0037894523801914604
FamilyWCGDetail,GradientBoosting,5,0.8484848484848485,0.8942761426943193,0.8473625140291807,0.8973945184759106,0.001122334455667784,-0.0031183757815912427
FamilyWCGDetail,XGBoost,5,0.835016835016835,0.8918235175065775,0.8395061728395061,0.8913867851170123,-0.004489337822671136,0.00043673238956520866
FamilyWCGDetail,CatBoost,5,0.8417508417508418,0.8996740485092514,0.8451178451178452,0.8978046208417219,-0.0033670033670033517,0.0018694276675295107
FamilyWCGDetail,Panel,5,0.8428731762065096,0.8988618327847548,0.8428731762065096,0.8978552178868543,0.0,0.0010066148979005485
BothWCGDetail,GradientBoosting,10,0.8439955106621774,0.8977407087847121,0.8473625140291807,0.8973945184759106,-0.0033670033670033517,0.0003461903088015639
BothWCGDetail,XGBoost,10,0.8395061728395061,0.8959778012121986,0.8395061728395061,0.8913867851170123,0.0,0.004591016095186307
BothWCGDetail,CatBoost,10,0.8417508417508418,0.8997379605662609,0.8451178451178452,0.8978046208417219,-0.0033670033670033517,0.0019333397245390183
BothWCGDetail,Panel,10,0.8417508417508418,0.900219963996208,0.8428731762065096,0.8978552178868543,-0.001122334455667784,0.002364746109353666
