PassengerId,Survived,single_best,leaderboard
1,0,0.11736651322172145,0.1266279748828628
2,1,0.9721961201878075,0.9827566655866405
3,1,0.5271055799575333,0.45766524836343103
4,1,0.9629948492764517,0.9704249630241244
5,0,0.10960733141773643,0.11980730847180551
6,0,0.10918500961934544,0.10471423241660516
7,0,0.3564141786017219,0.36449344246468657
8,0,0.2504605783783685,0.25627320464718223
9,1,0.6101867936592693,0.5681759766326635
10,1,0.8874906177116382,0.8987878410206054
11,1,0.6848664564197441,0.6805712846960151
12,1,0.8603218824064658,0.8571677203607571
13,0,0.10087575575325206,0.0986105231519478
14,0,0.12918862157743144,0.13288031418134263
15,0,0.5604419290206213,0.5590324700354543
16,1,0.8821892036756457,0.8981283701503905
17,0,0.16979072387121086,0.14873563405684384
18,1,0.11269547128552274,0.10247270440556482
19,0,0.4567496800559593,0.41558486240106335
20,1,0.6379422660658848,0.6684757577490342
21,0,0.14792175340723301,0.1269931592112463
22,1,0.3302098743463331,0.33273551081844094
23,1,0.6222500573453998,0.6431698879268323
24,1,0.28468972986095537,0.27776929129582256
25,0,0.2101233638125379,0.1983040808840345
26,1,0.46483928932210367,0.4733349297722644
27,0,0.11475552768907096,0.11419622176364923
28,0,0.36507284894881986,0.35646703741927993
29,1,0.6681112038816074,0.7082734403567152
30,0,0.09391076630911606,0.08719902091127099
31,0,0.362715446976466,0.3780282452773666
32,1,0.9735312596520285,0.9832944872626028
33,1,0.721524393750441,0.7546585150780055
34,0,0.12134172595232456,0.1270765936562559
35,0,0.2743377038390602,0.2865047913556195
36,0,0.24199645501147343,0.23956357538032935
37,1,0.10116087914551329,0.10077469522776315
38,0,0.10087575575325206,0.0986105231519478
39,0,0.5077630176347838,0.4882109564618684
40,1,0.6510105199860033,0.6343844613395658
41,0,0.54536642029932,0.5075368096054406
42,0,0.8767283239413528,0.8968891337784545
43,0,0.12010741392349238,0.12331753882678544
44,1,0.9035219438035998,0.9150648931617164
45,1,0.6382830774243379,0.665053352851516
46,0,0.09826480135901125,0.0904352739574232
47,0,0.11394487545499472,0.10281971236887658
48,1,0.6283222573008155,0.663820840943925
49,0,0.13317797534729336,0.1170294546631485
50,0,0.6029236261105115,0.5891719245264601
51,0,0.17850257460655614,0.1524900640575063
52,0,0.09832469828852988,0.09490707326816464
53,1,0.9747855769359806,0.981006713996538
54,1,0.8342319695036479,0.8359157144731748
55,0,0.3402257436442142,0.34783748072040666
56,1,0.29705191195683744,0.2763942281426848
57,1,0.7390282022629674,0.757303942088901
58,0,0.14955720687056023,0.17100842544596828
59,1,0.8607786616676284,0.8880107255161611
60,0,0.14344332210272456,0.16226873730065322
61,0,0.13590954267669209,0.1511979416582027
62,1,0.9501924923627965,0.963034154502825
63,0,0.30348475999370356,0.31045674545669155
64,0,0.1951719119142476,0.22081748900126874
65,0,0.2427237129853269,0.2593307557326269
66,1,0.586667978193952,0.5862703187466767
67,1,0.7771181868280629,0.7803659377984313
68,0,0.11563750948862785,0.1159942136927798
69,1,0.40348206038629536,0.38011368126519907
70,0,0.10443341470237148,0.09498259097159772
71,0,0.1373810049102184,0.14627568006721506
72,0,0.19631881913944313,0.16991096875933465
73,0,0.17129137026928115,0.16369046134223927
74,0,0.11497297339221711,0.09610455382240207
75,1,0.25278720029650326,0.28927256792517364
76,0,0.18108080758632533,0.17475349427723655
77,0,0.09376045866711273,0.084914520472929
78,0,0.10161710800760307,0.10033466453727517
79,1,0.6158591490805178,0.6125375311997698
80,1,0.5450130258343037,0.4941597157547271
81,0,0.11431364634397681,0.11085454446203209
82,1,0.11836015160284936,0.13416068136119627
83,1,0.6268634976331526,0.6633948630254094
84,0,0.19057583831406322,0.19892702941189813
85,1,0.7957287394799829,0.7974236907845028
86,1,0.6161738634464571,0.593224463722731
87,0,0.11488995103550648,0.10209798793119627
88,0,0.1131146513121739,0.11231299819040064
89,1,0.7163953861900278,0.7124426996467758
90,0,0.10161710800760307,0.10033466453727517
91,0,0.12183444715350049,0.14063638699486455
92,0,0.09288435688002449,0.08250298615479666
93,0,0.4211031106858806,0.42811745147318003
94,0,0.26881438994890633,0.27176879764576645
95,0,0.09234392802702614,0.0812902748191565
96,0,0.10161710800760307,0.10033466453727517
97,0,0.36787722664797495,0.37723767837106187
98,1,0.40117875175338735,0.4066557674271082
99,1,0.8299726153719889,0.8321187239421576
100,0,0.11895845703486804,0.09830843824809267
101,0,0.6013293863881032,0.5771593621714239
102,0,0.09391076630911606,0.08719902091127099
103,0,0.36880914591044023,0.3641450222776201
104,0,0.11977748248599247,0.14270764260422583
105,0,0.10129155633087876,0.09022084931589536
106,0,0.10748890791326908,0.11803136871573802
107,1,0.5545058533910765,0.5400220823364165
108,1,0.09018491787714168,0.07583492748605179
109,0,0.09851451594689799,0.08855742719136296
110,1,0.6556774927841781,0.674688756968726
111,0,0.26188741108675023,0.23974275324453848
112,0,0.651056588906482,0.6583611805908556
113,0,0.1160547477550798,0.11934555267619344
114,0,0.5543247608664242,0.5130240376971732
115,0,0.6184894257574096,0.6169862553746179
116,0,0.10087575575325206,0.0986105231519478
117,0,0.10977952787023829,0.10959537180843089
118,0,0.10438801628063597,0.08342617040082508
119,0,0.3838019308142385,0.39208148221504274
120,0,0.24455637306007463,0.2108203505431095
121,0,0.12353088837044875,0.11464129531467514
122,0,0.09826480135901125,0.0904352739574232
123,0,0.16586951333070235,0.1626350851745252
124,1,0.8506711424790269,0.8691844616143358
125,0,0.3936492251244136,0.38851548674092606
126,1,0.5042037556626109,0.506116812176736
127,0,0.0876246309839026,0.07694435285968465
128,1,0.09027003469765789,0.07688505954974274
129,1,0.7868652579736264,0.7986377335727229
130,0,0.10714880730618247,0.1027386821291302
131,0,0.10609451662833737,0.10552087346272204
132,0,0.10599125404904076,0.1045864530853076
133,0,0.5626743802553746,0.5207187191263426
134,1,0.8743991514179131,0.8876822370264084
135,0,0.11052539649523936,0.09981334215377177
136,0,0.10155997623874964,0.09530835229574817
137,1,0.9160361172865349,0.9191367824495248
138,0,0.31583366625852916,0.31530608852638553
139,0,0.12805790890970392,0.1263047501545017
140,0,0.3918164570645944,0.41403174421371464
141,0,0.6102846957885077,0.6169435871133843
142,1,0.5577665302022256,0.5160251768806061
143,1,0.5934035561797193,0.5728104888514525
144,0,0.1106998524162691,0.10950235994967748
145,0,0.11516935592094017,0.10807772355204975
146,0,0.2572484888575263,0.2626353589894179
147,1,0.09877935854408151,0.08889600865982808
148,0,0.1715030493568283,0.16385039807528048
149,0,0.29193393188268574,0.2656084186071135
150,0,0.2438601219153778,0.2384324263087373
151,0,0.2684554625274725,0.2765872084201394
152,1,0.9619678852090824,0.9683832018147259
153,0,0.12028734365556791,0.1294579595734731
154,0,0.1349491897840222,0.1008846754987546
155,0,0.08956332634150944,0.07477020948153093
156,0,0.270663932457606,0.2699614080986946
157,1,0.6760061931199347,0.7184193686251197
158,0,0.12374488693571403,0.14109391985517972
159,0,0.10815958996189654,0.10343970843490102
160,0,0.23534951960055273,0.24756393949444616
161,0,0.10180042710686917,0.07254538010212305
162,1,0.8098293568872391,0.8185633578276029
163,0,0.09774062645758777,0.08946148361358915
164,0,0.1106179627533821,0.10845487479608971
165,0,0.17850257460655614,0.1524900640575063
166,1,0.5600635423996504,0.5846657703006066
167,1,0.9650497425021891,0.9764507252274472
168,0,0.3618839513005016,0.35368281803094287
169,0,0.23390884215505062,0.2659733844505493
170,0,0.3481656001154578,0.37694448701634803
171,0,0.27064546751697255,0.25979025709672054
172,0,0.15838307583206218,0.1655468842977611
173,1,0.6289725030296043,0.6273032618192607
174,0,0.10355572146056952,0.10188380504033756
175,0,0.3037658139550898,0.2964725052318284
176,0,0.1227853263042016,0.13030760828471416
177,0,0.21313696661613316,0.21616967925023697
178,0,0.9485896617043431,0.9526622750879423
179,0,0.1143943115879435,0.10829633888259825
180,0,0.0974516559337606,0.09101617000976003
181,0,0.23964920037331874,0.21461407520494782
182,0,0.16497104757827316,0.19319672041608493
183,0,0.3695914154789019,0.3918464343393013
184,1,0.7131909188584938,0.703825633972822
185,1,0.658892980248205,0.6439528799767447
186,0,0.29705191195683744,0.2763942281426848
187,1,0.6115247004794632,0.5867112766197372
188,1,0.20596954995735903,0.2391547629698112
189,0,0.09792042195824163,0.08376295118620256
190,0,0.10567114559194336,0.1083350114661315
191,1,0.7962581623644641,0.8165455474152404
192,0,0.09830008515367537,0.09023347523256277
193,1,0.5284315042919141,0.49330741057119226
194,1,0.7231253511420582,0.7235676415304626
195,1,0.8899202262760477,0.8825283349812946
196,1,0.9334250774060431,0.9402373678713968
197,0,0.07924799744057558,0.05961122252461226
198,0,0.11326889578657894,0.11413360113415887
199,1,0.6783600463450065,0.7223135951027952
200,0,0.8312062174493384,0.8731454008704234
201,0,0.1205466889351697,0.14685853771557736
202,0,0.20857984857466197,0.17981155947871252
203,0,0.10564096550868787,0.10704281235078657
204,0,0.10299067272517443,0.09547479961403463
205,1,0.10087575575325206,0.0986105231519478
206,0,0.641766097398343,0.6346281926925077
207,0,0.10229962278935409,0.07594371818767835
208,1,0.12479198218410036,0.11610191199541806
209,1,0.6760061931199347,0.7184193686251197
210,1,0.39069987008452123,0.41690762931534364
211,0,0.09165577772494292,0.08430187531335037
212,1,0.7917728226497646,0.8169010974050916
213,0,0.0925328907525152,0.07744485955931282
214,0,0.1143943115879435,0.10829633888259825
215,0,0.11356429995761627,0.11751088849685397
216,1,0.971068686244659,0.9822861568111407
217,1,0.5169992545962842,0.4491859149560921
218,0,0.10831639100752795,0.06397913851669543
219,1,0.9615425096944639,0.9705404867537955
220,0,0.10452026224073108,0.10477305821793378
221,1,0.11164280459220413,0.11452647434412981
222,0,0.1368983159531969,0.14351121875027104
223,0,0.10970346230370974,0.11612250535876614
224,0,0.0908535940421678,0.07716392666620807
225,1,0.3531722026624203,0.35978607806461615
226,0,0.11431364634397681,0.11085454446203209
227,1,0.09144488783679705,0.07376198664699835
228,0,0.09681238448958668,0.09253697469523732
229,0,0.09993220186550425,0.07989280692359103
230,0,0.19056113179288905,0.15968670178923478
231,1,0.9718264101766299,0.9842886263541971
232,0,0.11751244882803183,0.13230059716529868
233,0,0.124125424778222,0.12341302605380763
234,1,0.3340085954496637,0.336422155716713
235,0,0.1243997518369769,0.11870918696210908
236,0,0.6127935343525612,0.6031407910318772
237,0,0.14191616783337407,0.10968401371620043
238,1,0.8645097015049642,0.9042649650543123
239,0,0.12871038231345042,0.12838714041170352
240,0,0.1143943115879435,0.10829633888259825
241,0,0.6355259378350832,0.6130145123908547
242,1,0.6349561755576589,0.6268842953628518
243,0,0.13711225262037718,0.1430826768109802
244,0,0.08960560643682304,0.08062176195026184
245,0,0.10872968963607917,0.11257169992848298
246,0,0.6036401849827469,0.5962375278112961
247,0,0.5606875480022724,0.5198499590056069
248,1,0.8201199023679883,0.8201332913897877
249,1,0.4101345882032731,0.4344644679437198
250,0,0.39908987421472636,0.3923439382944793
251,0,0.09165577772494292,0.08430187531335037
252,0,0.6404840948164421,0.6151328362318014
253,0,0.29938668592588286,0.29454536130816794
254,0,0.0977936386391338,0.0664929606460647
255,0,0.4995332522488291,0.46859940149857804
256,1,0.589754373091602,0.5735250006533246
257,1,0.9198497666699574,0.9275172172678566
258,1,0.9769904516405977,0.9867521208892427
259,1,0.9384140524886456,0.9528632226892192
260,1,0.8516055646534482,0.8447621507370701
261,0,0.0876246309839026,0.07694435285968465
262,1,0.3525317812569908,0.36961446996201547
263,0,0.3705994474572023,0.37310717181135455
264,0,0.28238951660567224,0.3042193403424862
265,0,0.6783600463450065,0.7223135951027952
266,0,0.13558544735132383,0.1379194700264472
267,0,0.1225379149398137,0.1169309489214304
268,1,0.08624328902989392,0.07144744806679808
269,1,0.9618724241218379,0.9724685670727768
270,1,0.9479708103700161,0.9502157667282275
271,0,0.18372051230367883,0.18537916012407257
272,1,0.09543152496783726,0.09080216664591996
273,1,0.8913498799817424,0.903441928102312
274,0,0.39393965887858423,0.4185926188085234
275,1,0.721524393750441,0.7546585150780055
276,1,0.9407139586782668,0.9580334450896559
277,0,0.6365735429456123,0.6231561362060355
278,0,0.10727660479564545,0.0980311904826658
279,0,0.15474599560421684,0.15517454192325678
280,1,0.5698580225673252,0.5507683128676855
281,0,0.08783090761569616,0.0714164531580284
282,0,0.11000664802479311,0.12205534676836309
283,0,0.13236481405186382,0.13461491597513223
284,1,0.10355572146056952,0.10188380504033756
285,0,0.329570960138326,0.34854664070350033
286,0,0.12211477491809518,0.1423051325669466
287,1,0.11309629682635895,0.12431027917498505
288,0,0.0929919448785796,0.0789903123771489
289,1,0.09943409406508559,0.0863413533712591
290,1,0.6283222573008155,0.663820840943925
291,1,0.8752729186872803,0.8959173495289692
292,1,0.9682448866954743,0.9718933754396438
293,0,0.34466247597069055,0.3438613754840967
294,0,0.5445169982200925,0.48504163677386325
295,0,0.1076912842375798,0.10304258354542856
296,0,0.2495804878225435,0.27432893062377384
297,0,0.1233300193891813,0.1371174182617525
298,0,0.7899346266554559,0.7926379150125171
299,1,0.2812832569181347,0.2785252902004974
300,1,0.9016531572624433,0.901239143603053
301,1,0.642428855499233,0.6794087481100193
302,1,0.0986546928275217,0.08586559529508662
303,0,0.09409327988185483,0.08677429816430293
304,1,0.8558326173916156,0.8728500379089205
305,0,0.10161710800760307,0.10033466453727517
306,1,0.5383739467061227,0.5290457155532459
307,1,0.9086272207147057,0.9247911356490386
308,1,0.9113977855294443,0.9078238409268884
309,0,0.16630368662996572,0.16509103030322356
310,1,0.9518252977111102,0.9620763988641639
311,1,0.9326658707323201,0.9323620970328668
312,1,0.7634130188496313,0.7790555164369667
313,0,0.909075818712914,0.9305090582647364
314,0,0.11751244882803183,0.13230059716529868
315,0,0.11251477957500595,0.06770941025387153
316,1,0.5609367482386356,0.5202896813010258
317,1,0.8638561580203138,0.8734030199112123
318,0,0.28340929184813657,0.2911590398426789
319,1,0.9090287273962944,0.9117135388964298
320,1,0.9090832094566819,0.902967597150425
321,0,0.10261618012056321,0.09478815033958694
322,0,0.10100891011765678,0.09501842922050563
323,1,0.8296927769351341,0.8568963051242144
324,1,0.887391047566082,0.9055627174945663
325,0,0.1511139147779093,0.12290060403296635
326,1,0.9853056968357476,0.9875369028505382
327,0,0.09717055845834331,0.08660411101967883
328,1,0.8211093256354638,0.8287861362785779
329,1,0.4566856060039953,0.41736224223121965
330,1,0.9457639987787823,0.9588332203975437
331,1,0.7071584690956794,0.7329998575254562
332,0,0.32610673779661553,0.34362445116827045
333,0,0.34450236103925824,0.35192633511923715
334,0,0.1738182821009589,0.1699033349206743
335,1,0.9256513973908793,0.9303047447322421
336,0,0.1076912842375798,0.10304258354542856
337,0,0.36919065758500424,0.3812830450208862
338,1,0.8770910247007986,0.8739648596221014
339,1,0.10976387491407544,0.11603083124844335
340,0,0.27072308450377963,0.2621645683338201
341,1,0.6846900791153442,0.6876758944340572
342,1,0.7230400304383222,0.7059169958947175
343,0,0.1368983159531969,0.14351121875027104
344,0,0.12294719082112447,0.1141955007867282
345,0,0.11285490028258321,0.10668994025342436
346,1,0.8135429559151016,0.8317458084172409
347,1,0.8126566918934901,0.8358719342883751
348,1,0.6244203847266454,0.6101261660100119
349,1,0.6479486198237044,0.6704053695515564
350,0,0.11437028640630388,0.1238620649176064
351,0,0.1016592522061109,0.10134185473073684
352,0,0.3177717114188543,0.317240620468854
353,0,0.19378246346459815,0.2095030141651187
354,0,0.10280596970699345,0.07416582538106468
355,0,0.10116087914551329,0.10077469522776315
356,0,0.11700955949227088,0.1403940346439549
357,1,0.9415408282066801,0.9554711550091217
358,0,0.8749315806595926,0.9081025116935858
359,1,0.6725520416041231,0.709045626690902
360,1,0.7215070910499369,0.7571685699957469
361,0,0.11376678798165991,0.10587062961582365
362,0,0.16418830632881432,0.13582271347222308
363,0,0.6709514261828918,0.6598806200059111
364,0,0.10346284272508309,0.09998975862744634
365,0,0.12800702863793373,0.1150508077211693
366,0,0.10564096550868787,0.10704281235078657
367,1,0.96348587695983,0.969774270475272
368,1,0.6751418042118675,0.6902682227423806
369,1,0.721524393750441,0.7546585150780055
370,1,0.9545937369887236,0.9619896472882417
371,1,0.4008970948591091,0.40578367750346866
372,0,0.09727606532304997,0.09214444427313653
373,0,0.10031447103810666,0.0990531015773093
374,0,0.3629279635960169,0.38736662408093026
375,0,0.1594071458489664,0.1402777248353562
376,1,0.9457958843520601,0.9565129755739954
377,1,0.5783019177947085,0.5495445427965875
378,0,0.44303567991764137,0.46368599800649773
379,0,0.12159414580044664,0.1263577258792515
380,0,0.09288435688002449,0.08250298615479666
381,1,0.8339446826135057,0.8386569697994491
382,1,0.6378000835285559,0.6337878940520861
383,0,0.12374488693571403,0.14109391985517972
384,1,0.8997028156017511,0.9149049443257781
385,0,0.1076912842375798,0.10304258354542856
386,0,0.16946760147527076,0.1604198025222101
387,0,0.2381332854862272,0.25514050581754666
388,1,0.8126566918934901,0.8358719342883751
389,0,0.0876246309839026,0.07694435285968465
390,1,0.8338708876961319,0.8542613466180985
391,1,0.34609841495139554,0.35275878834361596
392,1,0.09288435688002449,0.08250298615479666
393,0,0.12373224171303636,0.13609761344443033
394,1,0.9697181737820196,0.9744462289168045
395,1,0.696598917770298,0.6894875726065949
396,0,0.0929919448785796,0.0789903123771489
397,0,0.5958654736940993,0.5673626966175276
398,0,0.12171679266285793,0.09508056226583808
399,0,0.20488024597916632,0.2004325912625552
400,1,0.8401618751080793,0.8622677770611772
401,1,0.11046746467202458,0.11522482550057207
402,0,0.11487948708673193,0.115032132611309
403,0,0.6010222695458346,0.5702263432249209
404,0,0.12295598430920715,0.08316794652452822
405,0,0.5510831985555964,0.4909108753447656
406,0,0.10162534266516235,0.05769425191731714
407,0,0.09672962708591634,0.08599060440977314
408,1,0.6358541271088124,0.6867641151375278
409,0,0.09288435688002449,0.08250298615479666
410,0,0.15208029825452005,0.14279489326712055
411,0,0.1076912842375798,0.10304258354542856
412,0,0.09033567120664938,0.08552119924429298
413,1,0.8585470375308062,0.8636259591772312
414,0,0.08944660483652844,0.08297375868816101
415,1,0.10883155878632983,0.11624952100108255
416,0,0.5808558206001065,0.5546261508166139
417,1,0.8767604572298172,0.8937402554361578
418,1,0.8502445088231243,0.8681636351219709
419,0,0.11762557426712125,0.12293869918533167
420,0,0.6236995221293309,0.638154425973319
421,0,0.10767803257881292,0.11264986074553528
422,0,0.11171640312523803,0.11042861546302457
423,0,0.10100891011765678,0.09501842922050563
424,0,0.45333669501078533,0.440166481639182
425,0,0.13540273869115288,0.11939193228382919
426,0,0.09027003469765789,0.07688505954974274
427,1,0.8644330496034851,0.8664698656176507
428,1,0.8421071671762681,0.8748480798829616
429,0,0.1041318954424568,0.09893096099936483
430,1,0.26186005427224507,0.2761494264732463
431,1,0.29732770810141695,0.29938404211880487
432,1,0.6025526208530859,0.58682215775368
433,1,0.8437368802561936,0.843493817554171
434,0,0.0929015933014314,0.08226987622141757
435,0,0.3688496774243451,0.3807541307266615
436,1,0.9340973054819516,0.9442201606083113
437,0,0.19301440397810493,0.17208497077662963
438,1,0.7958600212654747,0.801988035200717
439,0,0.2726566396302909,0.2748328978526116
440,0,0.12594267444897175,0.13284533128496673
441,1,0.8531751407635509,0.8558350908244705
442,0,0.09999517386027544,0.09805305396655017
443,0,0.11417380060192724,0.1151117531920644
444,1,0.824134477233841,0.8616152179204678
445,1,0.09486008634243775,0.07901319678674744
446,1,0.678522289702887,0.6692632680931028
447,1,0.8398075200201197,0.8772328340819597
448,1,0.2565825324301032,0.2891039073943544
449,1,0.6893814443082139,0.725761955700309
450,1,0.34669519938808563,0.32455625242200586
451,0,0.2576159416215167,0.24391023502233058
452,0,0.0976094280824586,0.07684403288382365
453,0,0.33675371899334233,0.33221937039087707
454,1,0.3659753626801971,0.37759034705292976
455,0,0.09826480135901125,0.0904352739574232
456,1,0.10737814484820284,0.10755920207306688
457,0,0.4588124128297687,0.4922744634918677
458,1,0.9493681128339829,0.9659754518114714
459,1,0.709396803322552,0.7166005145599397
460,0,0.09067231059879348,0.08561585820198604
461,1,0.39287508873500004,0.40159218827072396
462,0,0.11581720589285344,0.13300272188826234
463,0,0.4142050135788449,0.4339814904351454
464,0,0.09943409406508559,0.0863413533712591
465,0,0.09905564265923028,0.09256096758296581
466,0,0.09775292661585996,0.08596111655510541
467,0,0.10688099505014752,0.09141330491661137
468,0,0.20156121060597143,0.2127994739600893
469,0,0.07924799744057558,0.05961122252461226
470,1,0.6893814443082139,0.725761955700309
471,0,0.09011563828919063,0.08356497042293207
472,0,0.115073876164253,0.12362404617268972
473,1,0.9097142649703687,0.9267127791930291
474,1,0.8798870238522133,0.8862241054716102
475,0,0.6352827118086819,0.607312097304131
476,0,0.2555434410632126,0.243019601169096
477,0,0.11358632120947466,0.08973708967003455
478,0,0.11346581769351591,0.11803427613884558
479,0,0.10340629903767141,0.09456882464322049
480,1,0.6047785440987281,0.58685061954769
481,0,0.2381332854862272,0.25514050581754666
482,0,0.11426218386002199,0.10982081854140897
483,0,0.10970346230370974,0.11612250535876614
484,1,0.5226374276243901,0.46136101826565235
485,1,0.38961135169581085,0.4057439031200446
486,0,0.17520590697901078,0.15778000708698056
487,1,0.9591797549685686,0.9701994121772383
488,0,0.37304633999372033,0.3827271529240566
489,0,0.11581720589285344,0.13300272188826234
490,1,0.7040344191925941,0.7286635530439982
491,0,0.1145987201308847,0.11530755945225003
492,0,0.0929015933014314,0.08226987622141757
493,0,0.3166001595034924,0.33070865202697614
494,0,0.23689821487351057,0.2367943735459936
495,0,0.11791121943340675,0.12599768420059254
496,0,0.1162282669176835,0.10924418610736275
497,1,0.9639447328292822,0.9714891205866378
498,0,0.10115464329746864,0.08458966698048483
499,0,0.9090864528562363,0.9020440800500349
500,0,0.1076912842375798,0.10304258354542856
501,0,0.09640886366690181,0.08365907861656272
502,0,0.7140629656367659,0.7447516780919748
503,0,0.672673479928639,0.7218990325111878
504,0,0.6280241614954807,0.6014426731081173
505,1,0.9427353914431782,0.9619468126141514
506,0,0.46799307969637144,0.4726244549665002
507,1,0.8901169342309834,0.9052449734379382
508,1,0.23408731063240695,0.25646590839218786
509,0,0.13832598921266137,0.13470921668444288
510,1,0.3427237710995017,0.3697824753383353
511,1,0.09722903192943387,0.09315746162333172
512,0,0.10161710800760307,0.10033466453727517
513,1,0.4529096900226752,0.49586279994123256
514,1,0.9394345537743672,0.9385582215419522
515,0,0.09238980651001318,0.08209320589214462
516,0,0.4228308584661488,0.45477767348280523
517,1,0.8530988016567649,0.8692948856860219
518,0,0.1149839462087619,0.11583672573059982
519,1,0.8695911795053011,0.8792338514939472
520,0,0.10774567082367471,0.11491699836953026
521,1,0.9520707446567179,0.9653473878766665
522,0,0.10690789920625697,0.10004027713926278
523,0,0.10116087914551329,0.10077469522776315
524,1,0.9714278950716806,0.9806398584578561
525,0,0.13161233259561353,0.14037462366558776
526,0,0.11010144178684923,0.11300759726259875
527,1,0.709396803322552,0.7166005145599397
528,0,0.342920638837858,0.3336373861674781
529,0,0.11823554207143241,0.13119026265737013
530,0,0.23370669852102394,0.23410881482998538
531,1,0.8877847421350717,0.9176797237367477
532,0,0.13161233259561353,0.14037462366558776
533,0,0.18289291100366625,0.1923304090118243
534,1,0.6764608739292882,0.6744581948108299
535,0,0.6285668052017872,0.5960890495891243
536,1,0.9010024149755277,0.932282553188099
537,0,0.40752888172096907,0.39424453018962025
538,1,0.857608965768242,0.8634517400996814
539,0,0.11069206454511271,0.09123835226537466
540,1,0.9486042830774295,0.9569781291364677
541,1,0.8860830179624186,0.8891290180691956
542,0,0.2665503739382875,0.23607165999899696
543,0,0.22538236567056158,0.20979830370162578
544,1,0.10497399031540022,0.05392250414519651
545,0,0.37206815762252565,0.39391785483248337
546,0,0.22721773662686012,0.2435704929775019
547,1,0.9081877691394266,0.9290908600011442
548,1,0.1090799988092536,0.1064536156964505
549,0,0.2514784098787881,0.2549493115392458
550,1,0.5357476269335312,0.5340565116964241
551,1,0.41998288971911474,0.42402787743665243
552,0,0.14972711942962513,0.13572580759487948
553,0,0.10783398363646131,0.10277589127210437
554,1,0.11822649515447657,0.1179079273585506
555,1,0.5449850845498496,0.4892913394888009
556,0,0.22721773662686012,0.2435704929775019
557,1,0.9491239919540284,0.9582465806562798
558,0,0.34664709833367807,0.3542658740296773
559,1,0.9676246665246037,0.9745893756096572
560,1,0.6067216516439607,0.5801585686194928
561,0,0.0876246309839026,0.07694435285968465
562,0,0.09851451594689799,0.08855742719136296
563,0,0.10508204124581406,0.10002685992336562
564,0,0.09905564265923028,0.09256096758296581
565,0,0.6410873952434041,0.6230382073466117
566,0,0.12944512917407963,0.11386099094957576
567,0,0.11031119696198481,0.10962153320830091
568,0,0.2235047365008106,0.22383026308415446
569,0,0.10116087914551329,0.10077469522776315
570,1,0.10320743774831849,0.10408614554639498
571,1,0.09420616315244691,0.07942837926023036
572,1,0.9587859635805678,0.969618933151314
573,1,0.5178704603156167,0.5665508955727487
574,1,0.6783600463450065,0.7223135951027952
575,0,0.1394336940329295,0.13863839793155036
576,0,0.0949557298132523,0.08232020962661345
577,1,0.7757961403450424,0.809427465508676
578,1,0.960113059394229,0.9771000972680229
579,0,0.7036844052888871,0.6982714739617358
580,1,0.12374488693571403,0.14109391985517972
581,1,0.8688211708065086,0.8930103590710978
582,1,0.968659234667494,0.9760430469079405
583,0,0.12335030347724747,0.10400421780395504
584,0,0.38533266743990585,0.4093432794964906
585,0,0.1323282696079338,0.15273518351422094
586,1,0.9561120076863873,0.9673504076559611
587,0,0.11832601066566321,0.12386504070228006
588,1,0.3402257436442142,0.34783748072040666
589,0,0.1160547477550798,0.11934555267619344
590,0,0.1131146513121739,0.11231299819040064
591,0,0.09775292661585996,0.08596111655510541
592,1,0.9710314201827964,0.9773449446511953
593,0,0.09347142244677084,0.08484012175597946
594,0,0.682689140065041,0.6960305374310445
595,0,0.12316758014175062,0.092202052450205
596,0,0.12298699322306028,0.08412678727733729
597,1,0.8207846539017095,0.857499778941194
598,0,0.09572625860081183,0.08638133620367355
599,0,0.11466733479887839,0.11845098959611516
600,1,0.5068212072786322,0.4927295351196688
601,1,0.8759418741677861,0.8891018271169927
602,0,0.0908535940421678,0.07716392666620807
603,0,0.2140789048856437,0.20281841320783023
604,0,0.12251415682342166,0.1368108505627598
605,1,0.20538407062676028,0.21151961431706334
606,0,0.09372814553233202,0.06193537165939261
607,0,0.10105069238557432,0.0990179741062261
608,1,0.20843401149938853,0.23102010896348035
609,1,0.9036380236695927,0.9075642507809855
610,1,0.9534300963793076,0.9702886489348729
611,0,0.26873941309318317,0.25835401701105437
612,0,0.09220310621273686,0.08384746540199926
613,1,0.6349561755576589,0.6268842953628518
614,0,0.1041318954424568,0.09893096099936483
615,0,0.11823554207143241,0.13119026265737013
616,1,0.7977540640897983,0.8083754515641212
617,0,0.12807289439358388,0.1118613277291332
618,0,0.6364195603681841,0.6341468172250572
619,1,0.8909386498121354,0.906650331551067
620,0,0.11875641056779196,0.11715166830925172
621,0,0.15830533199671742,0.16727639518365364
622,1,0.38692701570945454,0.4040346247896135
623,1,0.14428390452802367,0.14992208330441648
624,0,0.11080225834432414,0.11080868213611543
625,0,0.10615676714566712,0.08945985290565057
626,0,0.4339345634663587,0.46478961545899056
627,0,0.19872386945581122,0.20629306921598178
628,1,0.9443844329575979,0.9566222227518716
629,0,0.09865051816400072,0.08891310017251047
630,0,0.1041318954424568,0.09893096099936483
631,1,0.27064546751697255,0.25979025709672054
632,0,0.09234392802702614,0.0812902748191565
633,1,0.45559121208941294,0.43441488633895897
634,0,0.162912385693408,0.16829104982287255
635,0,0.34998932590320414,0.34752100648444423
636,1,0.8260174374504377,0.8512110775487912
637,0,0.1153016853565703,0.13437432295496862
638,0,0.12388438698892915,0.09972155376654049
639,0,0.2581722934466807,0.25339885862420053
640,0,0.09448995254415479,0.0654300835146415
641,0,0.09302015458088132,0.08438393464833832
642,1,0.9516702846515872,0.9608118391327254
643,0,0.3259488848041206,0.32868713094029456
644,1,0.24244690349506862,0.2716030974759104
645,1,0.672022577083128,0.6754744277811693
646,1,0.4027764102193449,0.41233293593516845
647,0,0.11031119696198481,0.10962153320830091
648,1,0.38445811525569096,0.3674184839215071
649,0,0.08956332634150944,0.07477020948153093
650,1,0.5988953185452511,0.576477801829271
651,0,0.09018491787714168,0.07583492748605179
652,1,0.8420312964278577,0.8789596214366884
653,0,0.10511452039351757,0.10147555120420003
654,1,0.6725520416041231,0.709045626690902
655,0,0.6761245246056778,0.7167087447499249
656,0,0.13957096739090968,0.11194673516978916
657,0,0.09018491787714168,0.07583492748605179
658,0,0.6422911007235931,0.619654481441537
659,0,0.10462936876313837,0.08731450810122897
660,0,0.4265402507693047,0.4393855471738555
661,1,0.4064383429711595,0.4122109868963086
662,0,0.11619587034364605,0.11153387935630144
663,0,0.4410560224894508,0.47588228344059047
664,0,0.10792281367143285,0.10593905149216812
665,1,0.10234420348725759,0.09961908584286086
666,0,0.11155446528494178,0.09646593621000886
667,0,0.11052539649523936,0.09981334215377177
668,0,0.09018491787714168,0.07583492748605179
669,0,0.11571830437259935,0.13253224638424413
670,1,0.9629948492764517,0.9704249630241244
671,1,0.8995451961218224,0.9122088429238975
672,0,0.3910063046419385,0.4141173835984386
673,0,0.11765028735418562,0.12193954871344136
674,1,0.1143943115879435,0.10829633888259825
675,0,0.094290921871382,0.0870222175799292
676,0,0.09425896803263412,0.08409581539960767
677,0,0.09826480135901125,0.0904352739574232
678,1,0.5510831985555964,0.4909108753447656
679,0,0.2265496912710376,0.21751228946651388
680,1,0.3696033827754224,0.3760641364612925
681,0,0.7106442315443607,0.7385846535472269
682,1,0.43678796843329226,0.43886829749252515
683,0,0.10511452039351757,0.10147555120420003
684,0,0.20514816814574421,0.17915455018866444
685,0,0.14731536518955268,0.1361828788235559
686,0,0.2642250557954171,0.27947680235494
687,0,0.10308463385378709,0.0911913067148243
688,0,0.11563750948862785,0.1159942136927798
689,0,0.09425896803263412,0.08409581539960767
690,1,0.9302803472890412,0.9303011911407838
691,1,0.34640445876926795,0.3450529879688544
692,1,0.625549290506793,0.6300620271738312
693,1,0.3564457698934653,0.3854067751282546
694,0,0.11475552768907096,0.11419622176364923
695,0,0.2710101031926526,0.2773544035500344
696,0,0.10819765513353478,0.09167289199358669
697,0,0.11571830437259935,0.13253224638424413
698,1,0.6783600463450065,0.7223135951027952
699,0,0.3812086030054439,0.3851287400358153
700,0,0.17805228113900445,0.16210194195110608
701,1,0.9478880562385523,0.9453763371611661
702,1,0.45923587568366153,0.5007782422359999
703,0,0.6064226120471162,0.5893287592015859
704,0,0.0876246309839026,0.07694435285968465
705,0,0.11929559614777059,0.11875277382007306
706,0,0.14792175340723301,0.1269931592112463
707,1,0.7824982795970458,0.7935854277131974
708,1,0.4410560224894508,0.47588228344059047
709,1,0.6772512719869542,0.6788508822902078
710,1,0.6311350579505958,0.6355400158572408
711,1,0.9077967578542736,0.9087785226563329
712,0,0.2872834162874901,0.2883730965690131
713,1,0.2997560377067277,0.29706423202471516
714,0,0.1205466889351697,0.14685853771557736
715,0,0.08893380864612127,0.06683339413931084
716,0,0.16684930923635757,0.16433417686808996
717,1,0.8964684255123405,0.8861289970756017
718,1,0.8263281583806862,0.8269632792829155
719,0,0.10591159137059086,0.09055034093138756
720,0,0.10320743774831849,0.10408614554639498
721,1,0.8949484427474892,0.9251221404183919
722,0,0.0967986663953734,0.09315436815150892
723,0,0.11762557426712125,0.12293869918533167
724,0,0.11550354062367747,0.11551265898286772
725,1,0.3889191387485478,0.3956661252481021
726,0,0.09999517386027544,0.09805305396655017
727,1,0.849574537328402,0.8577306590920716
728,1,0.642428855499233,0.6794087481100193
729,0,0.1444144480960176,0.12425778688724029
730,0,0.6088918769431348,0.5792450927240751
731,1,0.9353738993941098,0.936390866883354
732,0,0.14107850170546948,0.1522707695044415
733,0,0.10643751044367106,0.10052429046183343
734,0,0.09542709413753997,0.0847054606179399
735,0,0.10462936876313837,0.08731450810122897
736,0,0.11289879593144066,0.10498591193101613
737,0,0.2403567421170758,0.24105333724874609
738,1,0.3461896462841017,0.3564952042333804
739,0,0.09376045866711273,0.084914520472929
740,0,0.1076912842375798,0.10304258354542856
741,1,0.3924268408673645,0.4109125223867133
742,0,0.38266222276633494,0.3878141169204379
743,1,0.7640061559050837,0.7414165280285736
744,0,0.11241357524883788,0.09375394290305313
745,1,0.11581720589285344,0.13300272188826234
746,0,0.5889608353282414,0.5728847581869514
747,0,0.20550683008547405,0.19392788124497393
748,1,0.8358236320970702,0.8508390996212997
749,0,0.43469320109912546,0.4573961277488017
750,0,0.09307426574346131,0.08873564939456889
751,1,0.8900037311227144,0.9182103147226105
752,1,0.6494132509953489,0.6575981882678559
753,0,0.11977748248599247,0.14270764260422583
754,0,0.09018491787714168,0.07583492748605179
755,1,0.7989302415134698,0.7973009049699912
756,1,0.6180029675838036,0.603797411356808
757,0,0.11751244882803183,0.13230059716529868
758,0,0.11403146392825272,0.101256343627191
759,0,0.1153016853565703,0.13437432295496862
760,1,0.9559731751669907,0.9681867190968249
761,0,0.09697102460055199,0.08497071926363008
762,0,0.10421742447921173,0.10122020031391195
763,1,0.10532399681202788,0.10697509387674474
764,1,0.9548741704579691,0.963060969318828
765,0,0.11263118724697584,0.11516942330814761
766,1,0.9636365421817507,0.9720358982290154
767,0,0.38873526148321846,0.4031740064779696
768,0,0.6471176943492315,0.6788233536096919
769,0,0.14599444746162074,0.12992621471801472
770,0,0.1230358710070306,0.13824839812121828
771,0,0.1013800631137375,0.09710709850086999
772,0,0.11384132698126269,0.11765609962618884
773,0,0.8905091635665867,0.8894997864913335
774,0,0.1494919201605705,0.15635763539033937
775,1,0.7123994048298076,0.7038301269198041
776,0,0.10678137296614897,0.10426054677651851
777,0,0.19623942458970978,0.19021895163955643
778,1,0.5784050411782193,0.5538936223807901
779,0,0.09637908656467681,0.08527528285061686
780,1,0.9269255442300688,0.9282857756431752
781,1,0.6245862990399679,0.6609609999766834
782,1,0.956808861037769,0.963763187468661
783,0,0.5185610020047979,0.5653922187463267
784,0,0.13096350865378653,0.11502795301160258
785,0,0.09011563828919063,0.08356497042293207
786,0,0.09220310621273686,0.08384746540199926
787,1,0.6477060976291839,0.6373810601670739
788,0,0.14440245907491236,0.1312212180351531
789,1,0.4564724172747131,0.4499361226772945
790,0,0.3596495006228472,0.34790032181492064
791,0,0.1041318954424568,0.09893096099936483
792,0,0.16094014226712244,0.1499411697973137
793,0,0.2222856743451024,0.19868524510408309
794,0,0.25311360181491277,0.2706860195527359
795,0,0.09018491787714168,0.07583492748605179
796,0,0.10017314059814748,0.08854254590015923
797,1,0.7182015016074379,0.6955644476323959
798,1,0.5380970233364833,0.4749062152315036
799,0,0.14201732861016,0.15795600090310946
800,0,0.6258239397461663,0.5969319670830202
801,0,0.09885070276816543,0.09089972590621254
802,1,0.8554705031351838,0.8703042024812795
803,1,0.689699086358504,0.6790724987281685
804,1,0.48944566757280883,0.48176940652204703
805,1,0.09865096624712542,0.08909040908080154
806,0,0.10320743774831849,0.10408614554639498
807,0,0.26492138718805863,0.2663422408240065
808,0,0.639259126255847,0.6217545947774008
809,0,0.11703353445293653,0.11894623370466982
810,1,0.9457930590794777,0.9618735807592736
811,0,0.09774062645758777,0.08946148361358915
812,0,0.14090029620777533,0.129858280740323
813,0,0.11497545652192283,0.1128603310302796
814,0,0.2665503739382875,0.23607165999899696
815,0,0.12374488693571403,0.14109391985517972
816,0,0.24748870720421956,0.25300661921927914
817,0,0.6347589055432298,0.6076097644531253
818,0,0.2249564908428835,0.2117683132395642
819,0,0.09506175384941887,0.08215231922261575
820,0,0.1951719119142476,0.22081748900126874
821,1,0.919464123455934,0.9218611288892946
822,1,0.122593553047166,0.1309650495337875
823,0,0.24952042150284165,0.24562899709322072
824,1,0.6736325383892808,0.6492686893385218
825,0,0.15582623441538707,0.13349105462557362
826,0,0.08680433757396581,0.07794262619152724
827,0,0.4319603632961167,0.4434865920155024
828,1,0.5757215275927458,0.5873070140344623
829,1,0.07924799744057558,0.05961122252461226
830,1,0.9515037836287783,0.9636035977192802
831,1,0.6241160916591465,0.6068041541658418
832,1,0.6358541271088124,0.6867641151375278
833,0,0.10330362167819752,0.10671255443588477
834,0,0.1076912842375798,0.10304258354542856
835,0,0.11563750948862785,0.1159942136927798
836,1,0.9710414682055605,0.9819065887053162
837,0,0.1106179627533821,0.10845487479608971
838,0,0.10161710800760307,0.10033466453727517
839,1,0.34061389974231127,0.36044490090347986
840,1,0.33296730234639155,0.3408421392578033
841,0,0.10087575575325206,0.0986105231519478
842,0,0.1478322277833953,0.14158811816796618
843,1,0.8597237145107467,0.8713816677435209
844,0,0.14007023853732525,0.15243936567760327
845,0,0.09999517386027544,0.09805305396655017
846,0,0.0944662906731736,0.08500178203752334
847,0,0.14013934044364007,0.13533658729441106
848,0,0.14357292200797808,0.16180187563035126
849,0,0.4199786199968465,0.4168018049525358
850,1,0.9741773465065776,0.9834559268156806
851,0,0.234630808427849,0.2557529038692486
852,0,0.11072263832352564,0.11357348307473228
853,0,0.6031562867158078,0.6238540516214738
854,1,0.9319652090299443,0.9501069206441538
855,0,0.9089364864388595,0.9327555816349573
856,1,0.5853621201500168,0.5563266744309135
857,1,0.9111214346696334,0.913421827136991
858,1,0.3736489527798905,0.37825150660973206
859,1,0.6257219806899597,0.6342292094711385
860,0,0.10116087914551329,0.10077469522776315
861,0,0.1142301231592867,0.08083990260882867
862,0,0.12138543041195184,0.12672474547214882
863,1,0.8948924221168248,0.8958570474719169
864,0,0.2233664805272539,0.20149228754993534
865,0,0.09796106818375226,0.07663933060407342
866,1,0.8333013524393658,0.8338108617799667
867,1,0.8463917164010965,0.8570883296677664
868,0,0.36187619446856484,0.3890705984813668
869,0,0.09486008634243775,0.07901319678674744
870,1,0.5225744357330685,0.5301134629074266
871,0,0.11074930358381777,0.1085569036696943
872,1,0.9649412700641584,0.9702731470818261
873,0,0.27811266439397875,0.2826613011605727
874,0,0.11299739530610489,0.12416850590107466
875,1,0.8803653996355357,0.8881200004591372
876,1,0.6542622986746286,0.6787346796319682
877,0,0.09653143724737116,0.08028927871638586
878,0,0.09832469828852988,0.09490707326816464
879,0,0.1076912842375798,0.10304258354542856
880,1,0.9412459899346445,0.945548679473577
881,1,0.8420886349063106,0.850629349629349
882,0,0.11699360729167126,0.12803064797754515
883,0,0.5693445974286875,0.5236448464910146
884,0,0.13711225262037718,0.1430826768109802
885,0,0.09027003469765789,0.07688505954974274
886,0,0.2725830658789931,0.29276901278759593
887,0,0.2538593040741101,0.25339317637056047
888,1,0.8833108630087227,0.8853813961504476
889,0,0.40523437452048355,0.38036784992889033
890,1,0.34235830419225677,0.33501677138502667
891,0,0.11232869519863735,0.11562353380263915
