family,config_id,accuracy,roc_auc,fold_std,config
RandomForest,2,0.8552188552188552,0.8977486977918385,0.015232652233887131,"{""max_depth"": 6, ""max_features"": ""sqrt"", ""min_samples_leaf"": 2, ""min_samples_split"": 6, ""n_estimators"": 500}"
RandomForest,6,0.8529741863075196,0.897839239872602,0.015604808306209667,"{""max_depth"": 7, ""max_features"": 0.7, ""min_samples_leaf"": 4, ""min_samples_split"": 8, ""n_estimators"": 500}"
RandomForest,1,0.8518518518518519,0.8979510859723687,0.015351184913454425,"{""max_depth"": 5, ""max_features"": ""sqrt"", ""min_samples_leaf"": 2, ""min_samples_split"": 4, ""n_estimators"": 500}"
RandomForest,5,0.8507295173961841,0.8959538341908201,0.010388711816954903,"{""max_depth"": 6, ""max_features"": 0.7, ""min_samples_leaf"": 3, ""min_samples_split"": 8, ""n_estimators"": 500}"
RandomForest,0,0.8496071829405163,0.8968326249747014,0.013131750174951414,"{""max_depth"": 4, ""max_features"": ""sqrt"", ""min_samples_leaf"": 2, ""min_samples_split"": 4, ""n_estimators"": 500}"
RandomForest,7,0.8496071829405163,0.8961961674069813,0.013661096206644584,"{""max_depth"": 8, ""max_features"": 1.0, ""min_samples_leaf"": 4, ""min_samples_split"": 10, ""n_estimators"": 500}"
ExtraTrees,2,0.8496071829405163,0.896047039273959,0.011985627277156387,"{""max_depth"": 6, ""max_features"": ""sqrt"", ""min_samples_leaf"": 2, ""min_samples_split"": 6, ""n_estimators"": 500}"
ExtraTrees,3,0.8496071829405163,0.8956742189414033,0.01152692916633383,"{""max_depth"": 7, ""max_features"": ""sqrt"", ""min_samples_leaf"": 3, ""min_samples_split"": 6, ""n_estimators"": 500}"
RandomForest,3,0.8484848484848485,0.8986887376303538,0.01322475388710379,"{""max_depth"": 7, ""max_features"": ""sqrt"", ""min_samples_leaf"": 3, ""min_samples_split"": 6, ""n_estimators"": 500}"
XGBoost,3,0.8484848484848485,0.8958100320625485,0.02045860104138048,"{""colsample_bytree"": 0.85, ""gamma"": 0.02, ""learning_rate"": 0.04, ""max_depth"": 3, ""min_child_weight"": 2, ""n_estimators"": 180, ""reg_alpha"": 0.05, ""reg_lambda"": 3, ""subsample"": 0.85}"
RandomForest,4,0.8484848484848485,0.8956555779247755,0.007114321435886265,"{""max_depth"": 5, ""max_features"": 0.7, ""min_samples_leaf"": 3, ""min_samples_split"": 6, ""n_estimators"": 500}"
ExtraTrees,4,0.8484848484848485,0.893551806048211,0.009591539395531446,"{""max_depth"": 5, ""max_features"": 0.7, ""min_samples_leaf"": 3, ""min_samples_split"": 6, ""n_estimators"": 500}"
XGBoost,5,0.8473625140291807,0.8972986503903961,0.018216337934506253,"{""colsample_bytree"": 0.85, ""gamma"": 0.05, ""learning_rate"": 0.02, ""max_depth"": 3, ""min_child_weight"": 4, ""n_estimators"": 360, ""reg_alpha"": 0.2, ""reg_lambda"": 8, ""subsample"": 0.8}"
XGBoost,4,0.8473625140291807,0.897170826276377,0.01992260889352946,"{""colsample_bytree"": 0.9, ""gamma"": 0.05, ""learning_rate"": 0.025, ""max_depth"": 3, ""min_child_weight"": 3, ""n_estimators"": 260, ""reg_alpha"": 0.1, ""reg_lambda"": 6, ""subsample"": 0.9}"
XGBoost,8,0.8473625140291807,0.8853337807177325,0.016171605721857718,"{""colsample_bytree"": 1.0, ""gamma"": 0, ""learning_rate"": 0.05, ""max_depth"": 1, ""min_child_weight"": 1, ""n_estimators"": 140, ""reg_alpha"": 0, ""reg_lambda"": 2, ""subsample"": 1.0}"
ExtraTrees,1,0.8462401795735129,0.8971734892787524,0.01160595080628532,"{""max_depth"": 5, ""max_features"": ""sqrt"", ""min_samples_leaf"": 2, ""min_samples_split"": 4, ""n_estimators"": 500}"
XGBoost,6,0.8462401795735129,0.8965689877395371,0.0215160283923775,"{""colsample_bytree"": 0.8, ""gamma"": 0.05, ""learning_rate"": 0.035, ""max_depth"": 4, ""min_child_weight"": 3, ""n_estimators"": 160, ""reg_alpha"": 0.1, ""reg_lambda"": 6, ""subsample"": 0.8}"
ExtraTrees,0,0.8462401795735129,0.8894268153687193,0.009930824455545197,"{""max_depth"": 4, ""max_features"": ""sqrt"", ""min_samples_leaf"": 2, ""min_samples_split"": 4, ""n_estimators"": 500}"
XGBoost,0,0.8451178451178452,0.8988165617443731,0.021772027454744578,"{""colsample_bytree"": 0.9, ""gamma"": 0, ""learning_rate"": 0.04, ""max_depth"": 2, ""min_child_weight"": 1, ""n_estimators"": 160, ""reg_alpha"": 0, ""reg_lambda"": 3, ""subsample"": 0.9}"
XGBoost,9,0.8451178451178452,0.8831288147509027,0.013687976648626475,"{""colsample_bytree"": 0.9, ""gamma"": 0, ""learning_rate"": 0.025, ""max_depth"": 1, ""min_child_weight"": 1, ""n_estimators"": 300, ""reg_alpha"": 0.05, ""reg_lambda"": 4, ""subsample"": 0.9}"
LightGBM,2,0.8439955106621774,0.8996740485092511,0.021179036505641485,"{""colsample_bytree"": 0.85, ""learning_rate"": 0.02, ""max_depth"": 3, ""min_child_samples"": 30, ""n_estimators"": 320, ""num_leaves"": 7, ""reg_alpha"": 0.1, ""reg_lambda"": 8, ""subsample"": 0.9}"
XGBoost,1,0.8439955106621774,0.8967234418773102,0.02293618480541887,"{""colsample_bytree"": 0.9, ""gamma"": 0, ""learning_rate"": 0.03, ""max_depth"": 2, ""min_child_weight"": 2, ""n_estimators"": 240, ""reg_alpha"": 0.05, ""reg_lambda"": 5, ""subsample"": 0.85}"
LightGBM,7,0.8439955106621774,0.8960044312359526,0.013069387057295838,"{""colsample_bytree"": 0.8, ""learning_rate"": 0.022, ""max_depth"": 4, ""min_child_samples"": 35, ""n_estimators"": 280, ""num_leaves"": 12, ""reg_alpha"": 0.25, ""reg_lambda"": 12, ""subsample"": 0.9}"
XGBoost,2,0.8439955106621774,0.8929552935161218,0.020833079504998984,"{""colsample_bytree"": 0.8, ""gamma"": 0.02, ""learning_rate"": 0.02, ""max_depth"": 2, ""min_child_weight"": 3, ""n_estimators"": 320, ""reg_alpha"": 0.1, ""reg_lambda"": 8, ""subsample"": 0.9}"
XGBoost,10,0.8428731762065096,0.8969684380958467,0.01913737058500141,"{""colsample_bytree"": 0.75, ""gamma"": 0.1, ""learning_rate"": 0.03, ""max_depth"": 3, ""min_child_weight"": 6, ""n_estimators"": 220, ""reg_alpha"": 0.25, ""reg_lambda"": 12, ""subsample"": 1.0}"
LightGBM,8,0.8428731762065096,0.8965902917585402,0.025726852449495193,"{""colsample_bytree"": 1.0, ""learning_rate"": 0.04, ""max_depth"": 2, ""min_child_samples"": 20, ""n_estimators"": 200, ""num_leaves"": 3, ""reg_alpha"": 0, ""reg_lambda"": 3, ""subsample"": 1.0}"
XGBoost,7,0.8428731762065096,0.8961801893927289,0.018804634649607747,"{""colsample_bytree"": 0.85, ""gamma"": 0.1, ""learning_rate"": 0.025, ""max_depth"": 4, ""min_child_weight"": 4, ""n_estimators"": 240, ""reg_alpha"": 0.2, ""reg_lambda"": 10, ""subsample"": 0.85}"
LightGBM,3,0.8428731762065096,0.8957647610221667,0.01582973725873152,"{""colsample_bytree"": 0.85, ""learning_rate"": 0.04, ""max_depth"": 3, ""min_child_samples"": 15, ""n_estimators"": 180, ""num_leaves"": 7, ""reg_alpha"": 0.05, ""reg_lambda"": 3, ""subsample"": 0.85}"
ExtraTrees,5,0.8428731762065096,0.8945717359579884,0.011943424888331505,"{""max_depth"": 6, ""max_features"": 0.7, ""min_samples_leaf"": 3, ""min_samples_split"": 8, ""n_estimators"": 500}"
LightGBM,6,0.8417508417508418,0.8976075586659424,0.01997034363114809,"{""colsample_bytree"": 0.8, ""learning_rate"": 0.035, ""max_depth"": 4, ""min_child_samples"": 25, ""n_estimators"": 180, ""num_leaves"": 12, ""reg_alpha"": 0.15, ""reg_lambda"": 8, ""subsample"": 0.8}"
XGBoost,11,0.8417508417508418,0.8910272797963337,0.020237534134753158,"{""colsample_bytree"": 1.0, ""gamma"": 0.05, ""learning_rate"": 0.015, ""max_depth"": 2, ""min_child_weight"": 4, ""n_estimators"": 420, ""reg_alpha"": 0.15, ""reg_lambda"": 10, ""subsample"": 0.75}"
LightGBM,9,0.8406285072951739,0.8955197648036302,0.022212736581385402,"{""colsample_bytree"": 0.9, ""learning_rate"": 0.02, ""max_depth"": 2, ""min_child_samples"": 25, ""n_estimators"": 360, ""num_leaves"": 3, ""reg_alpha"": 0.05, ""reg_lambda"": 6, ""subsample"": 0.9}"
LightGBM,4,0.8406285072951739,0.8953546586563556,0.017024249004003577,"{""colsample_bytree"": 0.9, ""learning_rate"": 0.025, ""max_depth"": 4, ""min_child_samples"": 20, ""n_estimators"": 260, ""num_leaves"": 9, ""reg_alpha"": 0.1, ""reg_lambda"": 6, ""subsample"": 0.9}"
LightGBM,5,0.8383838383838383,0.8967953429414459,0.015296970697458166,"{""colsample_bytree"": 0.85, ""learning_rate"": 0.018, ""max_depth"": 4, ""min_child_samples"": 30, ""n_estimators"": 340, ""num_leaves"": 9, ""reg_alpha"": 0.2, ""reg_lambda"": 10, ""subsample"": 0.8}"
ExtraTrees,6,0.8383838383838383,0.8954452007371191,0.01168493035919027,"{""max_depth"": 7, ""max_features"": 0.7, ""min_samples_leaf"": 4, ""min_samples_split"": 8, ""n_estimators"": 500}"
LightGBM,1,0.8361391694725028,0.8990109609177772,0.02174176212289853,"{""colsample_bytree"": 0.9, ""learning_rate"": 0.025, ""max_depth"": 3, ""min_child_samples"": 25, ""n_estimators"": 260, ""num_leaves"": 5, ""reg_alpha"": 0.05, ""reg_lambda"": 5, ""subsample"": 0.85}"
ExtraTrees,7,0.835016835016835,0.8825030091926842,0.011768884966771986,"{""max_depth"": 8, ""max_features"": 1.0, ""min_samples_leaf"": 4, ""min_samples_split"": 10, ""n_estimators"": 500}"
LightGBM,0,0.8338945005611672,0.8952934096017213,0.02445454420104373,"{""colsample_bytree"": 0.9, ""learning_rate"": 0.04, ""max_depth"": 3, ""min_child_samples"": 20, ""n_estimators"": 180, ""num_leaves"": 5, ""reg_alpha"": 0, ""reg_lambda"": 3, ""subsample"": 0.9}"
