model,family,accuracy,roc_auc,fold_accuracy_std,fold_auc_std
MLP_PLR,Modern DL,0.8529741863075196,0.8859489342664495,0.007484773473055018,0.016186552822376115
RuleFit,Rule/Interpretable,0.8496071829405163,0.8959778012121986,0.018041532756230546,0.009821135628224268
v4b__Champion,Champion blend,0.8496071829405163,0.8900393059150608,,
TabPFN_v2,Foundation,0.8428731762065096,0.8966328997965467,0.013834348692354488,0.008537934679555402
TabR,Retrieval DL,0.8417508417508418,0.8872058713876372,0.00969232029980793,0.01593035415781901
RealMLP,Modern DL,0.8406285072951739,0.8781889453445393,0.0144386579494316,0.021890497554029473
FTTransformer,Transformer,0.8383838383838383,0.8880127611073829,0.016595449741602902,0.01042360838681035
ResNet_RTDL,Modern DL,0.8383838383838383,0.8625917404318324,0.02076429283718689,0.013498341889232605
FIGS,Rule/Interpretable,0.8372615039281706,0.876460656802906,0.011873067276827175,0.005450295219044595
MLP_RTDL,Modern DL,0.835016835016835,0.8892723612309462,0.010465315663296414,0.012509179188606981
MLP_SKL,Classical NN,0.8327721661054994,0.8867957690218258,0.018788047117449108,0.010603601109443021
TabM,Modern DL,0.8327721661054994,0.8808679257341898,0.020315449329258158,0.021473503266195994
xRFM,Kernel/Feature,0.8170594837261503,0.8583841966787034,0.011430070243373353,0.011958343544470574
