PassengerId,Survived,v5_pred,v5_score
1,0,0,0.05886744355595649
2,1,1,0.9607246525104545
3,1,0,0.44566506907020154
4,1,1,0.9523225448349467
5,0,0,0.10032966942265699
6,0,0,0.09798093110617012
7,0,0,0.20257519830922854
8,0,0,0.0383960375140235
9,1,1,0.8474644305232135
10,1,1,0.9589064497650223
11,1,1,0.9434327143385906
12,1,1,0.9728450872599494
13,0,0,0.08051216655519676
14,0,0,0.032899834679055294
15,0,1,0.7665515870236911
16,1,1,0.7562464515151798
17,0,0,0.05822305381863718
18,1,0,0.08224360096477291
19,0,1,0.6738200230347813
20,1,1,0.4518275201177333
21,0,0,0.10115070102505781
22,1,0,0.13311082949404937
23,1,1,0.7275420815217117
24,1,0,0.2983873962420122
25,0,0,0.04026170691936682
26,1,0,0.2605194877115795
27,0,0,0.08975429449335344
28,0,0,0.24659798018502432
29,1,1,0.6044966467608215
30,0,0,0.0782352969527283
31,0,1,0.5787243026135879
32,1,1,0.9891199749899887
33,1,1,0.6584348799224379
34,0,0,0.06119335077342384
35,0,0,0.23787738651273824
36,0,0,0.1133529215831507
37,1,0,0.06426821513407747
38,0,0,0.07279700608139295
39,0,1,0.5318023703117621
40,1,1,0.9449952559595441
41,0,1,0.46448745345720077
42,0,1,0.9447495676545598
43,0,0,0.09098302034597856
44,1,1,0.9762143710630715
45,1,1,0.5895455762040775
46,0,0,0.0760426962086637
47,0,0,0.05248552141884202
48,1,1,0.7680851686086435
49,0,0,0.06694442943908079
50,0,1,0.7943786501414527
51,0,0,0.03425192964004294
52,0,0,0.06830145811012076
53,1,1,0.9734690725750057
54,1,1,0.9116660303309901
55,0,0,0.14400915574356715
56,1,0,0.22889513083969562
57,1,1,0.9210119682173789
58,0,0,0.07221121020994552
59,1,1,0.973131194235664
60,0,0,0.03252879877677143
61,0,0,0.07830392275174664
62,1,1,0.989970235781351
63,0,0,0.20012915009748156
64,0,0,0.03289133653537584
65,0,0,0.15713508576035604
66,1,1,0.9530872443375515
67,1,1,0.9469862482898886
68,0,0,0.0736966733087734
69,1,0,0.030907638237258683
70,0,0,0.06799071318453563
71,0,0,0.10722296240305555
72,0,0,0.041226587378975964
73,0,0,0.16695959550137798
74,0,0,0.07590618272904699
75,1,0,0.16999165122932738
76,0,0,0.10772792788546566
77,0,0,0.06377854907500935
78,0,0,0.06814135845911766
79,1,1,0.9662986018776264
80,1,1,0.6996259070374936
81,0,0,0.08519873705918775
82,1,0,0.08216747877068527
83,1,1,0.6041096844009617
84,0,0,0.21068203337940417
85,1,1,0.9245063651182427
86,1,0,0.3720056784406718
87,0,0,0.026812069412682476
88,0,0,0.07326191542572065
89,1,1,0.9554282971943427
90,0,0,0.07081913979642374
91,0,0,0.09134290323058841
92,0,0,0.07089440245612437
93,0,0,0.3682275358105111
94,0,0,0.05581806929107819
95,0,0,0.06242057861771209
96,0,0,0.08523706021891102
97,0,0,0.2208351511521455
98,1,0,0.28665548551268655
99,1,1,0.970013010392747
100,0,0,0.0727415444985086
101,0,0,0.4416840264556628
102,0,0,0.06803586961611718
103,0,0,0.3037507746546706
104,0,0,0.09017347660676266
105,0,0,0.040415545577184915
106,0,0,0.08424718948935345
107,1,1,0.468478958904979
108,1,0,0.061803124044766455
109,0,0,0.07481569190746828
110,1,1,0.6710817305058286
111,0,0,0.17562707192488966
112,0,0,0.0936876764022726
113,0,0,0.08094819435886133
114,0,0,0.10659992305277072
115,0,1,0.6639626506849161
116,0,0,0.10413385293054218
117,0,0,0.05957945366145526
118,0,0,0.03003579828597268
119,0,0,0.43144798273977597
120,0,0,0.04733809700655064
121,0,0,0.08400276771721522
122,0,0,0.08336582523851103
123,0,0,0.14727470137615992
124,1,1,0.8802729656982818
125,0,0,0.17717258177513528
126,1,1,0.8897125510737206
127,0,0,0.06849554638753459
128,1,0,0.06033007005107401
129,1,1,0.6257017617614421
130,0,0,0.05503975545530187
131,0,0,0.08945448303179476
132,0,0,0.06338789328388454
133,0,1,0.4401568012763748
134,1,1,0.8531953628355365
135,0,0,0.08397702398436768
136,0,0,0.11320686364546055
137,1,1,0.9629450205078723
138,0,0,0.5920545084161565
139,0,0,0.09711441664056042
140,0,0,0.38343440898749903
141,0,1,0.7117435661804236
142,1,1,0.4697676717978501
143,1,1,0.5250354539036617
144,0,0,0.07712011498107238
145,0,0,0.10248463023908777
146,0,0,0.05987554890965683
147,1,0,0.08677552242153491
148,0,0,0.04538739954423662
149,0,0,0.10133701463240978
150,0,0,0.08699312852306591
151,0,0,0.10618689213140202
152,1,1,0.9708535707199726
153,0,0,0.0643464849650492
154,0,0,0.055511497795896016
155,0,0,0.05866727927678944
156,0,0,0.19382490789474258
157,1,1,0.6841907727098175
158,0,0,0.08133469455061955
159,0,0,0.06955701912315854
160,0,0,0.03300190691232026
161,0,0,0.060548966824228855
162,1,1,0.9110530679885507
163,0,0,0.06982340109413974
164,0,0,0.08548766290836163
165,0,0,0.048620637583902504
166,1,1,0.7453493937921069
167,1,1,0.9832826477514313
168,0,0,0.03868648115383333
169,0,0,0.11467484075482533
170,0,0,0.27553122527795376
171,0,0,0.13708267715393638
172,0,0,0.022643659686526624
173,1,1,0.9452441610056798
174,0,0,0.09219593549533944
175,0,0,0.3166492076923389
176,0,0,0.07367475505287509
177,0,0,0.022793221096040206
178,0,1,0.9834089593332074
179,0,0,0.08224360096477291
180,0,0,0.07061416168569902
181,0,0,0.028168701607700245
182,0,0,0.09658848500388346
183,0,1,0.894885286704859
184,1,1,0.9632692254574492
185,1,1,0.8675003614032009
186,0,0,0.23483262545834374
187,1,1,0.6942390160617871
188,1,0,0.14433179428854334
189,0,0,0.04298561277427001
190,0,0,0.07664988032880603
191,1,1,0.9234711565706393
192,0,0,0.10537907456616445
193,1,0,0.3247927234314283
194,1,1,0.9261597929449651
195,1,1,0.9804513987198097
196,1,1,0.984599239781105
197,0,0,0.08330519328523077
198,0,0,0.07184736415774905
199,1,1,0.7680851686086435
200,0,1,0.9136662440256965
201,0,0,0.08410999649850186
202,0,0,0.04001118380767445
203,0,0,0.04696133686853684
204,0,0,0.06253183696668495
205,1,0,0.07514313478871883
206,0,0,0.14811131258817556
207,0,0,0.09443835091131371
208,1,0,0.08928683071039034
209,1,1,0.6816102660871376
210,1,0,0.2889032436828707
211,0,0,0.06478553261485694
212,1,1,0.8110214436878964
213,0,0,0.06614785435623331
214,0,0,0.12538427458464632
215,0,0,0.07782563033159456
216,1,1,0.9885338195289611
217,1,0,0.3907474815675884
218,0,0,0.08566910029347374
219,1,1,0.9682315933684206
220,0,0,0.09060440765391918
221,1,0,0.06494662632363314
222,0,0,0.09902239519540627
223,0,0,0.06773845543347123
224,0,0,0.0782352969527283
225,1,0,0.2392912827935214
226,0,0,0.08557544440972527
227,1,0,0.07884234485402751
228,0,0,0.06826694319593685
229,0,0,0.1008021240865563
230,0,0,0.022189802402268265
231,1,1,0.9604462879890615
232,0,0,0.08785805637813655
233,0,0,0.08773637559062626
234,1,0,0.46100519274711016
235,0,0,0.07741848295598612
236,0,1,0.6387778635831318
237,0,0,0.0803080778735119
238,1,1,0.9724989864408539
239,0,0,0.10225240326621769
240,0,0,0.07507013783288229
241,0,0,0.08386392013036677
242,1,1,0.6813448403537432
243,0,0,0.07576917619278112
244,0,0,0.11223269410753602
245,0,0,0.10040253022946448
246,0,1,0.7874658743112692
247,0,1,0.6242036854043818
248,1,1,0.9185824933650513
249,1,0,0.4541847076452334
250,0,0,0.04867331978189501
251,0,0,0.07766346269149327
252,0,0,0.10843323968207762
253,0,0,0.2785789866009611
254,0,0,0.03642390835908068
255,0,1,0.409781860023917
256,1,1,0.6573436770685722
257,1,1,0.9578513031266209
258,1,1,0.9901870416275088
259,1,1,0.9644065007617906
260,1,1,0.93966022397436
261,0,0,0.0560800518641828
262,1,0,0.37068487128307165
263,0,0,0.32051243560725245
264,0,0,0.11659732384682113
265,0,1,0.7604349893510358
266,0,0,0.105762294167628
267,0,0,0.027279581366479965
268,1,0,0.042804976911841354
269,1,1,0.877455601325193
270,1,1,0.980548302212391
271,0,0,0.16427400556369876
272,1,0,0.03211739406342224
273,1,1,0.962586681708358
274,0,0,0.2436041559059
275,1,1,0.7604349893510358
276,1,1,0.9819506585530178
277,0,0,0.24801351030506683
278,0,0,0.07228830752159172
279,0,0,0.050112782403831435
280,1,1,0.5216475096019475
281,0,0,0.06055681473285607
282,0,0,0.03720997303342587
283,0,0,0.07916616269912775
284,1,0,0.07038839870183437
285,0,0,0.21016253954161854
286,0,0,0.08786408643705879
287,1,0,0.09561730694445113
288,0,0,0.07211769640534121
289,1,0,0.07125366561786005
290,1,1,0.7540317538115909
291,1,1,0.9477316468517705
292,1,1,0.9817527167333719
293,0,0,0.3732240322699127
294,0,1,0.4294687753731297
295,0,0,0.06558511164084163
296,0,0,0.2183611973301012
297,0,0,0.09779521567681732
298,0,1,0.9925141361774502
299,1,0,0.22406594794978496
300,1,1,0.9647491008515915
301,1,1,0.8988137773006232
302,1,0,0.0476688029732679
303,0,0,0.03308753106123186
304,1,1,0.9481153041659972
305,0,0,0.08353087639827039
306,1,0,0.140016805809585
307,1,1,0.96034138504545
308,1,1,0.9784793964343995
309,0,0,0.08194377077967809
310,1,1,0.9780432215043269
311,1,1,0.9908114981909905
312,1,1,0.986941941686247
313,0,1,0.9197067880167199
314,0,0,0.08016909513553601
315,0,0,0.05795811675344714
316,1,0,0.44676460249026073
317,1,1,0.8618696105248453
318,0,0,0.09296592080991443
319,1,1,0.9905046650802083
320,1,1,0.9839752364995237
321,0,0,0.06614785435623331
322,0,0,0.09046664347854505
323,1,1,0.9324600345539648
324,1,1,0.9581524927598788
325,0,0,0.03245212860252784
326,1,1,0.991325073919448
327,0,0,0.04104331432196072
328,1,1,0.9208789265165059
329,1,1,0.6140620576293895
330,1,1,0.9883516056347288
331,1,0,0.48285928037083997
332,0,1,0.48616240384592513
333,0,0,0.17840584325206346
334,0,0,0.03886763932119879
335,1,1,0.9293968370917979
336,0,0,0.06377854907500935
337,0,0,0.27242752087098704
338,1,1,0.9901257494924719
339,1,0,0.06051028938595262
340,0,0,0.22304503518769395
341,1,1,0.927456680688142
342,1,1,0.938989502909713
343,0,0,0.09594454230875975
344,0,0,0.08483103782445311
345,0,0,0.09353550591458187
346,1,1,0.9720160292556744
347,1,1,0.6831335756059874
348,1,1,0.6725846193788506
349,1,1,0.9545800671987409
350,0,0,0.07557046017432002
351,0,0,0.08029044944039249
352,0,1,0.5376879093301253
353,0,0,0.08176557425809879
354,0,0,0.02839919987422068
355,0,0,0.06459266231136342
356,0,0,0.09741028085181624
357,1,1,0.9861163976271667
358,0,1,0.9011862265812484
359,1,1,0.7466677550698311
360,1,1,0.760956172672817
361,0,0,0.029960462396024453
362,0,0,0.13397736099833638
363,0,0,0.08801115798971555
364,0,0,0.05374878210535777
365,0,0,0.13044789809194754
366,0,0,0.0694369615648424
367,1,1,0.9622818785508035
368,1,1,0.4520555078839992
369,1,1,0.760486940170161
370,1,1,0.9710558529208467
371,1,0,0.4084880007664753
372,0,0,0.04835193323818646
373,0,0,0.08315827812797895
374,0,0,0.21400991958195067
375,0,0,0.046285794641852195
376,1,1,0.9623248154673872
377,1,0,0.476350862540665
378,0,0,0.30215396197368427
379,0,0,0.07066449765612894
380,0,0,0.07454815530586059
381,1,1,0.9768901997241851
382,1,1,0.9404126914848616
383,0,0,0.12117438293439449
384,1,1,0.9496763755145348
385,0,0,0.0782352969527283
386,0,0,0.08064455499469897
387,0,0,0.05058991909079571
388,1,1,0.803927726310364
389,0,0,0.08170909512518362
390,1,1,0.9297756177765296
391,1,0,0.4022208988039915
392,1,0,0.0648152379327051
393,0,0,0.06903207566422576
394,1,1,0.9919173982475398
395,1,1,0.8701349579911488
396,0,0,0.08094799315972463
397,0,0,0.45123910662645167
398,0,0,0.10254188469336074
399,0,0,0.101203624388362
400,1,1,0.8880432515294389
401,1,0,0.14110306072451942
402,0,0,0.08418121378149872
403,0,0,0.05164984793942568
404,0,0,0.06309708324247358
405,0,1,0.4260905926168181
406,0,0,0.07124250097548745
407,0,0,0.06143296991317752
408,1,1,0.9554081993383049
409,0,0,0.07367010307357859
410,0,0,0.033874830844816996
411,0,0,0.0782352969527283
412,0,0,0.06882369861612382
413,1,1,0.9587298929192521
414,0,0,0.07228830752159172
415,1,0,0.10550447317200941
416,0,1,0.5326338969369072
417,1,1,0.9510391741662777
418,1,1,0.9045741969634754
419,0,0,0.09628918969754735
420,0,0,0.09611552207405383
421,0,0,0.09098302034597856
422,0,0,0.10383273439896469
423,0,0,0.08961861779156248
424,0,0,0.4803912113593089
425,0,0,0.032555099081717595
426,0,0,0.06938252683094635
427,1,1,0.9128866075329195
428,1,1,0.9055318892482341
429,0,0,0.06649555505401888
430,1,0,0.1793773994538407
431,1,0,0.3014438163210597
432,1,0,0.43049930214270254
433,1,1,0.8036780117827581
434,0,0,0.12159010404893349
435,0,0,0.35947051125810475
436,1,1,0.9899002388796708
437,0,0,0.04365803131298163
438,1,1,0.9528103645994656
439,0,0,0.12083194945364083
440,0,0,0.0844841484424015
441,1,1,0.9616228547680955
442,0,0,0.08495090217786698
443,0,0,0.0700444031458458
444,1,1,0.8024708406446136
445,1,0,0.06845470054153817
446,1,1,0.9545062584171191
447,1,1,0.9662216336573209
448,1,0,0.2289540376931446
449,1,1,0.9625971599701333
450,1,0,0.24515941233937846
451,0,0,0.09689408521069713
452,0,0,0.07267644764467951
453,0,1,0.7832513182232962
454,1,0,0.24152360686036145
455,0,0,0.08353087639827039
456,1,0,0.09145700064917678
457,0,0,0.28194322354718226
458,1,1,0.9700699246695784
459,1,1,0.7824181919707467
460,0,0,0.08957268006581938
461,1,0,0.2865768555778174
462,0,0,0.07091447397439142
463,0,0,0.26412546574033996
464,0,0,0.07647903321144416
465,0,0,0.0760426962086637
466,0,0,0.04967326992625146
467,0,0,0.05067888072593928
468,0,0,0.12729801923537148
469,0,0,0.08386426683457253
470,1,1,0.9711584225473965
471,0,0,0.07766346269149327
472,0,0,0.07266435024941949
473,1,1,0.9644265664793569
474,1,1,0.9559391035909878
475,0,0,0.48000186300962366
476,0,0,0.3700242796028668
477,0,0,0.07907651870982949
478,0,0,0.049624377395864644
479,0,0,0.08012450971282979
480,1,1,0.8259632696716007
481,0,0,0.03209673946532025
482,0,0,0.03948379735260963
483,0,0,0.065744131859364
484,1,0,0.3495308215329269
485,1,0,0.31740170728798217
486,0,0,0.033874830844816996
487,1,1,0.9707249824285217
488,0,0,0.31827471352214315
489,0,0,0.08196947014116927
490,1,1,0.9287988941716573
491,0,0,0.0596278298688806
492,0,0,0.06700035123316524
493,0,0,0.18404291227275027
494,0,0,0.12001540189479225
495,0,0,0.08557773639360905
496,0,0,0.12295647962449423
497,1,1,0.987864658986542
498,0,0,0.10237022236334363
499,0,1,0.9867190753442999
500,0,0,0.06409470138285302
501,0,0,0.08269343240297945
502,0,1,0.7203011212151482
503,0,1,0.7714342690621212
504,0,0,0.34115571026957275
505,1,1,0.989315950631581
506,0,0,0.31339680152359684
507,1,1,0.9667281240825436
508,1,0,0.21669946247716587
509,0,0,0.07552818392338097
510,1,0,0.07484309610231492
511,1,0,0.07152774472752903
512,0,0,0.06540146612319912
513,1,1,0.48668458871556286
514,1,1,0.9773039444628656
515,0,0,0.07066251817740961
516,0,0,0.38623041687586096
517,1,1,0.946219481337233
518,0,0,0.1585333864347944
519,1,1,0.899873355156526
520,0,0,0.08718511202351502
521,1,1,0.98736598609865
522,0,0,0.06604630267203719
523,0,0,0.0802943608572358
524,1,1,0.9886221068102069
525,0,0,0.09316014255197576
526,0,0,0.07897647852596125
527,1,1,0.48542603735321005
528,0,0,0.29069018017875153
529,0,0,0.07263362798035104
530,0,0,0.05981195654279895
531,1,1,0.9842328543581758
532,0,0,0.08970018948814225
533,0,0,0.07714280934725072
534,1,1,0.5102918277551997
535,0,0,0.33602093595285565
536,1,1,0.9818929817088292
537,0,0,0.51709295175961
538,1,1,0.9587578821056236
539,0,0,0.07669242432306299
540,1,1,0.9860913553760993
541,1,1,0.9739651363368512
542,0,0,0.038909301707066433
543,0,0,0.04159759163457651
544,1,0,0.07577023304990664
545,0,0,0.20561664599949783
546,0,0,0.0792288864487753
547,1,1,0.9042405672142562
548,1,0,0.0884434409892304
549,0,0,0.07888429239216065
550,1,1,0.9240678174594992
551,1,0,0.29915062643318097
552,0,0,0.08825259068682507
553,0,0,0.08693324810948304
554,1,0,0.07818799843410856
555,1,1,0.4388878100410342
556,0,0,0.10429354947721016
557,1,1,0.9540698529154558
558,0,0,0.19904130654353838
559,1,1,0.9729737797952996
560,1,0,0.3577397945157444
561,0,0,0.08396405873997409
562,0,0,0.07085616320084727
563,0,0,0.08313177562647496
564,0,0,0.0893981370617301
565,0,0,0.356901304456116
566,0,0,0.06968641714158177
567,0,0,0.07799906648752904
568,0,0,0.05681827125289005
569,0,0,0.08970018948814225
570,1,0,0.07892333634550165
571,1,0,0.06318417057212967
572,1,1,0.9261515815365334
573,1,1,0.5732755805051629
574,1,1,0.8988137773006232
575,0,0,0.08401829450712295
576,0,0,0.1064330050514951
577,1,1,0.8724885094432033
578,1,1,0.9715003203946005
579,0,1,0.736833360826131
580,1,0,0.12117438293439449
581,1,1,0.8457015859660727
582,1,1,0.9599755616002917
583,0,0,0.0732967043427017
584,0,1,0.6420205937681229
585,0,0,0.09669892868199252
586,1,1,0.9704579087869667
587,0,0,0.08434580151675251
588,1,0,0.15497852301814735
589,0,0,0.0816198704916959
590,0,0,0.08230730628456735
591,0,0,0.14007712123286273
592,1,1,0.9865249366060017
593,0,0,0.058415917751497924
594,0,0,0.1255666129522868
595,0,0,0.08327033911198682
596,0,0,0.029701513191772184
597,1,1,0.9091582987738752
598,0,0,0.05067134384108148
599,0,0,0.0802943608572358
600,1,0,0.4665336099485498
601,1,1,0.9177381465230111
602,0,0,0.06377854907500935
603,0,0,0.13685562475075702
604,0,0,0.0752178365746098
605,1,0,0.23198667508820728
606,0,0,0.06252550256211263
607,0,0,0.06548674823493987
608,1,0,0.16588568929569414
609,1,1,0.9755264176471187
610,1,1,0.9076984729750434
611,0,0,0.05064777419006047
612,0,0,0.07347189751945626
613,1,1,0.6813448403537432
614,0,0,0.06849554638753459
615,0,0,0.07729395626616004
616,1,1,0.9430102633500987
617,0,0,0.02790937210862483
618,0,1,0.7200596981509843
619,1,1,0.9863502702030585
620,0,0,0.10773042173806702
621,0,0,0.07539552372424499
622,1,0,0.22192948002072735
623,1,0,0.03838132640766888
624,0,0,0.07148585803115227
625,0,0,0.10780731389896818
626,0,0,0.19779204273651763
627,0,0,0.10115670026196488
628,1,1,0.9840954388233154
629,0,0,0.080010890882293
630,0,0,0.08787149896193906
631,1,0,0.10503096528790874
632,0,0,0.0635724975295819
633,1,1,0.7155461556745616
634,0,0,0.0684994037934557
635,0,0,0.03556973505239026
636,1,1,0.9139852100944345
637,0,0,0.16713191525938945
638,0,0,0.07406265484284587
639,0,0,0.047193127780669746
640,0,0,0.060314796153160245
641,0,0,0.06816689020763096
642,1,1,0.9675058195401377
643,0,0,0.04507408183358125
644,1,0,0.07484309610231492
645,1,1,0.950687302562626
646,1,0,0.23678052652820636
647,0,0,0.07799907642163649
648,1,0,0.23998912164622124
649,0,0,0.059811328607514015
650,1,0,0.4047068749174841
651,0,0,0.07823529198567457
652,1,1,0.9641085868299287
653,0,0,0.07354329746057871
654,1,1,0.6036034919552067
655,0,1,0.7678940413390903
656,0,0,0.08719005584602964
657,0,0,0.08049431277006408
658,0,0,0.07548153953830702
659,0,0,0.0859596918764659
660,0,1,0.4158744588366936
661,1,0,0.15938043112286002
662,0,0,0.06428597556100724
663,0,0,0.4975978850609226
664,0,0,0.06472891150450068
665,1,0,0.07946869701086434
666,0,0,0.11488042420807239
667,0,0,0.08443972185855964
668,0,0,0.06982340109413974
669,0,0,0.06937629760653119
670,1,1,0.9414459132047311
671,1,1,0.8531282888261277
672,0,0,0.27244750573677584
673,0,0,0.06880163831729345
674,1,0,0.08698688036267192
675,0,0,0.05459695984039418
676,0,0,0.0834573872591815
677,0,0,0.07738129245784107
678,1,0,0.3702186801538907
679,0,0,0.04970764636557934
680,1,0,0.502668634560953
681,0,1,0.757687699084627
682,1,0,0.33192126010164325
683,0,0,0.0834051625127118
684,0,0,0.04051492917288404
685,0,0,0.09302460159192814
686,0,0,0.13413853657478855
687,0,0,0.025365741531689426
688,0,0,0.0752495927246996
689,0,0,0.08373534691752689
690,1,1,0.9899872670074453
691,1,0,0.3975986484378036
692,1,1,0.8889844652043367
693,1,0,0.07484308865173432
694,0,0,0.09449285413615834
695,0,0,0.33386209141215456
696,0,0,0.07771867792923756
697,0,0,0.06128734310186205
698,1,1,0.7573394427361606
699,0,0,0.2254081194839254
700,0,0,0.08460703229304534
701,1,1,0.980826399156514
702,1,1,0.5383404729043907
703,0,0,0.0871119947648844
704,0,0,0.0933136939583875
705,0,0,0.06822231393797584
706,0,0,0.10472194192678376
707,1,1,0.9498383876012539
708,1,0,0.393932776976853
709,1,1,0.7934482833853971
710,1,1,0.9417963787837187
711,1,1,0.9359441798011474
712,0,1,0.7228803908956638
713,1,0,0.14964858721474197
714,0,0,0.08636756668287142
715,0,0,0.05654983271016598
716,0,0,0.09175681939011755
717,1,1,0.9795511675687268
718,1,1,0.9533797574733076
719,0,0,0.08685196129789503
720,0,0,0.0772549582707771
721,1,1,0.9350432462256095
722,0,0,0.07089245055317316
723,0,0,0.08313808276605562
724,0,0,0.10019597515441662
725,1,0,0.4612023071138836
726,0,0,0.07337805380734462
727,1,1,0.9393211736585587
728,1,1,0.7381400331447577
729,0,0,0.07575679377318768
730,0,0,0.38853158393089204
731,1,1,0.9876270728541287
732,0,1,0.5594697407983048
733,0,0,0.058673540642285894
734,0,0,0.09406917687558448
735,0,0,0.0804682225495795
736,0,0,0.0772720457731096
737,0,0,0.0508382845455162
738,1,1,0.5323783045511288
739,0,0,0.07823529198567457
740,0,0,0.080010890882293
741,1,0,0.27557435366873917
742,0,0,0.4555121697106033
743,1,1,0.9731214392283158
744,0,0,0.05888761091881556
745,1,0,0.16520504331397193
746,0,0,0.3402585004207741
747,0,0,0.049454385022550985
748,1,1,0.8405732977509324
749,0,1,0.6122750372127455
750,0,0,0.07908497985395711
751,1,1,0.9347763025152078
752,1,1,0.8497875921298537
753,0,0,0.07917847101248453
754,0,0,0.07956940476779045
755,1,1,0.9364176091501561
756,1,1,0.9462886154317252
757,0,0,0.08756028364545594
758,0,0,0.09897773772016288
759,0,0,0.08576758040947012
760,1,1,0.9875322202662643
761,0,0,0.060084189775554485
762,0,0,0.05977123973219941
763,1,0,0.07385551623974565
764,1,1,0.9823841527886691
765,0,0,0.09153759953959474
766,1,1,0.9858712065800653
767,0,0,0.3530906774687801
768,0,1,0.7282308415418338
769,0,0,0.13077773365919362
770,0,0,0.08345768176515322
771,0,0,0.07223791711069057
772,0,0,0.07080783272498957
773,0,1,0.9297414707839352
774,0,0,0.06459266231136342
775,1,1,0.5832505948258556
776,0,0,0.07300805619403015
777,0,0,0.14863179057534262
778,1,1,0.9469942080430291
779,0,0,0.08240938474332328
780,1,1,0.9872899681807098
781,1,1,0.8308812320354618
782,1,1,0.9720628271350161
783,0,1,0.7658379357020942
784,0,0,0.028638911090229882
785,0,0,0.061873457003256915
786,0,0,0.06573350801014227
787,1,0,0.46664649541854714
788,0,0,0.048781193103694664
789,1,1,0.8171742968172864
790,0,0,0.22337931094678676
791,0,0,0.08330519328523077
792,0,0,0.08704427477816316
793,0,0,0.037111751951219615
794,0,0,0.19659422839333174
795,0,0,0.07688497464443578
796,0,0,0.11989433961157138
797,1,1,0.910442943574016
798,1,1,0.4485826568750691
799,0,0,0.0709061878071011
800,0,0,0.062140003685880206
801,0,0,0.07316511973168247
802,1,1,0.9735141054266648
803,1,1,0.9768280752990725
804,1,1,0.8670302319497917
805,1,0,0.05382145503506617
806,0,0,0.06288668971981351
807,0,0,0.1167120845353752
808,0,0,0.46900451788004743
809,0,0,0.08009405469026401
810,1,1,0.9785218985420036
811,0,0,0.06346177770682367
812,0,0,0.0702633667121869
813,0,0,0.07672094388162758
814,0,0,0.04155224746696219
815,0,0,0.0908946179740895
816,0,0,0.11455542175413863
817,0,0,0.48701013318709174
818,0,0,0.10653320337024348
819,0,0,0.04454507767101166
820,0,0,0.018085941602152045
821,1,1,0.9890547258471466
822,1,0,0.09352208029233937
823,0,0,0.1322110285125893
824,1,1,0.6724759779762901
825,0,0,0.032644932512584025
826,0,0,0.06434437563914984
827,0,0,0.31449423961770523
828,1,1,0.9576118853471144
829,1,0,0.06849555135458832
830,1,1,0.9804148765724383
831,1,1,0.7385985079146818
832,1,1,0.9678946238294004
833,0,0,0.08041784735895934
834,0,0,0.07263922469675738
835,0,0,0.08319523329337719
836,1,1,0.9688709351349112
837,0,0,0.08401888873795493
838,0,0,0.08418121378149872
839,1,0,0.3138407535712452
840,1,0,0.23980084288209555
841,0,0,0.07506822264892381
842,0,0,0.04848890850344021
843,1,1,0.944792413608516
844,0,0,0.06397694020991128
845,0,0,0.07153614362822869
846,0,0,0.06301462527927304
847,0,0,0.025736304524866898
848,0,0,0.0873470754835815
849,0,0,0.19859225635811728
850,1,1,0.986672469690213
851,0,0,0.03898287567010071
852,0,0,0.046738687070989826
853,0,1,0.8727868197343014
854,1,1,0.9559785097225251
855,0,1,0.9265358702048716
856,1,1,0.4664148899706307
857,1,1,0.9780176131481136
858,1,0,0.22399734071566849
859,1,1,0.8895448745576383
860,0,0,0.07294912666458869
861,0,0,0.05919210261506456
862,0,0,0.08019425407287953
863,1,1,0.95953236255209
864,0,0,0.037111751951219615
865,0,0,0.10370482057714725
866,1,1,0.8208240693458384
867,1,1,0.9023213954114846
868,0,0,0.26738951988679877
869,0,0,0.0879707305701229
870,1,1,0.9295409275380567
871,0,0,0.06803587458317091
872,1,1,0.9860691962701084
873,0,0,0.16417768061138724
874,0,0,0.06179449981022619
875,1,1,0.9543950113054799
876,1,1,0.8196020757128898
877,0,0,0.051779190973606316
878,0,0,0.07799907642163649
879,0,0,0.08049431277006408
880,1,1,0.9834364284967223
881,1,1,0.9662326336331297
882,0,0,0.07809825439604595
883,0,1,0.5302773299058074
884,0,0,0.11203292071684838
885,0,0,0.07427047819593514
886,0,0,0.060089361358841
887,0,0,0.11392426533298944
888,1,1,0.9823098569441218
889,0,1,0.6873467131204752
890,1,0,0.31356035114400244
891,0,0,0.0804800985414524
