seed,candidate,accuracy,roc_auc,fold_acc_std
123,familyfare_typed22__CatBoost,0.8451178451178452,0.8981268441291449,0.013151157966110133
123,familyfare_typed22_eb25__CatBoost,0.8439955106621774,0.8928754034448598,0.014231356404796804
123,familyfare_eb25__CatBoost,0.8439955106621774,0.8948620032169069,0.015014955799845494
777,familyfare_typed22__CatBoost,0.8473625140291807,0.8958845961290598,0.0320459841413396
777,familyfare_typed22_eb25__CatBoost,0.8451178451178452,0.8926730152643296,0.026017499756649107
777,familyfare_eb25__CatBoost,0.8496071829405163,0.8928487734211059,0.03045817998866094
2026,familyfare_typed22__CatBoost,0.8507295173961841,0.8948513512074053,0.021123124477638994
2026,familyfare_typed22_eb25__CatBoost,0.8428731762065096,0.8950883584188156,0.022343312842634164
2026,familyfare_eb25__CatBoost,0.8473625140291807,0.8946995600720076,0.0187833006369592
