fold,accuracy,roc_auc,candidate
0,0.8547486033519553,0.9113965744400527,familyfare_typed22__GradientBoosting
1,0.8426966292134831,0.9060828877005348,familyfare_typed22__GradientBoosting
2,0.8258426966292135,0.8915106951871657,familyfare_typed22__GradientBoosting
3,0.8314606741573034,0.8933155080213904,familyfare_typed22__GradientBoosting
4,0.8595505617977528,0.9114479457518947,familyfare_typed22__GradientBoosting
0,0.8379888268156425,0.9101449275362319,familyfare_typed22__XGBoost
1,0.8595505617977528,0.8893048128342247,familyfare_typed22__XGBoost
2,0.8258426966292135,0.8901737967914439,familyfare_typed22__XGBoost
3,0.848314606741573,0.8952540106951872,familyfare_typed22__XGBoost
4,0.8651685393258427,0.9194256082967691,familyfare_typed22__XGBoost
0,0.8435754189944135,0.9090909090909091,familyfare_typed22__CatBoost
1,0.8539325842696629,0.909692513368984,familyfare_typed22__CatBoost
2,0.8426966292134831,0.8895053475935829,familyfare_typed22__CatBoost
3,0.8539325842696629,0.8975935828877005,familyfare_typed22__CatBoost
4,0.8595505617977528,0.9160351017151975,familyfare_typed22__CatBoost
0,0.8603351955307262,0.89433465085639,familyfare_eb25__GradientBoosting
1,0.8370786516853933,0.908288770053476,familyfare_eb25__GradientBoosting
2,0.8202247191011236,0.8953877005347595,familyfare_eb25__GradientBoosting
3,0.8370786516853933,0.8962566844919786,familyfare_eb25__GradientBoosting
4,0.8539325842696629,0.9106501794974072,familyfare_eb25__GradientBoosting
0,0.8379888268156425,0.9005270092226615,familyfare_eb25__XGBoost
1,0.8539325842696629,0.9010695187165776,familyfare_eb25__XGBoost
2,0.8314606741573034,0.8981951871657754,familyfare_eb25__XGBoost
3,0.8426966292134831,0.8933823529411764,familyfare_eb25__XGBoost
4,0.8651685393258427,0.9121792314851749,familyfare_eb25__XGBoost
0,0.8435754189944135,0.9094861660079051,familyfare_eb25__CatBoost
1,0.8426966292134831,0.9052139037433155,familyfare_eb25__CatBoost
2,0.8146067415730337,0.8928475935828877,familyfare_eb25__CatBoost
3,0.8651685393258427,0.903475935828877,familyfare_eb25__CatBoost
4,0.8820224719101124,0.9136418029517352,familyfare_eb25__CatBoost
0,0.8659217877094972,0.8894598155467721,familyfare_typed22_eb25__GradientBoosting
1,0.8370786516853933,0.9054812834224599,familyfare_typed22_eb25__GradientBoosting
2,0.8258426966292135,0.8899064171122996,familyfare_typed22_eb25__GradientBoosting
3,0.8426966292134831,0.8962566844919786,familyfare_typed22_eb25__GradientBoosting
4,0.8595505617977528,0.9051987767584097,familyfare_typed22_eb25__GradientBoosting
0,0.8491620111731844,0.8988142292490119,familyfare_typed22_eb25__XGBoost
1,0.848314606741573,0.9001336898395722,familyfare_typed22_eb25__XGBoost
2,0.8258426966292135,0.8947192513368986,familyfare_typed22_eb25__XGBoost
3,0.8370786516853933,0.8964572192513369,familyfare_typed22_eb25__XGBoost
4,0.8651685393258427,0.9100518548065416,familyfare_typed22_eb25__XGBoost
0,0.8547486033519553,0.9083003952569171,familyfare_typed22_eb25__CatBoost
1,0.8426966292134831,0.9088235294117648,familyfare_typed22_eb25__CatBoost
2,0.8314606741573034,0.8939171122994652,familyfare_typed22_eb25__CatBoost
3,0.8539325842696629,0.9002673796791443,familyfare_typed22_eb25__CatBoost
4,0.8707865168539326,0.9113149847094802,familyfare_typed22_eb25__CatBoost
