outer_seed,candidate,accuracy,roc_auc
31415,deotte,0.8462401795735129,0.8602988953866146
31415,typed_cat,0.8484848484848485,0.902321072870397
31415,typed_rf6,0.8529741863075196,0.8937488682239905
31415,eb_cat,0.8574635241301908,0.8993544882242035
31415,typed_eb_cat,0.8597081930415263,0.9005847953216375
27182,deotte,0.8439955106621774,0.8621523450398917
27182,typed_cat,0.8484848484848485,0.8992399791220613
27182,typed_rf6,0.8507295173961841,0.8984597194260698
27182,eb_cat,0.8529741863075196,0.8999456747515417
27182,typed_eb_cat,0.8540965207631874,0.8990242759296541
