feature,kind,train_mean,test_mean,std_mean_diff,train_missing,test_missing,total_variation,train_rate,test_rate,abs_diff
Pclass,numeric,2.308641975308642,2.2655502392344498,-0.05143218374302032,0.0,0.0,,,,
Age,numeric,29.69911764705882,30.272590361445783,0.039787212300381715,0.19865319865319866,0.20574162679425836,,,,
SibSp,numeric,0.5230078563411896,0.4473684210526316,-0.07261443480071468,0.0,0.0,,,,
Parch,numeric,0.38159371492704824,0.3923444976076555,0.012420605458431034,0.0,0.0,,,,
Fare,numeric,32.204207968574636,35.627188489208635,0.06613347362062301,0.0,0.0023923444976076554,,,,
Sex,categorical,,,,,,0.011223344556677922,,,
Embarked,categorical,,,,,,0.07909504400732471,,,
AgeMissing,missingness,,,,,,,0.19865319865319866,0.20574162679425836,0.007088428141059699
FareMissing,missingness,,,,,,,0.0,0.0023923444976076554,0.0023923444976076554
CabinMissing,missingness,,,,,,,0.7710437710437711,0.7822966507177034,0.011252879673932292
EmbarkedMissing,missingness,,,,,,,0.002244668911335578,0.0,0.002244668911335578
