PassengerId,SurvivalProbability,Prediction
892,0.1051267565660751,0
893,0.4473763401074708,0
894,0.1006192972431975,0
895,0.1190284778090725,0
896,0.7681143788606656,1
897,0.1181412173770938,0
898,0.7274305834666841,1
899,0.1379372403274199,0
900,0.7012274389563236,1
901,0.115799803034631,0
902,0.1047010074984246,0
903,0.1789677102546963,0
904,0.940207984913026,1
905,0.1060335882236248,0
906,0.9278546415734654,1
907,0.883877429784411,1
908,0.1250911209621578,0
909,0.1154722524692564,0
910,0.3365791296343243,0
911,0.491157110510214,0
912,0.2348975104540762,0
913,0.6552966705348106,1
914,0.9051541189354556,1
915,0.3261572198203445,0
916,0.9138857348935322,1
917,0.0705266346552281,0
918,0.9421086331976772,1
919,0.1156405123378042,0
920,0.3988331559072125,0
921,0.1230419703035821,0
922,0.1142591992132937,0
923,0.1272170192947116,0
924,0.755594944727964,1
925,0.2681842788208656,0
926,0.4845952335883338,0
927,0.1213569720833044,0
928,0.5730948943036059,1
929,0.3194586197264951,0
930,0.1088861178569732,0
931,0.3402946297711912,0
932,0.0971994154242925,0
933,0.4290807169705652,0
934,0.0956232621355047,0
935,0.836201210278054,1
936,0.9379053976901252,1
937,0.227770837266729,0
938,0.329707510460105,0
939,0.1139567173738041,0
940,0.9429866654718732,1
941,0.7806002256013638,1
942,0.4563111103980671,0
943,0.1433409763535562,0
944,0.8983685945423336,1
945,0.8928427523596274,1
946,0.1429801753725729,0
947,0.0676018970573841,0
948,0.0980073293434857,0
949,0.134409974503897,0
950,0.1103050824920498,0
951,0.9406178747220288,1
952,0.1061003459347233,0
953,0.1286833101445107,0
954,0.107548059507877,0
955,0.6457213751933937,1
956,0.8661211239163946,1
957,0.8335393302644762,1
958,0.7917042477842986,1
959,0.1655415701052351,0
960,0.4876528134185951,0
961,0.8787057005792958,1
962,0.6314269265500343,1
963,0.1048547524362502,0
964,0.5676533996408433,1
965,0.5171481509873893,1
966,0.9188477677916498,1
967,0.3643411791300989,0
968,0.1066003133044313,0
969,0.8798051968272352,1
970,0.1285895965443675,0
971,0.6314269265500343,1
972,0.2403435389092899,0
973,0.2120530161914384,0
974,0.1818473171475826,0
975,0.1047010074984246,0
976,0.1329365286992109,0
977,0.1123597559025912,0
978,0.6193879307074335,1
979,0.5751059927018674,1
980,0.6715661530443486,1
981,0.9055549849048584,1
982,0.6450009708199826,1
983,0.1063750827608168,0
984,0.9268877677447058,1
985,0.1066003133044313,0
986,0.3105806399137905,0
987,0.1071756989646381,0
988,0.9223419349992849,1
989,0.2609830539249576,0
990,0.5997699338470474,1
991,0.1111452080964743,0
992,0.9357899802803782,1
993,0.1382388282699185,0
994,0.1139567173738041,0
995,0.1063750827608168,0
996,0.8108132945202984,1
997,0.1189781089003154,0
998,0.1171968938678642,0
999,0.1139567173738041,0
1000,0.1063233302460125,0
1001,0.2065983415524966,0
1002,0.1267473507015672,0
1003,0.6710891293564893,1
1004,0.9225420376719904,1
1005,0.6701556560314912,1
1006,0.9059435810480562,1
1007,0.121299172581368,0
1008,0.1029189626388752,0
1009,0.888816499222833,1
1010,0.4187445884542508,0
1011,0.8484656464568276,1
1012,0.9012495031343442,1
1013,0.1130403686533843,0
1014,0.94246920405958,1
1015,0.1103097660988179,0
1016,0.1139567173738041,0
1017,0.6161483246207182,1
1018,0.1072639921328544,0
1019,0.8071265330776425,1
1020,0.1229977267564175,0
1021,0.1057406883288178,0
1022,0.1220017964459475,0
1023,0.4202540686472539,0
1024,0.1120497589793797,0
1025,0.1109649557346929,0
1026,0.0915578881503229,0
1027,0.1052910522783822,0
1028,0.115151186468146,0
1029,0.1194226126925228,0
1030,0.5413163313598639,1
1031,0.0976492262883406,0
1032,0.0798617848895936,0
1033,0.8704153745030462,1
1034,0.2180181678452844,0
1035,0.1279079680256524,0
1036,0.3141621253545039,0
1037,0.0964506846463667,0
1038,0.3690829573570256,0
1039,0.1057108994204472,0
1040,0.3175289753258317,0
1041,0.1508970267295593,0
1042,0.9568632692669884,1
1043,0.1146024074244621,0
1044,0.0933842839290261,0
1045,0.5917622634888753,1
1046,0.5216373118816949,1
1047,0.1044827993326634,0
1048,0.9277227677827934,1
1049,0.5876374869173131,1
1050,0.4250085859650723,0
1051,0.616313805668073,1
1052,0.6728540401668911,1
1053,0.8425449239730417,1
1054,0.7925905362263063,1
1055,0.1017077914035812,0
1056,0.1792483896998193,0
1057,0.7736055592868064,1
1058,0.2687082201586723,0
1059,0.0656082735411444,0
1060,0.905224698443208,1
1061,0.5264124934516903,1
1062,0.1039465833709095,0
1063,0.1215235827146143,0
1064,0.1023875144748874,0
1065,0.1127873518359676,0
1066,0.1157104154721957,0
1067,0.920219360547796,1
1068,0.8938704934587485,1
1069,0.300649191839116,0
1070,0.9145279878378764,1
1071,0.9339030381518396,1
1072,0.1285895965443675,0
1073,0.5369259491538645,1
1074,0.9405676804179331,1
1075,0.1139567173738041,0
1076,0.9548818749620014,1
1077,0.127872683916055,0
1078,0.8413265692427232,1
1079,0.1191198571794638,0
1080,0.0841212864549694,0
1081,0.1241505075141187,0
1082,0.125749028552132,0
1083,0.2015933615202371,0
1084,0.694004426719873,1
1085,0.0983001385374947,0
1086,0.8995996614673175,1
1087,0.105734922936983,0
1088,0.9245281334989152,1
1089,0.7503374270297122,1
1090,0.1119628120781387,0
1091,0.5844845495019826,1
1092,0.6939712511797325,1
1093,0.3673242755342434,0
1094,0.4695388000215233,0
1095,0.934725715880383,1
1096,0.1097360280003277,0
1097,0.1932140270709897,0
1098,0.7002230341358552,1
1099,0.1160955160633029,0
1100,0.9172132226014482,1
1101,0.104804248410996,0
1102,0.1255449327883196,0
1103,0.1007237849668384,0
1104,0.1659508991815595,0
1105,0.6966726345418058,1
1106,0.3992175455038613,0
1107,0.309153324130354,0
1108,0.668478954610034,1
1109,0.1989091627618341,0
1110,0.9073499779401626,1
1111,0.1066003133044313,0
1112,0.8724706080448235,1
1113,0.1065173695975407,0
1114,0.8437643234938937,1
1115,0.1072958841618765,0
1116,0.8769414299995986,1
1117,0.8006483086230533,1
1118,0.1070913419221561,0
1119,0.6715661530443486,1
1120,0.0909645565099196,0
1121,0.1230902039310933,0
1122,0.2005732046606586,0
1123,0.8992347851764947,1
1124,0.0964651420472212,0
1125,0.1143341472152782,0
1126,0.3888481228209696,0
1127,0.1077636838878621,0
1128,0.261354071694189,0
1129,0.1221272645286649,0
1130,0.8568585120884606,1
1131,0.9474388020770528,1
1132,0.8811105928956651,1
1133,0.8721431841182264,1
1134,0.3861355421254692,0
1135,0.104954838916311,0
1136,0.3089079825732096,0
1137,0.3878399194044032,0
1138,0.8582198408605679,1
1139,0.12706921554495,0
1140,0.8456056460742661,1
1141,0.6295269805184754,1
1142,0.9293378985151612,1
1143,0.1092643866912066,0
1144,0.4594014711621599,0
1145,0.1064245693316799,0
1146,0.1215577539340783,0
1147,0.1020112092927324,0
1148,0.1134255679435031,0
1149,0.1152979645921085,0
1150,0.8493437772659718,1
1151,0.1068029791037907,0
1152,0.1043666533192917,0
1153,0.114408600098564,0
1154,0.8819739713656684,1
1155,0.7859320976211519,1
1156,0.135556123823086,0
1157,0.1047010074984246,0
1158,0.10197096655501,0
1159,0.1020112092927324,0
1160,0.5751059927018674,1
1161,0.1071811527167664,0
1162,0.2856161669799736,0
1163,0.1139567173738041,0
1164,0.9407107155312006,1
1165,0.6920720748496534,1
1166,0.1124103792595996,0
1167,0.8605634617512108,1
1168,0.1167565684691951,0
1169,0.1238979917890024,0
1170,0.114917190329076,0
1171,0.1151087826307511,0
1172,0.3003359234276414,0
1173,0.7806513345365107,1
1174,0.78510144983712,1
1175,0.854378323605082,1
1176,0.347188001686008,0
1177,0.0947622638923361,0
1178,0.1051547157959042,0
1179,0.4003819181204381,0
1180,0.1443330074058341,0
1181,0.1077007330170013,0
1182,0.2312125276664116,0
1183,0.5590591266833342,1
1184,0.1127873518359676,0
1185,0.4604848683405695,0
1186,0.1049836141176456,0
1187,0.1047010074984246,0
1188,0.938671733939713,1
1189,0.1230419703035821,0
1190,0.3386229295691118,0
1191,0.1177133852244562,0
1192,0.0979500717241151,0
1193,0.2477201905284337,0
1194,0.1070966073864043,0
1195,0.1052738675733138,0
1196,0.6715661530443486,1
1197,0.907947846143295,1
1198,0.2811613635629894,0
1199,0.8435412833532577,1
1200,0.2607318013693394,0
1201,0.465969458457068,0
1202,0.0911511818393338,0
1203,0.1156747186171832,0
1204,0.1039465833709095,0
1205,0.6256326450939638,1
1206,0.9398793566218568,1
1207,0.674863048034735,1
1208,0.2868943763332712,0
1209,0.1405889618755417,0
1210,0.1172602681814782,0
1211,0.1312044623555496,0
1212,0.1063750827608168,0
1213,0.1451774462536816,0
1214,0.1653486014188126,0
1215,0.4200846390845968,0
1216,0.9402009173687274,1
1217,0.1011032489329384,0
1218,0.93219744297241,1
1219,0.2217089293036858,0
1220,0.1319708674199392,0
1221,0.1306382128556416,0
1222,0.8611506053931623,1
1223,0.424212317059729,0
1224,0.1124103792595996,0
1225,0.817292702547908,1
1226,0.1163177462563114,0
1227,0.3403168245841418,0
1228,0.1288431842965949,0
1229,0.0865791257710037,0
1230,0.1292336131837173,0
1231,0.7237025593550386,1
1232,0.144090067902363,0
1233,0.1143281688787753,0
1234,0.117725070075654,0
1235,0.9491282267963664,1
1236,0.7464302128359122,1
1237,0.649818211741505,1
1238,0.1194226126925228,0
1239,0.537520601970005,1
1240,0.1234848136057457,0
1241,0.8597478112768661,1
1242,0.9440995037184352,1
1243,0.1132016166385961,0
1244,0.1634923042759167,0
1245,0.1548727896532826,0
1246,0.8602226706463331,1
1247,0.2795498507413629,0
1248,0.9298674595272516,1
1249,0.105521884025862,0
1250,0.1139567173738041,0
1251,0.6386208100383094,1
1252,0.0751324892657625,0
1253,0.9180741270210548,1
1254,0.8356292559232872,1
1255,0.1190284778090725,0
1256,0.9499828462049646,1
1257,0.1278551856846979,0
1258,0.092018889546915,0
1259,0.1769319691015338,0
1260,0.9238393197027204,1
1261,0.1425331424473196,0
1262,0.123034036541915,0
1263,0.9510255628396296,1
1264,0.1165142511368339,0
1265,0.1231679816011562,0
1266,0.941544415826651,1
1267,0.9154098912142652,1
1268,0.5318135242697678,1
1269,0.1244654295232276,0
1270,0.2304762062642556,0
1271,0.601263451587592,1
1272,0.1139567173738041,0
1273,0.1143341472152782,0
1274,0.638431211894861,1
1275,0.6397477254080679,1
1276,0.1303548849977726,0
1277,0.8915911721122899,1
1278,0.1062010671333422,0
1279,0.1015194480746735,0
1280,0.0969239705805644,0
1281,0.0820117936307231,0
1282,0.3843103110163332,0
1283,0.9272543031198072,1
1284,0.7765402085164493,1
1285,0.1113041307775384,0
1286,0.1198307870156603,0
1287,0.9350320539396644,1
1288,0.1119089698799901,0
1289,0.941587711920371,1
1290,0.1067709912770324,0
1291,0.1165660930052879,0
1292,0.9492986858472784,1
1293,0.1090899777017289,0
1294,0.9240072307563738,1
1295,0.2608805519435341,0
1296,0.4241933303916394,0
1297,0.2820393183079533,0
1298,0.1143618509198856,0
1299,0.2527198154817947,0
1300,0.6715128685526632,1
1301,0.7826422981102852,1
1302,0.6715661530443486,1
1303,0.9561644590724024,1
1304,0.5657718419817395,1
1305,0.1077007330170013,0
1306,0.9360680564173278,1
1307,0.0913546816817383,0
1308,0.1066003133044313,0
1309,0.8781709180239087,1
