family,split,base_acc,prefix_acc,delta,base_auc,prefix_auc
repeated,42,0.8473625140291807,0.8518518518518519,0.004489337822671136,0.9025394390651796,0.9037511051459858
repeated,123,0.8439955106621774,0.8529741863075196,0.008978675645342271,0.8949472192929195,0.8930218685755069
repeated,777,0.8439955106621774,0.8462401795735129,0.002244668911335568,0.8918261805089529,0.890950052727447
repeated,2026,0.8484848484848485,0.8507295173961841,0.002244668911335568,0.8970483281671087,0.8927928503712225
repeated,31415,0.8507295173961841,0.8619528619528619,0.011223344556677839,0.8988112357396223,0.9016819523003015
repeated,27182,0.8540965207631874,0.8372615039281706,-0.01683501683501687,0.9020680876447342,0.8917116714068108
group,42,0.7934904601571269,0.7957351290684624,0.002244668911335568,0.8590206542464236,0.854368389096603
group,777,0.7946127946127947,0.7901234567901234,-0.004489337822671247,0.8596624378188946,0.8513458814005261
pseudo,0,0.848314606741573,0.848314606741573,0.0,0.9249338624338626,0.9142857142857143
pseudo,1,0.848314606741573,0.8651685393258427,0.016853932584269704,0.8861607142857143,0.908685064935065
pseudo,2,0.848314606741573,0.8595505617977528,0.011235955056179803,0.9144395692062226,0.9091211275096397
pseudo,3,0.8707865168539326,0.8764044943820225,0.005617977528089901,0.9175925925925926,0.9197089947089947
pseudo,4,0.8146067415730337,0.8258426966292135,0.011235955056179803,0.8823529411764706,0.8816844919786095
