outer_fold,inner_fold,candidate,accuracy,roc_auc
0,0,deotte,0.8571428571428571,0.8649173955296404
0,0,typed_cat,0.8487394957983193,0.9107423189055842
0,0,typed_rf6,0.8571428571428571,0.8993047768557973
0,0,eb_cat,0.8403361344537815,0.902818270165209
0,0,typed_eb_cat,0.8487394957983193,0.9046871495851089
0,1,deotte,0.8438818565400844,0.8605298810778264
0,1,typed_cat,0.8396624472573839,0.9016257714887852
0,1,typed_rf6,0.8438818565400844,0.8937979828390787
0,1,eb_cat,0.8354430379746836,0.9007601987054042
0,1,typed_eb_cat,0.8354430379746836,0.9056902002107482
0,2,deotte,0.8312236286919831,0.8272241457172965
0,2,typed_cat,0.8565400843881856,0.9065181393948517
0,2,typed_rf6,0.8481012658227848,0.909303025741382
0,2,eb_cat,0.8607594936708861,0.924544633448743
0,2,typed_eb_cat,0.8649789029535865,0.9200662351347283
1,0,deotte,0.8487394957983193,0.8541526500710174
1,0,typed_cat,0.8361344537815126,0.868991552665022
1,0,typed_rf6,0.8529411764705882,0.8700381251401659
1,0,eb_cat,0.8403361344537815,0.8768034686402033
1,0,typed_eb_cat,0.8319327731092437,0.8742244150407416
1,1,deotte,0.8613445378151261,0.8661033353186421
1,1,typed_cat,0.8445378151260504,0.8983397855866587
1,1,typed_rf6,0.8571428571428571,0.9019505658129837
1,1,eb_cat,0.8403361344537815,0.9057846932698035
1,1,typed_eb_cat,0.8361344537815126,0.9040723645026801
1,2,deotte,0.7932489451476793,0.8227833810025591
1,2,typed_cat,0.8059071729957806,0.8399066686737919
1,2,typed_rf6,0.7805907172995781,0.8342239951828994
1,2,eb_cat,0.8016877637130801,0.8447990365798586
1,2,typed_eb_cat,0.8059071729957806,0.837648652717146
2,0,deotte,0.8403361344537815,0.8677207146594901
2,0,typed_cat,0.8361344537815126,0.901323166629289
2,0,typed_rf6,0.8487394957983193,0.8832324138446588
2,0,eb_cat,0.8361344537815126,0.8941466696568737
2,0,typed_eb_cat,0.8403361344537815,0.8899977573446961
2,1,deotte,0.8613445378151261,0.8591051220964859
2,1,typed_cat,0.8949579831932774,0.9274865991661704
2,1,typed_rf6,0.8865546218487395,0.9111450268016676
2,1,eb_cat,0.8739495798319328,0.9229079809410363
2,1,typed_eb_cat,0.865546218487395,0.924583085169744
2,2,deotte,0.8270042194092827,0.8410356766521152
2,2,typed_cat,0.8270042194092827,0.8909001956947162
2,2,typed_rf6,0.8016877637130801,0.8763359927743489
2,2,eb_cat,0.8143459915611815,0.8908625620954388
2,2,typed_eb_cat,0.8227848101265823,0.8966957699834412
3,0,deotte,0.8529411764705882,0.8432010166704045
3,0,typed_cat,0.865546218487395,0.9179561934663976
3,0,typed_rf6,0.865546218487395,0.900014951035359
3,0,eb_cat,0.8613445378151261,0.9107796964939823
3,0,typed_eb_cat,0.8571428571428571,0.9103311654332062
3,1,deotte,0.8319327731092437,0.8288787969029183
3,1,typed_cat,0.8319327731092437,0.878759678379988
3,1,typed_rf6,0.8151260504201681,0.8614874925550924
3,1,eb_cat,0.819327731092437,0.8710541989279331
3,1,typed_eb_cat,0.8235294117647058,0.8755955926146516
3,2,deotte,0.8270042194092827,0.8341487279843444
3,2,typed_cat,0.8312236286919831,0.8879647749510763
3,2,typed_rf6,0.8565400843881856,0.8949646244166792
3,2,eb_cat,0.8481012658227848,0.8962441667921119
3,2,typed_eb_cat,0.8396624472573839,0.8862336293843143
4,0,deotte,0.8445378151260504,0.8648800179412426
4,0,typed_cat,0.8277310924369747,0.8854376915601405
4,0,typed_rf6,0.8319327731092437,0.8825969948418928
4,0,eb_cat,0.8319327731092437,0.9037527098751589
4,0,typed_eb_cat,0.8529411764705882,0.8959781714883757
4,1,deotte,0.8319327731092437,0.8187934514465127
4,1,typed_cat,0.819327731092437,0.8746729461015175
4,1,typed_rf6,0.8277310924369747,0.8607684832174628
4,1,eb_cat,0.819327731092437,0.8673469387755103
4,1,typed_eb_cat,0.8319327731092437,0.868206623308664
4,2,deotte,0.8185654008438819,0.7741607707361132
4,2,typed_cat,0.8312236286919831,0.8922926388679814
4,2,typed_rf6,0.8185654008438819,0.8751693511967484
4,2,eb_cat,0.8438818565400844,0.8864970645792564
4,2,typed_eb_cat,0.8354430379746836,0.8877013397561343
