PassengerId,fold,Survived,nested_pred,nested_score,v5_pred,v5_score,oracle_pred
1,0,0,0,0.052520183337138704,0,0.051893589424926945,0
2,0,1,1,0.9733215932509491,1,0.9795393300061582,1
3,3,1,0,0.476547302970088,0,0.44139739448337384,1
4,4,1,1,0.9575336932887011,1,0.9726105206185384,1
5,2,0,0,0.11317017313652708,0,0.08346506757446732,0
6,3,0,0,0.08453196269287759,0,0.07971749855731357,0
7,1,0,0,0.018277280032634735,0,0.2462914142316387,0
8,3,0,0,0.03037862786604183,0,0.036125963976615424,0
9,0,1,1,0.927448467550685,1,0.8851463079025083,1
10,3,1,1,0.9444591124893355,1,0.9564383246958794,1
11,1,1,1,1.0,1,0.9500890162573373,1
12,0,1,1,0.9444891300199447,1,0.9610902711463808,1
13,3,0,0,0.09969738863804141,0,0.07471067546569932,0
14,4,0,0,0.053710661603198755,0,0.0194588938865277,0
15,2,0,1,0.7918980287924693,1,0.7742847764125123,1
16,0,1,1,0.8399344594927876,1,0.7853371461898776,1
17,0,0,0,0.019087006467574625,0,0.044827754147985815,0
18,0,1,0,0.04792215660488421,0,0.07717713628792004,0
19,1,0,0,0.0,1,0.511187887406482,1
20,3,1,1,0.5405034530380904,1,0.622124983619399,1
21,4,0,0,0.06561551762341795,0,0.07627092144202202,0
22,3,1,0,0.10257393607141904,0,0.11811091628115582,0
23,2,1,1,0.7785607819303274,1,0.7775026121571577,1
24,3,1,0,0.3607654204209336,0,0.23080382436479083,0
25,4,0,0,0.007672628551615978,0,0.027711659989605997,0
26,1,1,1,1.0,0,0.3590290047275409,1
27,2,0,0,0.10599030392617181,0,0.0747162655314581,0
28,3,0,0,0.4242443327984886,0,0.26239590988336176,0
29,1,1,1,0.9639626145362854,1,0.6817235868728041,1
30,2,0,0,0.11136241605623466,0,0.07754676365013662,0
31,0,0,0,0.4734920072881133,0,0.35583530029846555,0
32,2,1,1,0.9785093233728952,1,0.9813876775375915,1
33,1,1,1,0.8606691956520081,1,0.6760743188382793,1
34,0,0,0,0.048296948634494276,0,0.060644625816545915,0
35,4,0,0,0.39124160698323457,0,0.1924809376016541,0
36,3,0,0,0.2287386704295058,0,0.14982140423115453,0
37,0,1,0,0.09783663954507375,0,0.062159570923081976,0
38,2,0,0,0.11225125810295673,0,0.07492982230484639,0
39,1,0,0,0.0,1,0.5010814623415618,0
40,2,1,1,0.8053572353223508,1,0.7875738157151639,1
41,4,0,1,0.5148763219228218,1,0.5089768953771855,0
42,1,0,1,1.0,1,0.9191964328622172,1
43,2,0,0,0.11547206932688955,0,0.08469429415892155,0
44,4,1,1,0.9781283470052464,1,0.9757658158336043,1
45,3,1,1,0.7800191362347156,1,0.702837371853721,1
46,0,0,0,0.09321307949969056,0,0.06371932418172266,0
47,0,0,0,0.09523454076252706,0,0.07717242424123405,0
48,2,1,1,0.6795400656678413,1,0.67391650489675,1
49,2,0,0,0.12595335494927648,0,0.06878750478920989,0
50,0,0,1,0.6179444044649771,1,0.6401632241289096,1
51,0,0,0,0.009883059064298278,0,0.03113549387817321,0
52,1,0,0,0.4543469548225403,0,0.07219482381957172,0
53,1,1,1,1.0,1,0.9713165985706143,1
54,0,1,1,0.9087487553851908,1,0.8772667553336673,1
55,0,0,0,0.28269974648763785,0,0.25645768693742094,0
56,0,1,0,0.27855470670200966,0,0.1795198658376825,0
57,3,1,1,0.8205203307073013,1,0.9041716499796251,1
58,3,0,0,0.1632805304092588,0,0.0819986160740291,0
59,4,1,1,0.9362398949279039,1,0.9389192092598923,1
60,3,0,0,0.012299282607040702,0,0.026825970091644034,0
61,2,0,0,0.1126794203074648,0,0.07753396215422419,0
62,0,1,1,0.9877215802903943,1,0.9885261056701444,1
63,3,0,0,0.30288985316038036,0,0.22252512946529202,0
64,1,0,0,0.0,0,0.039293301563530204,0
65,3,0,0,0.34188173802754823,0,0.1896299880166535,0
66,1,1,0,0.0,1,0.7994331165406635,1
67,1,1,1,0.9987921118736267,1,0.921700511679143,1
68,2,0,0,0.11567167824444201,0,0.07781355263401311,0
69,4,1,0,0.20859330581609903,0,0.0378115790337306,0
70,4,0,0,0.10289349097003753,0,0.07815179917282754,0
71,0,0,0,0.07971491488779933,0,0.07797638903558642,0
72,0,0,0,0.01638862506765687,0,0.04427673324005072,0
73,3,0,0,0.23235169229433333,0,0.11582204854890572,0
74,3,0,0,0.060733706791594136,0,0.06873217753675004,0
75,4,1,0,0.36442308596334033,0,0.11938580991287996,0
76,3,0,0,0.1007620814617337,0,0.08971252116314073,0
77,2,0,0,0.11136241605623466,0,0.07754676365013662,0
78,1,0,0,0.01134453434497118,0,0.07673540784916634,0
79,2,1,1,0.9547997548789006,1,0.9658255223301381,1
80,4,1,1,0.8463515908119313,1,0.6506845779661611,1
81,3,0,0,0.05918419474546581,0,0.07073638493611283,0
82,1,1,0,0.15631243586540222,0,0.08071557014695727,0
83,3,1,1,0.7679186084672469,1,0.7192054670295596,1
84,1,0,0,0.04746292904019356,0,0.1893141524019458,0
85,3,1,1,0.8319793137822747,1,0.9180900041819401,1
86,3,1,1,0.5826614829890756,0,0.3649260585406114,1
87,3,0,0,0.07697983218433674,0,0.02138754061184181,0
88,1,0,0,0.01134453434497118,0,0.07382096035655693,0
89,0,1,1,0.9730339653407976,1,0.9698424120740862,1
90,2,0,0,0.1132305654030644,0,0.07879189620313902,0
91,2,0,0,0.11319587577245856,0,0.08686163757630261,0
92,0,0,0,0.09369278326051066,0,0.06178786564623251,0
93,0,0,0,0.4416947451302397,0,0.4822619508216038,0
94,0,0,0,0.12961478463619402,0,0.05454635064174503,0
95,1,0,0,0.001137888408266008,0,0.059468748394369525,0
96,4,0,0,0.11224684637835389,0,0.08265158464452238,0
97,4,0,0,0.27035030877512656,0,0.15449700774751945,0
98,0,1,0,0.3644804731176426,0,0.24863044171217594,0
99,1,1,1,1.0,1,0.9680276477845361,1
100,4,0,0,0.10444976984411825,0,0.10625299144132457,0
101,2,0,1,0.6468526808378199,1,0.5543321028718134,1
102,0,0,0,0.05505471193792813,0,0.06253910049942371,0
103,3,0,0,0.4858092804078187,0,0.44461012462477184,0
104,3,0,0,0.04387303057721639,0,0.06642810643641671,0
105,3,0,0,0.05309583983026585,0,0.05761323775418,0
106,0,0,0,0.0972059734625537,0,0.06428075843673804,0
107,0,1,1,0.597645529166478,1,0.6080486567841253,1
108,4,1,0,0.11017734231319187,0,0.07665790597183066,0
109,4,0,0,0.0994217532022498,0,0.0720639201026272,0
110,1,1,1,1.0,1,0.6076524789751768,1
111,3,0,0,0.19895525928999797,0,0.1899709958106366,0
112,0,0,0,0.04799154176186156,0,0.12475006564493524,0
113,1,0,0,0.005474529229104519,0,0.07778915850712319,0
114,0,0,1,0.5998873890345846,0,0.3904584629318549,0
115,1,0,1,0.5945958495140076,1,0.77573797012287,1
116,1,0,0,0.019992941990494728,0,0.12189044494713808,0
117,2,0,0,0.07183715590763405,0,0.06749160969157551,0
118,2,0,0,0.089617675427962,0,0.04286283328689273,0
119,1,0,1,0.9496214985847473,0,0.4978883028048467,0
120,2,0,0,0.016922395246947254,0,0.03598590094123578,0
121,3,0,0,0.2078243916272595,0,0.10006483324828556,0
122,4,0,0,0.11071187078313499,0,0.07554608855337512,0
123,1,0,0,0.0803626999258995,0,0.27677494682990483,0
124,2,1,1,0.8946140745477362,1,0.9399887249812511,1
125,2,0,0,0.21825133882231842,0,0.18639793739875796,0
126,2,1,1,0.7528109416274652,1,0.8060188618189413,1
127,1,0,0,0.20307806134223938,0,0.08510028712212174,0
128,4,1,0,0.09895150279078166,0,0.05803919351559347,0
129,0,1,1,0.9771306934852634,1,0.9611202671373761,1
130,3,0,0,0.058158575168505366,0,0.05868225300029525,0
131,1,0,0,0.02566254511475563,0,0.08261824011883924,0
132,4,0,0,0.1073934493041851,0,0.06481147125851004,0
133,2,0,1,0.6979142191580965,1,0.4525141017062184,1
134,1,1,1,1.0,1,0.9175010722241729,1
135,4,0,0,0.10570313679605522,0,0.0932282397671738,0
136,1,0,0,0.0032507898285984993,0,0.1150448174400567,0
137,4,1,1,0.9719948418484557,1,0.9609351605529128,1
138,4,0,0,0.3723324346609941,0,0.38080470936270244,0
139,3,0,0,0.07106160758011174,0,0.07221040146157093,0
140,3,0,0,0.42987581264309066,0,0.43348732722602334,0
141,3,0,0,0.0006666666666666666,0,0.06076701950013123,0
142,3,1,1,0.7059200253425946,1,0.610382101833655,1
143,0,1,0,0.3516212074249149,0,0.49049943616447883,1
144,1,0,0,0.09982840716838837,0,0.08227077277850253,0
145,3,0,0,0.11360413653053134,0,0.11244883507497366,0
146,4,0,0,0.17229082928920372,0,0.14740584945922894,0
147,0,1,0,0.0593982633585627,0,0.065293924154577,0
148,0,0,0,0.012839761158594237,0,0.04247629270743578,0
149,4,0,0,0.08045940676490522,0,0.16174432919604556,0
150,2,0,0,0.22002582762350545,0,0.10123644393970439,0
151,3,0,0,0.1923034650226622,0,0.1253183539794272,0
152,4,1,1,0.9656033325079687,1,0.9747669156667037,1
153,4,0,0,0.0879074381071471,0,0.0628434435485564,0
154,1,0,0,0.004218341317027807,0,0.057107392065642255,0
155,1,0,0,0.014675903134047985,0,0.06767856283463762,0
156,3,0,0,0.21794465477253247,0,0.17594172441738354,0
157,4,1,1,0.6422562157793011,1,0.7821602189868052,1
158,0,0,0,0.10103680803669063,0,0.06546787077037036,0
159,1,0,0,0.04179619997739792,0,0.0774830263165899,0
160,1,0,0,0.0,0,0.0345672913725285,0
161,2,0,0,0.09458851067607636,0,0.0760173941001918,0
162,2,1,1,0.8029534896848171,1,0.9153331585659163,1
163,4,0,0,0.11017734231319187,0,0.07665790597183066,0
164,4,0,0,0.08727860125898376,0,0.09682375543689843,0
165,2,0,0,0.016115181304940863,0,0.030705477476376298,0
166,1,1,1,1.0,1,0.8895637662438464,1
167,4,1,1,0.9654196610374411,1,0.9846530690186835,1
168,0,0,0,0.008378731312534684,0,0.04211021256838562,0
169,3,0,0,0.292239149276522,0,0.18380955221474213,0
170,1,0,0,0.7427290678024292,0,0.34400550250490713,1
171,4,0,0,0.2827036034126381,0,0.1793386690819694,0
172,1,0,0,0.0,0,0.04221627295122229,0
173,0,1,1,0.9590475021923633,1,0.9537618632206529,1
174,3,0,0,0.3911459089752747,0,0.1111648544879289,0
175,0,0,0,0.3295778109633336,0,0.3558778377009976,0
176,0,0,0,0.09605540426952039,0,0.047598247446033685,0
177,1,0,0,0.0,0,0.04082989832988807,0
178,0,0,1,0.9687419645788364,1,0.9772807705265877,1
179,3,0,0,0.17513380742988163,0,0.09585379527688054,0
180,3,0,0,0.219757973345966,0,0.06412410088332883,0
181,1,0,0,0.0,0,0.03376026004894282,0
182,1,0,0,0.7245014309883118,0,0.10796660319484093,0
183,2,0,1,0.7765401464181881,1,0.8618906853234232,1
184,3,1,1,0.9724840107786942,1,0.9716568102404813,1
185,3,1,1,0.9041881664954141,1,0.8354163701390744,1
186,4,0,0,0.3197289971177857,0,0.2841624465475574,0
187,3,1,1,0.5705640114206679,1,0.49326149890450494,1
188,1,1,0,0.253396213054657,0,0.1579914141392739,0
189,0,0,0,0.0420745787706605,0,0.030276289106731535,0
190,4,0,0,0.10256366954146438,0,0.07337467679664265,0
191,0,1,1,0.9042643805385118,1,0.8785972468804936,1
192,2,0,0,0.21508588770510337,0,0.09768994709725376,0
193,2,1,1,0.6633439621924717,1,0.5087467902320703,1
194,1,1,1,1.0,1,0.9679206460811954,1
195,3,1,1,0.829454653173247,1,0.9706231068526098,1
196,0,1,1,0.9893762451898608,1,0.9883677231749654,1
197,2,0,0,0.11730733523128477,0,0.07248450140649261,0
198,1,0,0,0.0025846310891211033,0,0.05918075864136999,0
199,3,1,1,0.7791882910154462,1,0.7737158757101018,1
200,4,0,1,0.9313043030929734,1,0.8816224102243346,1
201,1,0,0,0.09300851821899414,0,0.08071070661448461,0
202,1,0,0,0.0035999633837491274,0,0.054207531580678016,0
203,2,0,0,0.06603753943629982,0,0.06331613796006129,0
204,4,0,0,0.07669853757936554,0,0.056021973413511894,0
205,2,1,0,0.11497706629747899,0,0.07486247215809753,0
206,0,0,0,0.04717030441034391,0,0.1607678188351844,0
207,0,0,0,0.13979546011020194,0,0.07832475932905998,0
208,3,1,0,0.05396466726122776,0,0.023995381481415348,0
209,0,1,1,0.7094753110465944,1,0.8212784801653875,1
210,3,1,0,0.27985138964901346,0,0.24938689195802763,0
211,0,0,0,0.053926872916974775,0,0.0536195379385798,0
212,4,1,1,0.9220393522360025,1,0.6987817233461961,1
213,4,0,0,0.10336412617708712,0,0.06392525468248307,0
214,4,0,0,0.10898837954062374,0,0.09520528092407939,0
215,1,0,0,0.0014229653170332313,0,0.06486181082261179,0
216,1,1,1,1.0,1,0.9881429920359864,1
217,0,1,1,0.534396250073778,0,0.35045152519038186,1
218,3,0,0,0.1548137570768531,0,0.10145520964143429,0
219,3,1,1,0.9938095866363754,1,0.9712644488633629,1
220,4,0,0,0.11461406618882602,0,0.077275909881485,0
221,0,1,0,0.09907397338397554,0,0.06094157282702214,0
222,2,0,0,0.13691369285557015,0,0.09285559716698077,0
223,1,0,0,0.030524637550115585,0,0.06896929394287049,0
224,3,0,0,0.05455587397821865,0,0.06666795430456247,0
225,0,1,0,0.22359308489027568,0,0.19963877292624985,0
226,1,0,0,0.009194063022732735,0,0.07521471064269146,0
227,0,1,0,0.07182365867981774,0,0.06446558717511126,0
228,2,0,0,0.10325265199646905,0,0.06756886318513312,0
229,2,0,0,0.23046989909838395,0,0.09824806085560588,0
230,1,0,0,0.0,0,0.04147501163178357,0
231,1,1,1,1.0,1,0.9624412966710812,1
232,2,0,0,0.10665748704232154,0,0.08371899196401565,0
233,0,0,0,0.049289171812408064,0,0.06114026689370183,0
234,3,1,1,0.7381252800246989,1,0.5215599806512105,1
235,3,0,0,0.07591445261635721,0,0.09678928887441555,0
236,2,0,1,0.6459261653769752,1,0.527503818758054,1
237,2,0,0,0.1456052755067751,0,0.08052263801121247,0
238,1,1,1,1.0,1,0.9709799564150418,1
239,0,0,0,0.07372118856313568,0,0.06837457821266879,0
240,2,0,0,0.13373249711756935,0,0.08960324832080835,0
241,1,0,0,0.0,0,0.09969293752498198,0
242,4,1,1,0.6520358417075846,1,0.7059751764421381,1
243,3,0,0,0.104258431027983,0,0.08907344950436547,0
244,2,0,0,0.19859142095418594,0,0.12769557690568714,0
245,1,0,0,0.018446026369929314,0,0.0833996850224697,0
246,3,0,1,0.5095806102451583,1,0.6887426592149647,0
247,3,0,1,0.6085329784178201,0,0.4492937019863854,1
248,2,1,1,0.9599667580354698,1,0.9445933771293866,1
249,4,1,1,0.7267062311028811,1,0.6220689712436608,1
250,3,0,0,0.1963656697696055,0,0.03830568653965868,0
251,2,0,0,0.10217912452250756,0,0.06976383320798563,0
252,4,0,0,0.0436985299079888,0,0.07009199443593736,0
253,0,0,0,0.326970576483888,0,0.23395960836468255,0
254,1,0,0,0.002866102149710059,0,0.0357775399447968,0
255,1,0,1,1.0,1,0.48779661621225784,1
256,4,1,1,0.567510311687763,0,0.5295316539309908,1
257,1,1,1,0.9982068538665771,1,0.9551343977174782,1
258,0,1,1,0.9888261963885833,1,0.9902315364665709,1
259,1,1,1,0.9982068538665771,1,0.9574113682526301,1
260,2,1,1,0.9327836163310589,1,0.9504154981522883,1
261,1,0,0,0.20307806134223938,0,0.08134564408508063,0
262,2,1,1,0.7772347855303263,1,0.9033295394121982,1
263,4,0,0,0.28298997497415745,0,0.3246318812525307,0
264,2,0,0,0.14619150643205317,0,0.12534889295227922,0
265,3,0,1,0.7791882910154462,1,0.7737158757101018,1
266,0,0,0,0.0795767388956488,0,0.07219264714280103,0
267,3,0,0,0.08398209172134254,0,0.01917531551780429,0
268,1,1,0,0.0027001884300261736,0,0.05480052339668925,0
269,0,1,1,0.9678298601893888,1,0.9797495449167242,1
270,4,1,1,0.9690708784464894,1,0.9757345428452276,1
271,3,0,0,0.1025862774110616,0,0.16034958838856575,0
272,0,1,0,0.035976760855627996,0,0.04009967956966339,0
273,1,1,1,1.0,1,0.9598214118364833,1
274,4,0,0,0.39543149806454014,0,0.41648139527368716,0
275,3,1,1,0.7791882910154462,1,0.7737158757101018,1
276,4,1,1,0.9632550802923786,1,0.9722859602025951,1
277,0,0,0,0.454816827256786,0,0.3166739805797861,0
278,0,0,0,0.03777425197524882,0,0.04094992747911783,0
279,0,0,0,0.018114994421606908,0,0.039540280992957165,0
280,4,1,1,0.536666924673075,0,0.4220339759221168,1
281,1,0,0,0.003009168663993478,0,0.0668841093252731,0
282,0,0,0,0.06511355178040229,0,0.04776804672418545,0
283,4,0,0,0.12011101933148915,0,0.10127409393579993,0
284,3,1,0,0.09374706996205492,0,0.07495915600409299,0
285,4,0,0,0.31800997300924994,0,0.2442459028693306,0
286,2,0,0,0.11698656295907682,0,0.09119193671679131,0
287,3,1,0,0.12178642018417311,0,0.07196918694633657,0
288,0,0,0,0.09719915407742902,0,0.061905787743702034,0
289,0,1,0,0.0679961076116611,0,0.06671783941763725,0
290,4,1,1,0.600904395912431,1,0.6310284483389242,1
291,0,1,1,0.9483728338584947,1,0.966434086819866,1
292,0,1,1,0.9758428193655898,1,0.9840200447197147,1
293,2,0,0,0.27155768993469515,0,0.25713260150957074,0
294,3,0,0,0.4003362401682297,1,0.38288333316011425,0
295,0,0,0,0.09558077053571733,0,0.06272546358470521,0
296,0,0,0,0.3785140159922515,0,0.18349001078088523,0
297,1,0,0,0.34483033418655396,0,0.09261691123791353,0
298,2,0,1,0.9494273035879353,1,0.9750895150352251,1
299,4,1,0,0.3248054246181867,0,0.3042015787700075,0
300,4,1,1,0.9098004321764922,1,0.9721264100147674,1
301,3,1,1,0.7867747243670157,1,0.892464687706901,1
302,2,1,0,0.09915479588049918,0,0.06163397545461075,0
303,0,0,0,0.020572794934574735,0,0.04024855369380621,0
304,0,1,1,0.9639467203443101,1,0.9423437148519049,1
305,0,0,0,0.04445783376390209,0,0.0646511409781844,0
306,0,1,0,0.1665396797401102,0,0.27628807629639257,0
307,4,1,1,0.9612213470409973,1,0.9497530232792478,1
308,0,1,1,0.9451873239105345,1,0.9819517038472645,1
309,4,0,0,0.10490436065989084,0,0.1098380473840086,0
310,2,1,1,0.9724871617400456,1,0.9766132471533915,1
311,2,1,1,0.9807582524983179,1,0.9777235822157399,1
312,1,1,1,1.0,1,0.9601614855174686,1
313,3,0,1,0.9708467380105548,1,0.9362339645616853,1
314,3,0,0,0.10853630099827015,0,0.06933512399654365,0
315,2,0,0,0.08290846426652651,0,0.0693681435633917,0
316,0,1,1,0.5568268968794594,0,0.45291496473143505,1
317,1,1,1,1.0,1,0.9192132752678881,1
318,0,0,0,0.0494676190307762,0,0.07832004463152595,0
319,1,1,1,1.0,1,0.9805787333240762,1
320,4,1,1,0.9791482046006031,1,0.9861689363636637,1
321,3,0,0,0.08832555518653082,0,0.07091669814236262,0
322,0,0,0,0.0972059734625537,0,0.06662964725739617,0
323,0,1,1,0.9342962900239947,1,0.8986142757791121,1
324,0,1,1,0.9808756325472883,1,0.9748651722755763,1
325,4,0,0,0.01611386107494969,0,0.02617220579940682,0
326,2,1,1,0.9819370893789083,1,0.9765194272463787,1
327,3,0,0,0.06983485931714606,0,0.05511476749806923,0
328,1,1,1,0.9953782558441162,1,0.9475661172528267,1
329,3,1,1,0.8800747615342991,1,0.8249125590191305,1
330,1,1,1,1.0,1,0.9882109641452731,1
331,1,1,1,1.0,1,0.7380238505640898,1
332,3,0,0,0.44997391657109387,0,0.21525576763243118,0
333,2,0,0,0.18875388251632788,0,0.25570889859829865,0
334,3,0,0,0.06880677810978685,0,0.02371361762491311,0
335,0,1,1,0.9625062382461959,1,0.9582258059126078,1
336,2,0,0,0.11136241605623466,0,0.07754676365013662,0
337,4,0,0,0.4071491592971425,0,0.3818703015420324,0
338,3,1,1,0.9899308508115103,1,0.9792752216772097,1
339,3,1,0,0.039161281290557244,0,0.061913613238717656,0
340,1,0,0,0.8780255913734436,0,0.2520085576464634,0
341,2,1,1,0.9553610140360854,1,0.9746605038614536,1
342,2,1,1,0.9571586587076526,1,0.9595647023218846,1
343,1,0,0,0.011304087936878204,0,0.09382189410582524,0
344,0,0,0,0.07735761119760642,0,0.0728668195922123,0
345,1,0,0,0.08270803093910217,0,0.12651742285557907,0
346,4,1,1,0.9442326697943514,1,0.9649240019692852,1
347,4,1,1,0.9132789302526985,1,0.756596140290139,1
348,0,1,1,0.5789394635894717,0,0.4636931863951452,1
349,2,1,1,0.9489908149494393,1,0.9471489236904628,1
350,4,0,0,0.09732895605376575,0,0.07494822495390337,0
351,3,0,0,0.0577997581334099,0,0.07037157526999348,0
352,2,0,0,0.3584503453979241,0,0.26827519652677234,0
353,1,0,0,0.00106346164830029,0,0.07509819591504963,0
354,0,0,0,0.09683568172863205,0,0.0646551297916922,0
355,0,0,0,0.09783663954507375,0,0.06214060878214661,0
356,4,0,0,0.1125106180805725,0,0.08585653898713867,0
357,2,1,1,0.985675885073012,1,0.9819166227370721,1
358,1,0,1,0.9148574471473694,1,0.8524155603313202,1
359,1,1,1,0.9639626145362854,1,0.6817235868728041,1
360,0,1,1,0.6954961243962792,1,0.7779411724988528,1
361,2,0,0,0.02836939559854409,0,0.034593328029582544,0
362,2,0,0,0.17546095681152463,0,0.10521260065501069,0
363,2,0,0,0.06972176547784464,0,0.07269137197653026,0
364,4,0,0,0.08874736128036768,0,0.05504075158920697,0
365,4,0,0,0.2725740094857518,0,0.11353672075338372,0
366,2,0,0,0.09883571870890441,0,0.07191236227732568,0
367,1,1,1,1.0,1,0.9691429053749608,1
368,2,1,1,0.7331894279365736,1,0.7738402324455325,1
369,4,1,1,0.6380107755281236,1,0.7416829476711677,1
370,2,1,1,0.9867897584379757,1,0.9839929243108377,1
371,1,1,0,0.3343035578727722,1,0.5089452144919885,1
372,0,0,0,0.08703792092603607,0,0.05202177515122932,0
373,0,0,0,0.09622610670017118,0,0.06591237898952612,0
374,2,0,0,0.333076243758296,0,0.20686643933680435,0
375,2,0,0,0.012823112479066262,0,0.04054349596009101,0
376,4,1,1,0.9463119271824455,1,0.9645381208290672,1
377,2,1,1,0.6417107305004128,1,0.5760970861782274,1
378,3,0,1,0.5321141772240545,0,0.319094865624644,1
379,0,0,0,0.09154182523277331,0,0.062286066005798085,0
380,1,0,0,0.06925176829099655,0,0.07617498859783155,0
381,3,1,1,0.9888229982424663,1,0.9711530167656587,1
382,2,1,1,0.9097320152048646,1,0.909990438596659,1
383,3,0,0,0.4537651164754149,0,0.15749538817924755,1
384,4,1,1,0.9445616471875973,1,0.9635579561627576,1
385,2,0,0,0.11136241605623466,0,0.07754676365013662,0
386,0,0,0,0.053072055217819845,0,0.0978198208861593,0
387,4,0,0,0.010411321784813748,0,0.033760231783407896,0
388,4,1,1,0.9181286800491506,1,0.7954447342133634,1
389,0,0,0,0.0966373700442111,0,0.06873072401123095,0
390,0,1,1,0.9353755574453934,1,0.9177043387666073,1
391,3,1,0,0.35932337216229765,0,0.23007025486746582,0
392,0,1,0,0.09673953946623269,0,0.06042299097614018,0
393,0,0,0,0.05555648910830777,0,0.06031346204310917,0
394,3,1,1,0.998778388525476,1,0.9849754163650898,1
395,4,1,1,0.9495754722029582,1,0.9038511886376969,1
396,4,0,0,0.11190951731871147,0,0.08045037752328486,0
397,3,0,0,0.488666890504314,0,0.35026155430543476,1
398,0,0,0,0.0670153358877384,0,0.06776171397657747,0
399,2,0,0,0.26368253933117924,0,0.10631849874190928,0
400,2,1,1,0.7974673175267594,1,0.9015386116386607,1
401,0,1,0,0.22073771245545626,0,0.07632518634200598,0
402,3,0,0,0.05805109253405484,0,0.06780829490700413,0
403,0,0,1,0.5932321979041828,0,0.38279616999139426,0
404,4,0,0,0.2409019181143818,0,0.0961165211382008,0
405,3,0,0,0.4533288312807858,1,0.5688930735987863,0
406,4,0,0,0.10374596018174209,0,0.07132909326372928,0
407,3,0,0,0.037741284559915815,0,0.057259048580369724,0
408,2,1,1,0.9125056209894986,1,0.9595937356053089,1
409,0,0,0,0.09673953946623269,0,0.06007905748636525,0
410,2,0,0,0.010191498015768215,0,0.034016646446894186,0
411,3,0,0,0.05455587397821865,0,0.06666795430456247,0
412,4,0,0,0.07732402425372442,0,0.06475895527490326,0
413,0,1,1,0.9538746446784174,1,0.9801612163939252,1
414,0,0,0,0.03777425197524882,0,0.04094992747911783,0
415,4,1,0,0.19924501353462348,0,0.07754052686882051,0
416,3,0,0,0.42105539784876733,1,0.4705349879380592,1
417,1,1,1,1.0,1,0.927302508335811,1
418,3,1,1,0.8712890874659641,1,0.9261779470236613,1
419,3,0,0,0.17513380742988163,0,0.09585379527688054,0
420,1,0,0,0.0,0,0.08889753900384197,0
421,0,0,0,0.09668420494323458,0,0.07140011886106302,0
422,2,0,0,0.1209028070460829,0,0.07028263552105236,0
423,1,0,0,0.7715232968330383,0,0.0754301961007144,0
424,1,0,1,1.0,1,0.6557343199804216,1
425,4,0,0,0.05110367857365634,0,0.019287257183838172,0
426,3,0,0,0.09158849618359144,0,0.06955176716719896,0
427,2,1,1,0.8281482839812617,1,0.9040248693678956,1
428,4,1,1,0.8821541043795931,1,0.8893865769473989,1
429,1,0,0,0.20307806134223938,0,0.08510028712212174,0
430,1,1,0,0.06624993681907654,0,0.12337115272846759,0
431,1,1,0,0.1553802490234375,0,0.3122612169304277,1
432,4,1,0,0.2999699027516217,1,0.4783430208150056,0
433,0,1,1,0.8803242507760637,1,0.7664234887145991,1
434,1,0,0,0.018461160361766815,0,0.10961906922540322,0
435,0,0,0,0.4443629032094933,1,0.6002167191546769,0
436,1,1,1,1.0,1,0.9829786019199881,1
437,3,0,0,0.0,0,0.03197409884516477,0
438,1,1,1,1.0,1,0.9501746160632888,1
439,1,0,0,0.25277215242385864,0,0.17271669953051025,0
440,3,0,0,0.15503304482065097,0,0.09496840077440209,0
441,2,1,1,0.9500904284330266,1,0.9485836527468977,1
442,4,0,0,0.11989268890053201,0,0.09343911721445143,0
443,2,0,0,0.11299771286538911,0,0.0690812220105219,0
444,4,1,1,0.924306837826463,1,0.8560447895815532,1
445,2,1,0,0.1125539066887193,0,0.078561669972694,0
446,1,1,0,0.0,1,0.949935961773939,1
447,2,1,1,0.9788183738121475,1,0.96154547851003,1
448,2,1,0,0.32220513242653104,0,0.15888207523310469,0
449,4,1,1,0.9758674714632868,1,0.9390583475559012,1
450,2,1,0,0.39158150210075426,0,0.21614671345231393,0
451,2,0,0,0.04796181257280184,0,0.076530183780069,0
452,2,0,0,0.06168480909864321,0,0.07378004447274507,0
453,0,0,0,0.44033808730197244,0,0.5120618459933327,0
454,4,1,1,0.5631172862179755,0,0.2690218688114228,0
455,1,0,0,0.01134453434497118,0,0.07365572075919663,0
456,0,1,0,0.10000112879020898,0,0.07315976969358234,0
457,0,0,0,0.3509444064468746,0,0.4603755295975882,0
458,1,1,1,1.0,1,0.9664416355867353,1
459,2,1,1,0.7337024447541337,1,0.8554467607436135,1
460,0,0,0,0.09695445804953834,0,0.06917071820640293,0
461,3,1,0,0.4549327412149338,0,0.4045962477267316,0
462,3,0,0,0.03730298394018581,0,0.06607371162909982,0
463,4,0,0,0.3810463292481547,0,0.3368795782272647,0
464,0,0,0,0.06684495354126666,0,0.06795369565362991,0
465,0,0,0,0.09321307949969056,0,0.06371932418172266,0
466,0,0,0,0.07058477229948153,0,0.04589740419308363,0
467,3,0,0,0.2208764805587713,0,0.07326946022489156,0
468,1,0,0,0.06398964673280716,0,0.13372892965388708,0
469,4,0,0,0.10845472979482566,0,0.07608647030254678,0
470,2,1,1,0.915250476214459,1,0.9615513793226373,1
471,3,0,0,0.07844878258546963,0,0.06695865992317745,0
472,3,0,0,0.051468132003765696,0,0.024001440203641745,0
473,4,1,1,0.8575106836858736,1,0.8213945500475743,1
474,4,1,1,0.9380429272983595,1,0.9526748946274725,1
475,2,0,1,0.6621006451138451,0,0.4748854068910276,1
476,1,0,0,0.03945765271782875,0,0.26186400832666007,0
477,3,0,0,0.10996338989628263,0,0.09004967849911154,0
478,2,0,0,0.07685485210416215,0,0.05716849679343509,0
479,3,0,0,0.08586136992659,0,0.0700392283783894,0
480,0,1,1,0.701344410212333,1,0.8812649953556636,1
481,2,0,0,0.009172755037654417,0,0.024542597443013358,0
482,4,0,0,0.08172639667108658,0,0.038071609031725094,0
483,2,0,0,0.08944467518780146,0,0.07610428922473285,0
484,3,1,0,0.20805195182395353,0,0.3237194541740007,0
485,4,1,1,0.7231124057327407,1,0.5462914335821063,1
486,0,0,0,0.013197241717906733,0,0.04213226006517054,0
487,3,1,1,0.9807988919379982,1,0.9672318915241335,1
488,0,0,0,0.361314576313802,0,0.38365612642713093,0
489,1,0,0,0.041747089475393295,0,0.07684111846707395,0
490,4,1,1,0.9617548247780844,1,0.8970969015563588,1
491,4,0,0,0.05158220476199274,0,0.08981660395236375,0
492,3,0,0,0.11832200920397787,0,0.07234502733879977,0
493,3,0,0,0.3234816755427302,0,0.1931202012016258,0
494,3,0,0,0.19247499446039384,0,0.14339522777879787,0
495,4,0,0,0.11364493754836427,0,0.11730891135049715,0
496,2,0,0,0.13351717282338793,0,0.04938758961129441,0
497,2,1,1,0.9578953792484234,1,0.9731906080824114,1
498,3,0,0,0.05075732210324619,0,0.06662176672048004,0
499,4,0,1,0.9149445195759919,1,0.96526421405366,1
500,3,0,0,0.11314129131537091,0,0.07055983155829289,0
501,1,0,0,0.020770015195012093,0,0.08138569017695826,0
502,0,0,1,0.671100921707844,1,0.7664517635861614,1
503,0,0,1,0.7087271636274513,1,0.7905196315020167,1
504,2,0,1,0.6385923773972192,0,0.4819965066589349,1
505,4,1,1,0.9710904242272576,1,0.9861151331400917,1
506,4,0,1,0.7189774707353077,0,0.6086363926002416,1
507,4,1,1,0.9744274934418714,1,0.9535347219906379,1
508,2,1,0,0.25740506434209265,0,0.14101180706704255,0
509,3,0,0,0.10427876413606933,0,0.07608163412669318,0
510,3,1,0,0.28549548448004863,0,0.09344155616145881,0
511,0,1,0,0.10027962415381887,0,0.07010969933588557,0
512,2,0,0,0.11584735525062047,0,0.06995617553854988,0
513,2,1,1,0.5753532563486982,0,0.46907508535891324,1
514,4,1,1,0.9400697324899251,1,0.9564746060460966,1
515,1,0,0,0.004949876107275486,0,0.07256675147185028,0
516,1,0,0,0.07273171097040176,0,0.3132477596825318,0
517,3,1,1,0.8952292626438487,1,0.9320334421896336,1
518,3,0,0,0.08692431034141108,0,0.09759441637517907,0
519,0,1,1,0.901674909049857,1,0.8455705071451036,1
520,1,0,0,0.09154854714870453,0,0.07620680691687247,0
521,2,1,1,0.9809869988249669,1,0.9803377516377729,1
522,3,0,0,0.05805721221938639,0,0.06978349709677246,0
523,2,0,0,0.10599030392617181,0,0.0747162655314581,0
524,2,1,1,0.975415615953882,1,0.9831830315246983,1
525,0,0,0,0.09783663954507375,0,0.062159570923081976,0
526,2,0,0,0.09475255469556393,0,0.0737925200452977,0
527,4,1,1,0.8559541456816564,0,0.39842511677043985,1
528,3,0,0,0.3271838701634288,0,0.24247468239481296,0
529,1,0,0,0.6205441951751709,0,0.07298641610043428,0
530,3,0,0,0.08073269835822901,0,0.08413398810313526,0
531,3,1,1,0.990390386957805,1,0.9774526388019059,1
532,4,0,0,0.10071915147127601,0,0.06762806145225216,0
533,3,0,0,0.13806860512745395,0,0.08487212834448321,0
534,1,1,1,1.0,1,0.916674119319515,1
535,0,0,0,0.3882685209251237,0,0.32454447485167853,1
536,3,1,1,0.9730630798152154,1,0.974915079270239,1
537,2,0,1,0.5186421926347256,0,0.30747780709344735,0
538,4,1,1,0.9647406483382083,1,0.9537060196316912,1
539,2,0,0,0.11186302858635613,0,0.08184160770389128,0
540,3,1,1,0.9401423506384717,1,0.9647201303686618,1
541,4,1,1,0.9407407790595874,1,0.9678529787316705,1
542,1,0,0,0.0,0,0.04567216381485003,0
543,1,0,0,0.0,0,0.04471103658954042,0
544,4,1,0,0.10444976984411825,0,0.10930802087774455,0
545,4,0,0,0.29784255853550895,0,0.15841887701793936,0
546,3,0,0,0.13754646850552826,0,0.12215088709740492,0
547,2,1,1,0.9100775398945756,1,0.9382760863878715,1
548,4,1,0,0.10868170607914947,0,0.08537506467802629,0
549,4,0,0,0.09504915780700166,0,0.08947082939659162,0
550,1,1,0,0.0,1,0.8940224732919538,1
551,0,1,0,0.4207485221396257,0,0.31028786452982887,0
552,2,0,0,0.1466967729413291,0,0.09627940766142463,0
553,4,0,0,0.18576781246230478,0,0.08371646192070874,0
554,4,1,0,0.10125834012265916,0,0.06994767803413271,0
555,1,1,1,0.5734162926673889,1,0.5674531807939438,1
556,0,0,0,0.3201439427119868,0,0.1642854399307071,0
557,0,1,1,0.9743930318398455,1,0.9735715679762541,1
558,4,0,0,0.40283791202297775,0,0.19050117355478605,0
559,0,1,1,0.9861409904317282,1,0.9875527112570852,1
560,4,1,1,0.5494677291108954,1,0.45015340483010213,1
561,4,0,0,0.10845472979482566,0,0.0806880356929401,0
562,4,0,0,0.09819727808685835,0,0.07099961634841927,0
563,1,0,0,0.0165087953209877,0,0.09482985824418073,0
564,1,0,0,0.01134453434497118,0,0.07382096035655693,0
565,3,0,1,0.5167047187441072,1,0.5893741709799066,1
566,0,0,0,0.04154569453939131,0,0.06547213397907141,0
567,1,0,0,0.0912107303738594,0,0.07746458196411671,0
568,1,0,0,0.0,0,0.06657949372162862,0
569,3,0,0,0.1031346906060548,0,0.07615461296128141,0
570,3,1,0,0.10638135860146812,0,0.06861698086723611,0
571,0,1,0,0.02326667030697399,0,0.05659001007008211,0
572,3,1,1,0.9570206941289225,1,0.9556918145640351,1
573,4,1,1,0.53185192986792,1,0.6318021577684392,1
574,3,1,1,0.7867747243670157,1,0.892464687706901,1
575,0,0,0,0.09658457320139598,0,0.06279300919862674,0
576,4,0,0,0.06875848441061484,0,0.07295585277770007,0
577,2,1,1,0.7377629095677892,1,0.837873179339288,1
578,1,1,1,1.0,1,0.9624040225488316,1
579,2,0,1,0.7610945527730352,1,0.7489307833188957,1
580,3,1,0,0.4561292651054925,0,0.15749538817924755,1
581,2,1,1,0.7669140039951403,1,0.832400684495583,1
582,4,1,1,0.9458818462144332,1,0.9732103813959677,1
583,0,0,0,0.051050133521771915,0,0.06308509054143659,0
584,4,0,0,0.39638048203815146,0,0.39803765713764516,0
585,1,0,0,0.04179619997739792,0,0.09280631498618463,0
586,1,1,1,1.0,1,0.9824620756439274,1
587,4,0,0,0.09750408346295351,0,0.07859650376406364,0
588,2,1,0,0.19982686288030505,0,0.1257913495449947,0
589,0,0,0,0.09719915407742902,0,0.06496927305766093,0
590,2,0,0,0.11399193814723517,0,0.0743539913304399,0
591,4,0,0,0.15388158546690964,0,0.061292348670970505,0
592,3,1,1,0.9841720841071211,1,0.9839678987964038,1
593,1,0,0,0.0010849734535440803,0,0.05880937892556043,0
594,4,0,1,0.5502924879682891,1,0.7469457302790016,0
595,3,0,0,0.07691486230889232,0,0.08424985315889842,0
596,2,0,0,0.0447172639854996,0,0.03163109140807593,0
597,1,1,1,0.9838153719902039,1,0.9208854261019187,1
598,2,0,0,0.08823172300444455,0,0.06070389037953045,0
599,4,0,0,0.16043992457333114,0,0.06703336997293008,0
600,2,1,0,0.3904434781944652,0,0.28738813350352577,0
601,0,1,1,0.8297136078307642,1,0.903868175461235,1
602,3,0,0,0.05455587397821865,0,0.06666795430456247,0
603,4,0,0,0.28918388833496556,0,0.12258559924883905,0
604,3,0,0,0.03966374434474443,0,0.062129076969947274,0
605,4,1,0,0.37014798704452756,0,0.2723137978267495,0
606,0,0,0,0.09079906693105094,0,0.06428847572634183,0
607,4,0,0,0.11069521025593858,0,0.07878459331802877,0
608,3,1,1,0.592159168709969,0,0.20753370181029074,1
609,2,1,1,0.9746312860159068,1,0.9685614107424501,1
610,4,1,1,0.9661846873256599,1,0.9747025870095353,1
611,1,0,0,0.0,0,0.051375415536091595,0
612,0,0,0,0.09377720757607297,0,0.05209539988574866,0
613,4,1,1,0.6520358417075846,1,0.7059751764421381,1
614,0,0,0,0.09695445804953834,0,0.06917071820640293,0
615,0,0,0,0.08581447143738374,0,0.06659830065271326,0
616,2,1,1,0.9344146465085561,1,0.9239230351915649,1
617,1,0,0,0.0014336714521050453,0,0.05924232205378485,0
618,4,0,0,0.3008271089102839,1,0.5831139173491123,0
619,2,1,1,0.9811598621132617,1,0.983583710524937,1
620,4,0,0,0.10783670427454863,0,0.09613313663767209,0
621,0,0,0,0.1491280515617737,0,0.08295924798986348,0
622,3,1,0,0.3210026423176125,0,0.2082356299043097,0
623,0,1,0,0.14933523540448781,0,0.06642414899599614,0
624,4,0,0,0.04870006533948239,0,0.08208686631560912,0
625,1,0,0,0.03376195579767227,0,0.0839493721807363,0
626,4,0,0,0.3302572723347365,0,0.2185677723146604,0
627,3,0,0,0.14432410383926642,0,0.1519840381460323,0
628,2,1,1,0.9832160990914709,1,0.9827500264557344,1
629,2,0,0,0.11136241605623466,0,0.07754676365013662,0
630,0,0,0,0.0966373700442111,0,0.0687763997955804,0
631,4,1,0,0.25892349048781504,0,0.14196528575486866,0
632,2,0,0,0.06211308301767016,0,0.06169605066305547,0
633,3,1,1,0.5249255487331552,1,0.5984484331801128,1
634,1,0,0,0.0036224049981683493,0,0.063505295067124,0
635,2,0,0,0.01013321323168728,0,0.032584901969088316,0
636,3,1,1,0.9043327548372059,1,0.8774355041212855,1
637,3,0,0,0.4537651164754149,0,0.15749538817924755,1
638,3,0,0,0.163399150642068,0,0.09953453166474173,0
639,2,0,0,0.013894470071937134,0,0.0374079978308652,0
640,1,0,0,0.003021219512447715,0,0.06059786009150062,0
641,2,0,0,0.053098543358434516,0,0.07709471520750485,0
642,3,1,1,0.9950664980087858,1,0.981620464249524,1
643,4,0,0,0.006989595248238624,0,0.03155449468778579,0
644,3,1,0,0.28549548448004863,0,0.09344155616145881,0
645,4,1,1,0.9765687185132754,1,0.9472448356953055,1
646,1,1,0,0.7561339735984802,0,0.25519092302028284,1
647,2,0,0,0.11232770065899735,0,0.07755098803912326,0
648,0,1,0,0.3258980330984089,0,0.3099206148494933,0
649,1,0,0,0.014391511678695679,0,0.06843444503573304,0
650,2,1,1,0.641840119702545,1,0.5448640485057651,1
651,0,0,0,0.09561748870376646,0,0.06253910049942371,0
652,0,1,1,0.9831830025789439,1,0.9695246351619665,1
653,2,0,0,0.11083243877958282,0,0.07949799331708444,0
654,4,1,1,0.6383436199603583,1,0.7495260790966473,1
655,0,0,1,0.691565218667881,1,0.7924171642299807,1
656,4,0,0,0.04152226816289626,0,0.08471155557012817,0
657,2,0,0,0.11136241605623466,0,0.07754676116660975,0
658,4,0,0,0.3059056975091355,1,0.6378912005775312,0
659,0,0,0,0.07735761119760642,0,0.07009103528975673,0
660,1,0,0,0.12407711893320084,0,0.3786378484419231,0
661,2,1,0,0.24276987490718,0,0.09244934994901077,0
662,0,0,0,0.07389456841821102,0,0.05470752845084049,0
663,2,0,0,0.39549591408254586,0,0.3199740866381175,0
664,4,0,0,0.06985676839386244,0,0.06262483047093038,0
665,1,1,0,0.04167727380990982,0,0.0847143703779072,0
666,3,0,0,0.26689053536118196,0,0.10267693828321985,0
667,2,0,0,0.13691369285557015,0,0.08770691632592899,0
668,4,0,0,0.11017734231319187,0,0.07665790597183066,0
669,3,0,0,0.07373042608926691,0,0.06381051153753371,0
670,1,1,1,1.0,1,0.9496933807637783,1
671,0,1,1,0.8161239459342242,1,0.8489761752047268,1
672,0,0,0,0.36733336138345746,0,0.23935586073626977,0
673,0,0,0,0.048296948634494276,0,0.06069663645704789,0
674,2,1,0,0.1344909422431624,0,0.09316218931123221,0
675,0,0,0,0.05802830135490674,0,0.0429206739509931,0
676,2,0,0,0.11329481324273684,0,0.07531239737189573,0
677,3,0,0,0.058530377750705666,0,0.07010337788644616,0
678,3,1,0,0.44071686040153457,1,0.42233062441683383,0
679,1,0,0,0.0,0,0.04781478392103992,0
680,4,1,1,0.5883213004323509,1,0.5203471902499125,1
681,4,0,1,0.6304058151239255,1,0.7214458375656913,1
682,4,1,1,0.608230008795279,0,0.5876184536410892,1
683,2,0,0,0.11543603629957007,0,0.08060146129362167,0
684,4,0,0,0.010998862762190748,0,0.027101356554764585,0
685,2,0,0,0.11402642637312448,0,0.07339687938093326,0
686,2,0,0,0.14035146181425812,0,0.08908557733317869,0
687,2,0,0,0.011795288283184394,0,0.023113105993266436,0
688,4,0,0,0.12178468342199736,0,0.09576444949921198,0
689,3,0,0,0.1071327707128283,0,0.07477747659691698,0
690,1,1,1,1.0,1,0.984516863559775,1
691,3,1,0,0.40704784331724164,0,0.24212229117645756,0
692,2,1,1,0.8827468816231268,1,0.9123845362164351,1
693,3,1,0,0.2732724644863991,0,0.09344155616145881,0
694,0,0,0,0.09783663954507375,0,0.06359867691459058,0
695,4,0,0,0.2985560070290933,0,0.16334805624319124,0
696,3,0,0,0.06895453008559924,0,0.08125973342638367,0
697,1,0,0,0.2310374677181244,0,0.06699823516010288,0
698,2,1,1,0.6688312224740186,1,0.6734226208101411,1
699,0,0,0,0.4164223909133376,0,0.27963750111729885,0
700,0,0,0,0.08093721694009731,0,0.0778241953360909,0
701,3,1,1,0.9888498095708365,1,0.9769868744706848,1
702,2,1,1,0.6024745972910883,0,0.4704014338205685,1
703,0,0,0,0.05032306494179718,0,0.12386109522491136,0
704,2,0,0,0.1139375523303591,0,0.07448180323849375,0
705,1,0,0,0.012784619815647602,0,0.054955601811016296,0
706,2,0,0,0.14218069558042218,0,0.09169113679386316,0
707,1,1,1,0.915803074836731,1,0.9555727586163346,1
708,1,1,0,0.6759373545646667,0,0.28039485907006073,0
709,1,1,1,0.9527747631072998,1,0.8931470851759785,1
710,1,1,0,0.0,1,0.7994331165406635,1
711,3,1,1,0.9167306113486094,1,0.9538951982335511,1
712,3,0,1,0.6323595777257541,0,0.3131780540475893,0
713,3,1,0,0.24851969175658561,0,0.1837656731629901,0
714,2,0,0,0.11846025876505903,0,0.09144113330614352,0
715,3,0,0,0.0409978440050413,0,0.07283119964971331,0
716,4,0,0,0.12788245231967743,0,0.13078081368493702,0
717,0,1,1,0.9873935746258796,1,0.9888112242461654,1
718,4,1,1,0.946568636114052,1,0.9208574249962641,1
719,1,0,0,0.008891048841178417,0,0.09622081519600989,0
720,1,0,0,0.03293166682124138,0,0.07057876818537134,0
721,1,1,1,1.0,1,0.949109392790824,1
722,4,0,0,0.10391384240485757,0,0.06707759075326086,0
723,2,0,0,0.1344909422431624,0,0.09173441132859665,0
724,1,0,0,0.043715331703424454,0,0.0804171177045195,0
725,1,1,0,0.04636446014046669,0,0.4328029350200691,1
726,4,0,0,0.06343811713340279,0,0.022806783043665013,0
727,0,1,1,0.8203526336440009,1,0.8459765194164559,1
728,2,1,1,0.6708308305159822,1,0.6735371362339159,1
729,1,0,0,0.029794996604323387,0,0.07371818119058283,0
730,2,0,1,0.6557324977500123,1,0.534541069091515,1
731,2,1,1,0.983161974171235,1,0.9805196617614441,1
732,4,0,1,0.8165329561188596,1,0.5649119987421003,1
733,3,0,0,0.10703724884399586,0,0.07479626826507839,0
734,1,0,0,0.00374230626039207,0,0.09341804059925574,0
735,2,0,0,0.15551269842383783,0,0.09064174254937556,0
736,2,0,0,0.07796990909921113,0,0.08985791232797265,0
737,4,0,0,0.010895769565574207,0,0.03476981823206523,0
738,3,1,0,0.3961462791388626,0,0.42546722809789733,0
739,0,0,0,0.09561748870376646,0,0.06253910049942371,0
740,0,0,0,0.09561748870376646,0,0.06253910049942371,0
741,3,1,1,0.5009490080775186,0,0.23154631849024798,1
742,1,0,0,0.09759476035833359,0,0.5575901512771907,1
743,3,1,1,0.9169901000619726,1,0.9634061332077196,1
744,1,0,0,0.007738953921943903,0,0.06211384222381614,0
745,1,1,0,0.3934852182865143,0,0.12290602929877893,0
746,3,0,0,0.41779624016829636,0,0.3722179799214607,0
747,4,0,0,0.10603126678806346,0,0.06411664291392885,0
748,2,1,1,0.7455285336233087,1,0.8373580940221143,1
749,4,0,1,0.5028647122542376,1,0.5560441533055377,1
750,0,0,0,0.10243321777304809,0,0.07105509088833745,0
751,1,1,1,1.0,1,0.9502156436107388,1
752,0,1,1,0.9844443943311677,1,0.9400942809063156,1
753,4,0,0,0.1125106180805725,0,0.08222208652610581,0
754,1,0,0,0.0021979149896651506,0,0.07577157280753917,0
755,0,1,1,0.9707440994527939,1,0.9568498138942342,1
756,1,1,1,1.0,1,0.9618809808043771,1
757,1,0,0,0.49194368720054626,0,0.07501379229839004,0
758,3,0,0,0.11360413653053134,0,0.11244884500908113,0
759,4,0,0,0.11224684637835389,0,0.07917047708995419,0
760,2,1,1,0.9781906141479083,1,0.9729282602235966,1
761,1,0,0,0.014675903134047985,0,0.07955792757356969,0
762,3,0,0,0.07616251254679916,0,0.060751315006009894,0
763,2,1,0,0.11415568121991693,0,0.07641269204956747,0
764,0,1,1,0.9682166844868176,1,0.9865401679867879,1
765,4,0,0,0.11764101756471985,0,0.09022782609165002,0
766,2,1,1,0.9707530922860151,1,0.9748622175376974,1
767,3,0,0,0.3759777813192446,0,0.31177357228637054,0
768,2,0,1,0.658858814649454,1,0.6628221893274301,1
769,0,0,0,0.07528257025328029,0,0.09630611935726241,0
770,0,0,0,0.10102915043696455,0,0.07544154181833133,0
771,1,0,0,0.026559818536043167,0,0.07875023031322287,0
772,4,0,0,0.06572281328371099,0,0.06636654126966157,0
773,2,0,1,0.9126767404814035,1,0.9533234735111398,1
774,1,0,0,0.049028895795345306,0,0.08419274091544503,0
775,0,1,1,0.8016911499580196,1,0.624640750771218,1
776,3,0,0,0.08783260587365953,0,0.07391647179127246,0
777,4,0,0,0.1255190653770216,0,0.13498699869397116,0
778,1,1,1,0.7198598384857178,1,0.9434048303378434,1
779,0,0,0,0.0966373700442111,0,0.06882496128292728,0
780,2,1,1,0.9788254427583647,1,0.9791522891270654,1
781,1,1,1,0.7019839882850647,1,0.7013420334130142,1
782,3,1,1,0.9953381082397008,1,0.9707821430843836,1
783,3,0,1,0.5611105026735713,0,0.27726195983140817,1
784,4,0,0,0.04025683886331075,0,0.017635316781845378,0
785,1,0,0,0.16319161653518677,0,0.06669610642808836,0
786,3,0,0,0.08350399273568623,0,0.06876374118993402,0
787,1,1,1,0.38710516691207886,1,0.5689198095767983,1
788,4,0,0,0.009857660592923527,0,0.026252196051032895,0
789,1,1,0,0.0,1,0.8081475552085604,1
790,0,0,0,0.09895893268710061,0,0.29776356024494616,0
791,1,0,0,0.20307806134223938,0,0.08134564408508063,0
792,2,0,0,0.1890874541307324,0,0.11068821198097646,0
793,0,0,0,0.015047662246574329,0,0.03568452399211259,0
794,4,0,0,0.3226265438807416,0,0.18755036742405576,0
795,4,0,0,0.1111321163333277,0,0.08111602420546789,0
796,3,0,0,0.08485988752943145,0,0.0860805911326691,0
797,4,1,1,0.9449172935201379,1,0.9289547001375705,1
798,3,1,0,0.35343240877902987,1,0.4711636396434451,0
799,0,0,0,0.10335954434305944,0,0.0639760162573837,0
800,4,0,0,0.029949300802520496,0,0.052559570314704235,0
801,2,0,0,0.07517657512723226,0,0.08581161146084511,0
802,2,1,1,0.9469522717301867,1,0.947896890043865,1
803,2,1,1,0.8167430102535495,1,0.9744878204749744,1
804,0,1,1,0.7445100503345309,1,0.8463702122731233,0
805,2,1,0,0.07798247636802176,0,0.0669498983450813,0
806,2,0,0,0.10631010165621686,0,0.082596722203483,0
807,3,0,0,0.10742443976165658,0,0.12451230293868348,0
808,2,0,1,0.6651960224279237,1,0.5624291784135695,1
809,4,0,0,0.10356912362463568,0,0.08622470309112888,0
810,1,1,1,1.0,1,0.9665881148014958,1
811,2,0,0,0.11136241605623466,0,0.07742503109729033,0
812,3,0,0,0.05608244938924341,0,0.06935649968594793,0
813,1,0,0,0.03362542763352394,0,0.08829791436040567,0
814,4,0,0,0.009973301041871272,0,0.029369868055668474,0
815,2,0,0,0.11282988439276054,0,0.08561143729227853,0
816,2,0,0,0.14597472433628142,0,0.1125404554606072,0
817,1,0,1,0.8434900641441345,1,0.569197454958081,1
818,2,0,0,0.13986014577629552,0,0.08994688883389823,0
819,3,0,0,0.08894603598360533,0,0.060968401174194005,0
820,1,0,0,0.0,0,0.03347876476170033,0
821,3,1,1,0.9829378632810835,1,0.981661637628645,1
822,1,1,0,0.25890955328941345,0,0.08243419214192961,0
823,0,0,0,0.21140660685119542,0,0.08848211054575816,0
824,3,1,1,0.8747573111415178,1,0.9113363327246127,1
825,1,0,0,0.0,0,0.03984710611473737,0
826,3,0,0,0.11483690241354899,0,0.07483206978398026,0
827,2,0,1,0.7843170378969739,0,0.23752506080794936,1
828,1,1,0,0.0,1,0.9388981320817594,1
829,2,1,0,0.11730733523128477,0,0.07248450140649261,0
830,1,1,1,0.906440258026123,1,0.9779991183132379,1
831,4,1,0,0.3322574143874417,1,0.8262274872068677,0
832,0,1,1,0.9298739968893078,1,0.9728268434895577,1
833,2,0,0,0.10599030392617181,0,0.07472314041314287,0
834,0,0,0,0.09886328328177002,0,0.06172024941108751,0
835,0,0,0,0.09906644815400888,0,0.06496088614527068,0
836,3,1,1,0.9915850520944669,1,0.968730394205023,1
837,3,0,0,0.06866546545208546,0,0.07132441885982176,0
838,3,0,0,0.05805109253405484,0,0.06780829490700413,0
839,4,1,0,0.36442308596334033,0,0.11938580991287996,0
840,4,1,0,0.3340374873703023,0,0.29873257661322056,0
841,0,0,0,0.09540164517344996,0,0.0629613333188123,0
842,2,0,0,0.24305673574264577,0,0.0953175682351894,0
843,4,1,1,0.9405405744104823,1,0.9455525840308403,1
844,3,0,0,0.05358419056104939,0,0.06935662065947584,0
845,4,0,0,0.11957323341575528,0,0.0968237504698447,0
846,1,0,0,0.005575352348387241,0,0.06142063616349558,0
847,1,0,0,0.0035999633837491274,0,0.05420753127023716,0
848,4,0,0,0.10336585107673674,0,0.07833794074283354,0
849,4,0,0,0.09578553673981127,0,0.22031030106876423,0
850,1,1,1,1.0,1,0.9606281916869154,1
851,4,0,0,0.010711378156149724,0,0.029989144383211794,0
852,0,0,0,0.06787755050994407,0,0.04718304939321849,0
853,1,0,0,0.0,0,0.1036845001870607,0
854,0,1,1,0.9657361756205276,1,0.9734644230914835,1
855,2,0,1,0.8619656297361885,1,0.9092036016170351,1
856,3,1,1,0.6603965924854167,1,0.6947508938522492,1
857,2,1,1,0.9685420371948431,1,0.9679546311154863,1
858,0,1,0,0.44110138603464155,0,0.49346623153045904,0
859,4,1,1,0.9524537269243186,1,0.8840261682982318,1
860,4,0,0,0.10071915147127601,0,0.06762806145225216,0
861,1,0,0,0.004218341317027807,0,0.05227720651038582,0
862,0,0,0,0.07253371782770729,0,0.060772111362364885,0
863,2,1,1,0.9356990939932661,1,0.9682031675418714,1
864,0,0,0,0.015047662246574329,0,0.03568452399211259,0
865,4,0,0,0.10918931625897192,0,0.10182334241140982,0
866,1,1,1,0.915803074836731,1,0.8987297174456756,1
867,1,1,1,1.0,1,0.907120596342753,1
868,1,0,0,0.14191634953022003,0,0.4173524968419722,0
869,1,0,0,0.1733216792345047,0,0.0786112076948444,0
870,1,1,1,1.0,1,0.9090024498339523,1
871,2,0,0,0.11136241605623466,0,0.07754676116660975,0
872,3,1,1,0.993147213067918,1,0.9696446503909047,1
873,4,0,0,0.24834036083311117,0,0.12951490035481522,0
874,1,0,0,0.012286913581192493,0,0.07018341593848833,0
875,0,1,1,0.8493518901019348,1,0.9215493046237642,1
876,4,1,1,0.6147778924665828,1,0.6803864334543629,1
877,1,0,0,0.10800816863775253,0,0.07652762002587989,0
878,1,0,0,0.0912107303738594,0,0.07746458196411671,0
879,1,0,0,0.024935360997915268,0,0.07388353432695574,0
880,0,1,1,0.9892819759599457,1,0.985459703361303,1
881,3,1,1,0.9832195726465696,1,0.9679101559440214,1
882,4,0,0,0.11069521025593858,0,0.07530962486140047,0
883,3,0,1,0.5704136070135523,1,0.38469907590765073,1
884,4,0,0,0.1148326847927476,0,0.08477188330337365,0
885,0,0,0,0.09377720757607297,0,0.052577178855904516,0
886,0,0,0,0.01668267129881883,0,0.0591936168509756,0
887,1,0,0,0.09216880053281784,0,0.12284436024899914,0
888,3,1,1,0.9110023719673822,1,0.9546205588265279,1
889,2,0,1,0.5407431509478223,0,0.4425830737609277,1
890,0,1,0,0.42981381771627963,0,0.5125829904366004,0
891,2,0,0,0.11106172110619181,0,0.07837617038488935,0
