model,probability_correlation_vs_v1,binary_disagreement_count,v1_wrong_candidate_right,candidate_wrong_v1_right,both_wrong,net_unique_correct_vs_v1
GaussianNB,0.6277529378565582,238,45,193,90,-148
QDA,0.7984308695871197,148,43,105,92,-62
HistGradientBoosting,0.9444886630764368,72,35,37,100,-2
KNN,0.8819748524726986,83,33,50,102,-17
LogisticRegression,0.9468650583850443,54,18,36,117,-18
EBM,0.9731044525648527,37,15,22,120,-7
TabICLv2,0.9861779021309761,26,14,12,121,2
LDA,0.9520865748574803,40,10,30,125,-20
RBF_SVM,0.9410348783340028,28,6,22,129,-16
AdaBoost,0.9447831844051282,10,5,5,130,0
