PassengerId,fold,Survived,probability
1,1,0,0.005829560570418835
2,4,1,0.9659241437911987
3,3,1,0.18089011311531067
4,3,1,0.9837459325790405
5,0,0,0.06570027768611908
6,4,0,0.2602804899215698
7,0,0,0.17592734098434448
8,4,0,0.0008846703567542136
9,4,1,0.9935997724533081
10,3,1,0.9520198702812195
11,2,1,0.9999380111694336
12,4,1,0.2827688753604889
13,4,0,0.7890339493751526
14,0,0,0.003380134701728821
15,3,0,0.8977704048156738
16,3,1,0.9729135036468506
17,1,0,0.052438221871852875
18,4,1,0.10793714225292206
19,3,0,0.9049045443534851
20,0,1,0.7915238738059998
21,1,0,0.09170007705688477
22,3,1,0.34854018688201904
23,1,1,0.8019099235534668
24,1,1,0.5649962425231934
25,0,0,0.014576687477529049
26,4,1,0.23883217573165894
27,0,0,0.2952405512332916
28,2,0,0.004238200839608908
29,0,1,0.7410669922828674
30,2,0,0.11996117979288101
31,0,0,0.627770185470581
32,0,1,0.9993439316749573
33,4,1,0.7164609432220459
34,3,0,0.003927857615053654
35,0,0,0.3697434961795807
36,1,0,0.21726517379283905
37,2,1,0.05254277214407921
38,4,0,0.7074295878410339
39,3,0,0.7481371164321899
40,1,1,0.9730365872383118
41,1,0,0.49020466208457947
42,4,0,0.9664921760559082
43,1,0,0.31667864322662354
44,0,1,0.9865903854370117
45,4,1,0.6621361374855042
46,0,0,0.17121845483779907
47,4,0,0.11894036084413528
48,2,1,0.7481313943862915
49,1,0,0.03600984811782837
50,2,0,0.4566330313682556
51,4,0,0.00010088605631608516
52,4,0,0.06496875733137131
53,1,1,0.9986047148704529
54,0,1,0.760274350643158
55,2,0,0.009072352200746536
56,0,1,0.3261950612068176
57,1,1,0.9792596101760864
58,4,0,0.11082001775503159
59,2,1,0.9999780654907227
60,4,0,0.003074165666475892
61,0,0,0.3428892493247986
62,1,1,0.9788517951965332
63,1,0,0.18575359880924225
64,0,0,0.015934942290186882
65,0,0,0.371892511844635
66,3,1,0.9997546076774597
67,0,1,0.9942864775657654
68,1,0,0.08642786741256714
69,0,1,0.0325121246278286
70,3,0,0.08735932409763336
71,4,0,0.0014776925090700388
72,1,0,0.008894878439605236
73,1,0,0.5065894722938538
74,3,0,0.014572935178875923
75,2,1,0.7351472973823547
76,0,0,0.0457833968102932
77,1,0,0.29828792810440063
78,3,0,0.050835661590099335
79,1,1,0.9996024966239929
80,0,1,0.8326812982559204
81,4,0,0.03360571712255478
82,4,1,0.18745560944080353
83,4,1,0.7230262160301208
84,4,0,0.43848004937171936
85,4,1,0.9641475081443787
86,1,1,0.3919055759906769
87,2,0,6.897236744407564e-05
88,4,0,0.0233240257948637
89,1,1,0.9804095029830933
90,3,0,0.017135735601186752
91,0,0,0.19057145714759827
92,1,0,0.20573285222053528
93,3,0,0.7229028940200806
94,2,0,0.012405404821038246
95,0,0,0.11082062870264053
96,4,0,0.1290901154279709
97,4,0,0.005937248934060335
98,1,1,0.08646322041749954
99,1,1,0.9958837628364563
100,0,0,0.08502289652824402
101,4,0,0.2727227807044983
102,4,0,0.1413736641407013
103,2,0,0.10110840201377869
104,0,0,0.25022462010383606
105,1,0,0.03074251487851143
106,0,0,0.18132543563842773
107,1,1,0.48771750926971436
108,4,1,0.16895045340061188
109,0,0,0.24382354319095612
110,2,1,0.715496301651001
111,1,0,0.04229726269841194
112,3,0,0.0019030844559893012
113,3,0,0.012654977850615978
114,0,0,0.050760865211486816
115,0,0,0.723593533039093
116,4,0,0.06899610906839371
117,2,0,8.082060958258808e-05
118,1,0,0.0008478193776682019
119,0,0,0.08342134207487106
120,3,0,0.0011744467774406075
121,1,0,0.00018983884365297854
122,1,0,0.052568357437849045
123,4,0,0.016473721712827682
124,2,1,0.6803069710731506
125,1,0,0.4441262185573578
126,2,1,0.9942049384117126
127,0,0,0.1494242399930954
128,1,1,0.021846426650881767
129,0,1,0.9948830604553223
130,2,0,0.010088062845170498
131,2,0,0.006410879548639059
132,0,0,0.21770411729812622
133,4,0,0.20226716995239258
134,4,1,0.9535571336746216
135,0,0,0.014055833220481873
136,2,0,0.013689979910850525
137,4,1,0.992071807384491
138,4,0,0.6288838386535645
139,4,0,0.27084699273109436
140,4,0,0.13070209324359894
141,4,0,7.431078120134771e-05
142,0,1,0.5313535928726196
143,4,1,0.051079705357551575
144,0,0,0.23584511876106262
145,3,0,0.06291772425174713
146,2,0,0.012686355970799923
147,0,1,0.17141392827033997
148,0,0,0.007055208086967468
149,0,0,0.012718976475298405
150,2,0,0.00385422445833683
151,0,0,0.06397643685340881
152,3,1,0.9774084687232971
153,3,0,0.005046924576163292
154,0,0,0.06385321915149689
155,1,0,0.0169565137475729
156,0,0,0.011345929466187954
157,2,1,0.7669676542282104
158,3,0,0.012331162579357624
159,1,0,0.33082813024520874
160,1,0,0.017186082899570465
161,4,0,0.002159387804567814
162,4,1,0.9965518712997437
163,1,0,0.28239670395851135
164,3,0,0.006203952711075544
165,0,0,0.03582824766635895
166,3,1,0.9999303817749023
167,2,1,0.9935349225997925
168,2,0,0.00030130386585369706
169,4,0,0.0024591791443526745
170,1,0,0.9020416736602783
171,0,0,0.3513700067996979
172,3,0,0.0003343349671922624
173,2,1,0.9987577199935913
174,0,0,0.18841539323329926
175,0,0,0.1569625288248062
176,4,0,0.18858160078525543
177,0,0,0.013108495622873306
178,0,0,0.9944490194320679
179,4,0,0.10793714225292206
180,3,0,0.12758438289165497
181,3,0,0.0005307917599566281
182,4,0,0.9327415227890015
183,2,0,0.9858313798904419
184,4,1,0.9990479350090027
185,4,1,0.8945390582084656
186,4,0,0.5449180006980896
187,1,1,0.8334094882011414
188,4,1,0.7223347425460815
189,3,0,0.0005353816086426377
190,4,0,0.22928866744041443
191,3,1,0.9779560565948486
192,3,0,0.0562867596745491
193,1,1,0.29366979002952576
194,1,1,0.9982683658599854
195,2,1,0.9992662072181702
196,3,1,0.9997710585594177
197,1,0,0.15401451289653778
198,3,0,9.950831008609384e-05
199,2,1,0.7481313943862915
200,3,0,0.9694769978523254
201,3,0,0.15323834121227264
202,2,0,5.542477447306737e-05
203,3,0,0.10604088008403778
204,0,0,0.16318389773368835
205,2,1,0.11614623665809631
206,2,0,0.1241396889090538
207,4,0,0.01131966058164835
208,0,1,0.10314332693815231
209,2,1,0.7716716527938843
210,3,1,0.16625607013702393
211,3,0,0.010232092812657356
212,4,1,0.8713374733924866
213,1,0,0.25502750277519226
214,1,0,0.3500126898288727
215,3,0,0.09391424804925919
216,3,1,0.9999845027923584
217,4,1,0.031713251024484634
218,2,0,0.09046687930822372
219,1,1,0.9775672554969788
220,2,0,0.02922917529940605
221,3,1,0.03319495543837547
222,1,0,0.41753238439559937
223,4,0,0.15557453036308289
224,2,0,0.11996117979288101
225,1,1,0.24215447902679443
226,4,0,0.001482467632740736
227,2,1,0.2655477225780487
228,3,0,0.593567430973053
229,2,0,0.011208504438400269
230,2,0,0.002347275847569108
231,2,1,0.9989513158798218
232,3,0,0.2206626981496811
233,2,0,0.0021781744435429573
234,3,1,0.3620319664478302
235,4,0,0.008801165968179703
236,0,0,0.4059169292449951
237,3,0,0.0032699303701519966
238,4,1,0.9998278617858887
239,0,0,0.10885457694530487
240,4,0,0.13532544672489166
241,2,0,0.015295907855033875
242,2,1,0.6279271245002747
243,3,0,0.06601008027791977
244,4,0,0.11734720319509506
245,2,0,0.0053893220610916615
246,4,0,0.9997571110725403
247,1,0,0.3873444199562073
248,1,1,0.9910404086112976
249,1,1,0.717108428478241
250,0,0,0.0011105049634352326
251,2,0,0.2217094600200653
252,0,0,0.005149326752871275
253,3,0,0.007080842275172472
254,4,0,7.323032332351431e-05
255,4,0,0.35694578289985657
256,4,1,0.2672937214374542
257,3,1,0.9992566704750061
258,1,1,0.9883104562759399
259,4,1,0.9999582767486572
260,4,1,0.9781872630119324
261,3,0,0.1661623865365982
262,4,1,0.17791733145713806
263,2,0,0.0039526838809251785
264,1,0,0.0009023034945130348
265,1,0,0.7163456678390503
266,2,0,0.0019236174412071705
267,3,0,3.058882793993689e-05
268,1,1,0.005096567794680595
269,4,1,0.9687451124191284
270,2,1,0.9956684112548828
271,1,0,0.016478242352604866
272,4,1,0.00016876825247891247
273,2,1,0.9963362216949463
274,0,0,0.07211582362651825
275,3,1,0.9335731267929077
276,4,1,0.999527096748352
277,1,0,0.05223472788929939
278,2,0,0.22434985637664795
279,1,0,0.05114106461405754
280,2,1,0.24804791808128357
281,3,0,0.000501045084092766
282,1,0,0.10710939019918442
283,0,0,0.052181344479322433
284,0,1,0.07923734933137894
285,2,0,0.016175955533981323
286,0,0,0.29047253727912903
287,0,1,0.19200049340724945
288,0,0,0.09120875597000122
289,1,1,0.11022932827472687
290,1,1,0.5185396671295166
291,0,1,0.9781088829040527
292,4,1,0.9998434782028198
293,2,0,0.06676935404539108
294,0,0,0.47296372056007385
295,2,0,0.05794905871152878
296,4,0,0.024269694462418556
297,2,0,0.12667037546634674
298,4,0,0.9827765226364136
299,2,1,0.7211488485336304
300,3,1,0.9997811913490295
301,1,1,0.8380582928657532
302,3,1,0.004904111847281456
303,4,0,0.00029241779702715576
304,4,1,0.9893932342529297
305,0,0,0.08387254178524017
306,1,1,0.3269098997116089
307,0,1,0.9933902025222778
308,4,1,0.9967226386070251
309,1,0,0.010090796276926994
310,1,1,0.9924530386924744
311,1,1,0.9348272681236267
312,4,1,0.9998719692230225
313,2,0,0.994211733341217
314,0,0,0.18132543563842773
315,0,0,0.009568016976118088
316,1,1,0.3023924231529236
317,1,1,0.8805710077285767
318,2,0,0.000699095253366977
319,2,1,0.9993053674697876
320,2,1,0.999991774559021
321,2,0,0.19106502830982208
322,2,0,0.15253007411956787
323,0,1,0.9614120721817017
324,4,1,0.9625161290168762
325,0,0,0.0029940172098577023
326,4,1,0.9966387748718262
327,1,0,0.01763441599905491
328,3,1,0.992719292640686
329,4,1,0.9857515692710876
330,2,1,0.9999042749404907
331,3,1,0.8111851811408997
332,0,0,0.3683321177959442
333,2,0,0.00039089875645004213
334,2,0,0.0010828824015334249
335,3,1,0.9985217452049255
336,0,0,0.12711146473884583
337,0,0,0.23751021921634674
338,1,1,0.9873905181884766
339,3,1,0.0045705437660217285
340,3,0,0.05368852987885475
341,4,1,0.9985541701316833
342,0,1,0.9807243347167969
343,3,0,0.12166429311037064
344,0,0,0.137405127286911
345,2,0,0.20398584008216858
346,0,1,0.986879289150238
347,3,1,0.13149866461753845
348,0,1,0.5540372133255005
349,0,1,0.9940682649612427
350,2,0,0.06987413018941879
351,0,0,0.06825123727321625
352,1,0,0.2176017016172409
353,4,0,0.059269290417432785
354,1,0,0.0005167353083379567
355,4,0,0.11950498074293137
356,2,0,0.20297223329544067
357,3,1,0.999718964099884
358,0,0,0.9476568102836609
359,1,1,0.7034620046615601
360,1,1,0.7034620046615601
361,2,0,0.000269535172265023
362,2,0,0.00017428606224711984
363,0,0,0.0130113260820508
364,0,0,0.11760290712118149
365,1,0,0.025269081816077232
366,0,0,0.35259243845939636
367,3,1,0.9992054104804993
368,1,1,0.7800119519233704
369,4,1,0.7164609432220459
370,0,1,0.9907323122024536
371,3,1,0.9130931496620178
372,0,0,0.19970352947711945
373,0,0,0.06947281956672668
374,1,0,0.09776874631643295
375,4,0,0.004290000069886446
376,2,1,0.9995076656341553
377,4,1,0.33802664279937744
378,1,0,0.6281827688217163
379,3,0,0.3233691453933716
380,1,0,0.193818598985672
381,1,1,0.9884549379348755
382,0,1,0.9746018648147583
383,2,0,0.8922890424728394
384,0,1,0.9638619422912598
385,1,0,0.29828792810440063
386,1,0,0.5045838356018066
387,2,0,0.016595209017395973
388,4,1,0.5913716554641724
389,3,0,0.16972030699253082
390,1,1,0.9977437257766724
391,4,1,0.22577649354934692
392,3,1,0.02423032931983471
393,1,0,0.019814245402812958
394,1,1,0.9982852339744568
395,0,1,0.9613426923751831
396,1,0,0.24267685413360596
397,3,0,0.03063521347939968
398,3,0,0.023637309670448303
399,2,0,0.051787883043289185
400,0,1,0.8815398216247559
401,1,1,0.010477358475327492
402,2,0,0.1108991801738739
403,4,0,0.00892250519245863
404,4,0,0.00022578203061129898
405,1,0,0.43390002846717834
406,3,0,0.007558346260339022
407,0,0,0.1672808676958084
408,0,1,0.9843862652778625
409,3,0,0.02711118943989277
410,2,0,0.002347275847569108
411,1,0,0.29828792810440063
412,1,0,0.1273450255393982
413,0,1,0.9877623319625854
414,2,0,0.22434985637664795
415,1,1,0.007647976744920015
416,3,0,0.9607614278793335
417,0,1,0.7885453701019287
418,3,1,0.9913156032562256
419,2,0,0.32684728503227234
420,1,0,0.007497547660022974
421,1,0,0.31667864322662354
422,4,0,0.06004954129457474
423,3,0,0.19224947690963745
424,4,0,0.554341733455658
425,3,0,0.00012804713333025575
426,0,0,0.2985081374645233
427,0,1,0.7698376178741455
428,3,1,0.911534309387207
429,3,0,0.1661623865365982
430,0,1,0.11754715442657471
431,1,1,0.4021003842353821
432,4,1,0.5948426723480225
433,4,1,0.9471560716629028
434,0,0,0.20399902760982513
435,3,0,0.4406214654445648
436,0,1,0.9939882755279541
437,4,0,6.975561063882196e-06
438,4,1,0.999135434627533
439,1,0,0.007815433666110039
440,2,0,0.005769503302872181
441,0,1,0.8610743880271912
442,3,0,0.007613085675984621
443,3,0,0.3279036581516266
444,3,1,0.9536148905754089
445,3,1,0.04847731441259384
446,1,1,0.9971145391464233
447,1,1,0.997219443321228
448,4,1,0.9006881713867188
449,0,1,0.9933326840400696
450,0,1,0.08535902947187424
451,4,0,0.0029697150457650423
452,3,0,0.014742583967745304
453,2,0,0.9919613003730774
454,3,1,0.10990796983242035
455,3,0,0.09506120532751083
456,2,1,0.014469350688159466
457,4,0,0.3196306824684143
458,3,1,0.9978440999984741
459,3,1,0.29811811447143555
460,3,0,0.1661623865365982
461,2,1,0.04033631831407547
462,0,0,0.25791656970977783
463,1,0,0.6773356199264526
464,2,0,0.00959748774766922
465,2,0,0.011912669986486435
466,0,0,0.10927506536245346
467,1,0,0.06568944454193115
468,2,0,0.19681236147880554
469,4,0,0.2203538417816162
470,0,1,0.9921930432319641
471,2,0,0.2217094600200653
472,3,0,0.030277078971266747
473,1,1,0.9991766810417175
474,0,1,0.9950070381164551
475,1,0,0.3804398477077484
476,2,0,0.07153192162513733
477,3,0,0.007558346260339022
478,0,0,0.16555364429950714
479,3,0,0.054850731045007706
480,2,1,0.9360688328742981
481,1,0,0.013480775989592075
482,2,0,0.10999900847673416
483,1,0,0.031629279255867004
484,0,1,0.39749884605407715
485,4,1,0.9875839352607727
486,4,0,0.00095091707771644
487,4,1,0.995302677154541
488,1,0,0.19360323250293732
489,3,0,0.0384640246629715
490,1,1,0.9886894822120667
491,3,0,0.014742583967745304
492,1,0,0.014409452676773071
493,3,0,0.018890177831053734
494,0,0,0.09022628515958786
495,1,0,0.37287086248397827
496,2,0,0.004045478999614716
497,3,1,0.9866379499435425
498,4,0,0.005395501386374235
499,0,0,0.9397839903831482
500,4,0,0.11246209591627121
501,2,0,0.006990000139921904
502,3,0,0.8917092680931091
503,1,0,0.719109833240509
504,1,0,0.10301676392555237
505,3,1,0.9998088479042053
506,1,0,0.1892831176519394
507,4,1,0.9803167581558228
508,0,1,0.6489583253860474
509,2,0,0.009749837219715118
510,3,1,0.8324389457702637
511,2,1,0.018171997740864754
512,4,0,0.0035897409543395042
513,4,1,0.9829425811767578
514,1,1,0.9756770730018616
515,3,0,0.07819762825965881
516,3,0,0.8179316520690918
517,4,1,0.9868979454040527
518,4,0,0.03476788476109505
519,0,1,0.7092946171760559
520,4,0,0.23576080799102783
521,4,1,0.9986668825149536
522,2,0,0.03791619837284088
523,1,0,0.2932332158088684
524,0,1,0.9993513226509094
525,3,0,0.2648508548736572
526,2,0,0.002098668133839965
527,4,1,0.07928193360567093
528,4,0,0.015402089804410934
529,1,0,0.11997336149215698
530,1,0,0.34081241488456726
531,3,1,0.9991466999053955
532,4,0,0.12299482524394989
533,2,0,0.3071926534175873
534,4,1,0.9922221302986145
535,3,0,0.08322767913341522
536,0,1,0.971100389957428
537,4,0,0.9938912391662598
538,3,1,0.9941815733909607
539,3,0,0.08481378108263016
540,0,1,0.9966955184936523
541,3,1,0.9959075450897217
542,3,0,0.0005459063686430454
543,3,0,0.0005074488581158221
544,3,1,0.01793173886835575
545,2,0,2.43808317463845e-05
546,3,0,0.009567927569150925
547,2,1,0.9370227456092834
548,2,1,0.0007459273329004645
549,3,0,0.005978121887892485
550,0,1,0.9511191248893738
551,0,1,0.015411600470542908
552,3,0,0.027508322149515152
553,1,0,0.15785087645053864
554,3,1,0.25932177901268005
555,4,1,0.4301481544971466
556,1,0,0.25523677468299866
557,2,1,0.9994634985923767
558,3,0,0.009359573014080524
559,0,1,0.9970552921295166
560,2,1,0.701492190361023
561,4,0,0.23259730637073517
562,4,0,0.19263803958892822
563,2,0,0.25351962447166443
564,1,0,0.025299696251749992
565,4,0,0.8672444820404053
566,2,0,0.0038442309014499187
567,2,0,0.022705871611833572
568,3,0,0.018913064152002335
569,1,0,0.2933937907218933
570,2,1,0.10973260551691055
571,2,1,1.606881050975062e-05
572,3,1,0.9169018864631653
573,1,1,0.9368497729301453
574,1,1,0.8380582928657532
575,2,0,0.0709645077586174
576,1,0,0.1694146990776062
577,2,1,0.9096810221672058
578,0,1,0.9679846167564392
579,1,0,0.6632567048072815
580,3,1,0.39219966530799866
581,3,1,0.8329809308052063
582,2,1,0.9999980926513672
583,2,0,0.005659634713083506
584,2,0,0.9903392195701599
585,1,0,0.3286426067352295
586,3,1,0.9997016787528992
587,1,0,0.07987041771411896
588,0,1,0.03399290889501572
589,3,0,0.012654977850615978
590,2,0,0.07078522443771362
591,4,0,0.3153262734413147
592,3,1,0.9994935989379883
593,4,0,0.00432683015242219
594,3,0,0.9880149960517883
595,1,0,0.0052450126968324184
596,4,0,0.00018034946697298437
597,1,1,0.8432763814926147
598,2,0,0.06722794473171234
599,4,0,0.11950498074293137
600,1,1,0.0063264635391533375
601,2,1,0.9944788217544556
602,4,0,0.1413736641407013
603,0,0,0.11467328667640686
604,3,0,0.005516489502042532
605,2,1,0.9915798902511597
606,3,0,0.0022213608026504517
607,1,0,0.23730327188968658
608,0,1,0.4685817062854767
609,2,1,0.9997966885566711
610,1,1,0.8444732427597046
611,3,0,0.013878831639885902
612,0,0,0.17435498535633087
613,2,1,0.6279271245002747
614,1,0,0.15401451289653778
615,0,0,0.26097601652145386
616,4,1,0.9313247799873352
617,2,0,0.0012541774194687605
618,0,0,0.6899837255477905
619,1,1,0.9985892176628113
620,2,0,0.10214946419000626
621,1,0,0.057411398738622665
622,2,1,0.5452631711959839
623,1,1,0.13170337677001953
624,4,0,0.0724555104970932
625,1,0,0.22874338924884796
626,0,0,0.7758641242980957
627,0,0,0.007773309946060181
628,0,1,0.988725483417511
629,0,0,0.12711146473884583
630,1,0,0.1501879096031189
631,3,1,4.613346391124651e-06
632,1,0,0.030030054971575737
633,1,1,0.23964829742908478
634,4,0,0.00011179254215676337
635,3,0,2.942912033176981e-05
636,1,1,0.5687920451164246
637,2,0,0.8922890424728394
638,0,0,0.020971596240997314
639,0,0,0.0021171143744140863
640,2,0,0.0347302183508873
641,3,0,0.01775480806827545
642,0,1,0.9906337261199951
643,3,0,3.7755220546387136e-05
644,2,1,0.5867395997047424
645,3,1,0.9996590614318848
646,2,1,0.0015428850892931223
647,3,0,0.013237636536359787
648,0,1,0.04266595095396042
649,1,0,0.018664225935935974
650,3,1,0.9144601225852966
651,4,0,0.1413736790418625
652,3,1,0.9992809891700745
653,0,0,0.06746456772089005
654,3,1,0.9230722188949585
655,4,0,0.5444860458374023
656,4,0,0.0002547740878071636
657,1,0,0.298287957906723
658,3,0,0.9789626002311707
659,2,0,0.031300753355026245
660,3,0,0.6989413499832153
661,4,1,0.0018381972331553698
662,3,0,0.008050898090004921
663,2,0,0.04687106981873512
664,4,0,0.16439999639987946
665,2,1,0.04083225876092911
666,0,0,0.0074380445294082165
667,2,0,0.0472729429602623
668,4,0,0.1689504235982895
669,0,0,0.25730663537979126
670,1,1,0.9712464213371277
671,4,1,0.891840398311615
672,2,0,0.05307335779070854
673,4,0,0.0015750935999676585
674,4,1,0.12249331921339035
675,1,0,0.022876901552081108
676,4,0,0.07092761248350143
677,1,0,0.2971726655960083
678,2,1,0.12959350645542145
679,0,0,0.01203895639628172
680,1,1,0.2597457468509674
681,2,0,0.8505353927612305
682,2,1,0.1915295422077179
683,1,0,0.23717564344406128
684,0,0,0.0026295895222574472
685,3,0,0.00040603571687825024
686,0,0,0.11216738075017929
687,0,0,0.007574656046926975
688,3,0,0.006195174064487219
689,2,0,0.031707994639873505
690,2,1,0.998820960521698
691,3,1,0.9934313893318176
692,1,1,0.9916679859161377
693,1,1,0.9046877026557922
694,2,0,0.10117985308170319
695,1,0,0.4260523021221161
696,1,0,0.06334105134010315
697,0,0,0.11491668969392776
698,4,1,0.7175713181495667
699,4,0,0.7214115262031555
700,2,0,0.0003183569060638547
701,2,1,0.999930739402771
702,1,1,0.9414815306663513
703,2,0,0.012614806182682514
704,3,0,0.14009176194667816
705,2,0,0.16729922592639923
706,3,0,0.04971900209784508
707,2,1,0.9982067346572876
708,0,1,0.8128836154937744
709,0,1,0.9518182873725891
710,2,1,0.9997676014900208
711,4,1,0.865735650062561
712,1,0,0.1968052089214325
713,2,1,0.005496049765497446
714,3,0,0.16200290620326996
715,4,0,0.01190055999904871
716,1,0,0.0949709489941597
717,2,1,0.9995710253715515
718,2,1,0.7785706520080566
719,0,0,0.1034662127494812
720,1,0,0.16757142543792725
721,2,1,0.9989744424819946
722,1,0,0.0026168297044932842
723,4,0,0.14649765193462372
724,0,0,0.3240250051021576
725,0,1,0.6735338568687439
726,2,0,0.015774458646774292
727,3,1,0.835787832736969
728,3,1,0.9351709485054016
729,3,0,0.010958286002278328
730,0,0,0.9096186757087708
731,1,1,0.9917696714401245
732,2,0,0.9700226187705994
733,0,0,0.10132258385419846
734,1,0,0.38975170254707336
735,0,0,0.11270374804735184
736,3,0,0.22637119889259338
737,1,0,0.0021645929664373398
738,0,1,0.0038017735350877047
739,4,0,0.1413736790418625
740,1,0,0.298287957906723
741,4,1,0.14443054795265198
742,3,0,0.8488282561302185
743,3,1,0.9999701976776123
744,2,0,0.03888601437211037
745,2,1,0.870803952217102
746,4,0,0.9487801194190979
747,4,0,0.12718521058559418
748,3,1,0.9370137453079224
749,3,0,0.33409491181373596
750,2,0,0.010684388689696789
751,3,1,0.837969183921814
752,3,1,0.9999566078186035
753,1,0,0.22483307123184204
754,1,0,0.25480735301971436
755,2,1,0.9992148876190186
756,1,1,0.9955353736877441
757,2,0,0.14678320288658142
758,4,0,0.19399318099021912
759,2,0,0.13114437460899353
760,1,1,0.9846436977386475
761,4,0,0.14086320996284485
762,4,0,0.16882659494876862
763,4,1,0.14003729820251465
764,2,1,0.9999749660491943
765,4,0,0.06649969518184662
766,0,1,0.9983400106430054
767,4,0,0.9960301518440247
768,2,0,0.3840625584125519
769,3,0,0.006588897667825222
770,2,0,0.1641189008951187
771,4,0,0.049715686589479446
772,1,0,0.06469263136386871
773,1,0,0.9969912767410278
774,0,0,0.2952406108379364
775,2,1,0.2713904082775116
776,1,0,0.15053613483905792
777,3,0,0.03259342908859253
778,1,1,0.7283238172531128
779,1,0,0.1511399745941162
780,0,1,0.9985905289649963
781,0,1,0.8022350668907166
782,4,1,0.9992808699607849
783,4,0,0.15335220098495483
784,2,0,0.0001073541643563658
785,2,0,0.012338458560407162
786,0,0,0.18183231353759766
787,4,1,0.5845553874969482
788,0,0,0.01450869906693697
789,0,1,0.9834746718406677
790,3,0,0.015521276742219925
791,0,0,0.058634210377931595
792,4,0,0.011773918755352497
793,3,0,0.0005307930405251682
794,0,0,0.3278544247150421
795,3,0,0.04257182031869888
796,0,0,0.34930935502052307
797,0,1,0.9825946688652039
798,4,1,0.3674684166908264
799,1,0,0.14443339407444
800,0,0,0.030302632600069046
801,3,0,0.08004344999790192
802,0,1,0.9981276392936707
803,2,1,0.999445378780365
804,0,1,0.9154230356216431
805,3,1,0.3069005608558655
806,2,0,0.11043545603752136
807,3,0,0.003844475606456399
808,4,0,0.4382208585739136
809,4,0,0.1697542816400528
810,3,1,0.9930834770202637
811,3,0,0.09384763240814209
812,0,0,0.15181167423725128
813,3,0,0.11260536313056946
814,4,0,0.3691580295562744
815,0,0,0.21440723538398743
816,3,0,0.004825005307793617
817,2,0,0.9796500205993652
818,2,0,2.0069926904398017e-05
819,0,0,0.41270527243614197
820,2,0,0.0016066876705735922
821,4,1,0.9987020492553711
822,3,1,0.11909636110067368
823,0,0,0.09701601415872574
824,1,1,0.9962742328643799
825,3,0,4.455877933651209e-05
826,2,0,0.06590727716684341
827,1,0,0.9046877026557922
828,3,1,0.9992579817771912
829,1,1,0.15401452779769897
830,4,1,0.9996065497398376
831,0,1,0.8994653224945068
832,2,1,0.9998456239700317
833,2,0,0.05254277214407921
834,4,0,0.08998176455497742
835,4,0,0.018045881763100624
836,4,1,0.9635444283485413
837,4,0,0.02870745025575161
838,4,0,0.1290900856256485
839,1,1,0.8916551470756531
840,0,1,0.410191148519516
841,2,0,0.0707942545413971
842,1,0,0.05999856814742088
843,3,1,0.9920662641525269
844,4,0,0.029032427817583084
845,4,0,0.01160805206745863
846,0,0,0.020967969670891762
847,4,0,1.0750772162282374e-05
848,2,0,0.005181044805794954
849,0,0,0.20816443860530853
850,4,1,0.9964003562927246
851,2,0,0.00646429555490613
852,4,0,0.00660751573741436
853,1,0,0.015009812079370022
854,3,1,0.9998345375061035
855,2,0,0.9546902179718018
856,4,1,0.9541926383972168
857,0,1,0.9973500967025757
858,2,1,0.024266978725790977
859,3,1,0.9999219179153442
860,1,0,0.2933938205242157
861,3,0,0.0004099795769434422
862,3,0,0.34937840700149536
863,0,1,0.9940567016601562
864,4,0,0.0006577295134775341
865,3,0,0.04819409176707268
866,3,1,0.9809114933013916
867,2,1,0.743625283241272
868,2,0,0.9187660813331604
869,1,0,0.33357858657836914
870,2,1,0.998051643371582
871,0,0,0.12711143493652344
872,2,1,0.9988648891448975
873,3,0,0.13306555151939392
874,0,0,0.2643509805202484
875,1,1,0.9961053729057312
876,0,1,0.7760010957717896
877,4,0,0.17863081395626068
878,3,0,0.013237636536359787
879,1,0,0.298287957906723
880,1,1,0.991665780544281
881,2,1,0.9995071887969971
882,4,0,0.23635956645011902
883,1,0,0.37599921226501465
884,0,0,0.3707227110862732
885,0,0,0.1893662065267563
886,0,0,0.0016405695350840688
887,2,0,0.04755985736846924
888,3,1,0.9971997737884521
889,3,0,0.10493316501379013
890,2,1,0.9925895929336548
891,0,0,0.16101917624473572
