surface,variant,accuracy,roc_auc,v5_accuracy,delta_vs_v5,rescue,harm,net,changed_vs_v5,switch_precision,mean_vocab_size
repeated_42,text_only,0.8092031425364759,0.8734541271210813,0.8428731762065096,-0.03367003367003374,29,59,-30,88,0.32954545454545453,8790.8
repeated_42,text_context,0.8215488215488216,0.8746471521852598,0.8428731762065096,-0.021324354657688005,22,41,-19,63,0.3492063492063492,8890.0
repeated_123,text_only,0.813692480359147,0.8740825956816753,0.8428731762065096,-0.029180695847362603,33,59,-26,92,0.358695652173913,8813.4
repeated_123,text_context,0.8237934904601572,0.8761118034917288,0.8428731762065096,-0.019079685746352437,24,41,-17,65,0.36923076923076925,8912.6
repeated_777,text_only,0.8058361391694725,0.8744660680237326,0.8372615039281706,-0.03142536475869806,32,60,-28,92,0.34782608695652173,8771.0
repeated_777,text_context,0.8170594837261503,0.8749613864655567,0.8372615039281706,-0.02020202020202022,28,46,-18,74,0.3783783783783784,8870.0
repeated_2026,text_only,0.8080808080808081,0.8745406320902438,0.8361391694725028,-0.02805836139169471,32,57,-25,89,0.3595505617977528,8783.2
repeated_2026,text_context,0.8181818181818182,0.8746897602232662,0.8361391694725028,-0.017957351290684542,28,44,-16,72,0.3888888888888889,8882.4
repeated_31415,text_only,0.8181818181818182,0.8776030848219516,0.8395061728395061,-0.021324354657687894,39,58,-19,97,0.4020618556701031,8811.8
repeated_31415,text_context,0.8271604938271605,0.8794618604799797,0.8395061728395061,-0.012345679012345623,33,44,-11,77,0.42857142857142855,8911.0
repeated_27182,text_only,0.8215488215488216,0.8740506396531706,0.8473625140291807,-0.02581369248035914,35,58,-23,93,0.3763440860215054,8802.8
repeated_27182,text_context,0.8260381593714927,0.874641826180509,0.8473625140291807,-0.021324354657688005,30,49,-19,79,0.379746835443038,8902.0
group_42,text_only,0.7957351290684624,0.8531247669872921,0.8103254769921436,-0.01459034792368119,43,56,-13,99,0.43434343434343436,
group_42,text_context,0.7991021324354658,0.855084736735585,0.8103254769921436,-0.011223344556677839,33,43,-10,76,0.4342105263157895,
group_777,text_only,0.7934904601571269,0.8511861012580023,0.8103254769921436,-0.01683501683501676,44,59,-15,103,0.42718446601941745,
group_777,text_context,0.7991021324354658,0.8546213743222658,0.8103254769921436,-0.011223344556677839,36,46,-10,82,0.43902439024390244,
pseudo_0,text_only,0.8146067415730337,0.8826719576719577,0.8539325842696629,-0.0393258426966292,4,11,-7,15,0.26666666666666666,
pseudo_0,text_context,0.8089887640449438,0.882936507936508,0.8539325842696629,-0.0449438202247191,5,13,-8,18,0.2777777777777778,
pseudo_1,text_only,0.8595505617977528,0.887987012987013,0.8539325842696629,0.005617977528089901,8,7,1,15,0.5333333333333333,
pseudo_1,text_context,0.8707865168539326,0.8878517316017316,0.8539325842696629,0.016853932584269704,9,6,3,15,0.6,
pseudo_2,text_only,0.8033707865168539,0.8982848025528519,0.8426966292134831,-0.0393258426966292,5,12,-7,17,0.29411764705882354,
pseudo_2,text_context,0.8258426966292135,0.891769711474538,0.8426966292134831,-0.016853932584269593,5,8,-3,13,0.38461538461538464,
pseudo_3,text_only,0.8202247191011236,0.921957671957672,0.8764044943820225,-0.0561797752808989,3,13,-10,16,0.1875,
pseudo_3,text_context,0.8595505617977528,0.928042328042328,0.8764044943820225,-0.016853932584269704,2,5,-3,7,0.2857142857142857,
pseudo_4,text_only,0.7865168539325843,0.8641711229946524,0.8202247191011236,-0.0337078651685393,8,14,-6,22,0.36363636363636365,
pseudo_4,text_context,0.8089887640449438,0.8668449197860963,0.8202247191011236,-0.011235955056179803,7,9,-2,16,0.4375,
