split,PassengerId,Survived,typed_eb,v5
0,17,0,0,0
0,18,1,0,0
0,19,0,0,1
0,32,1,1,1
0,46,0,0,0
0,47,0,0,0
0,48,1,1,1
0,63,0,0,0
0,65,0,0,0
0,70,0,0,0
0,75,1,1,0
0,79,1,1,1
0,85,1,1,1
0,86,1,0,1
0,87,0,0,0
0,88,0,0,0
0,96,0,0,0
0,116,0,0,0
0,117,0,0,0
0,119,0,1,1
0,130,0,0,0
0,145,0,0,0
0,150,0,0,0
0,151,0,0,0
0,158,0,0,0
0,160,0,0,0
0,163,0,0,0
0,176,0,0,0
0,181,0,0,0
0,182,0,0,0
0,186,0,0,0
0,191,1,1,1
0,205,1,0,0
0,212,1,1,1
0,214,0,0,0
0,217,1,0,0
0,223,0,0,0
0,224,0,0,0
0,234,1,1,1
0,236,0,1,1
0,237,0,0,0
0,239,0,0,0
0,252,0,0,0
0,264,0,0,0
0,272,1,0,0
0,273,1,1,1
0,279,0,0,0
0,280,1,0,1
0,281,0,0,0
0,292,1,1,1
0,299,1,0,0
0,310,1,1,1
0,311,1,1,1
0,312,1,1,1
0,313,0,1,1
0,315,0,0,0
0,316,1,1,0
0,317,1,1,1
0,320,1,1,1
0,325,0,0,0
0,329,1,1,1
0,334,0,0,0
0,336,0,0,0
0,337,0,1,0
0,352,0,0,0
0,361,0,0,0
0,363,0,0,0
0,367,1,1,1
0,375,0,0,0
0,377,1,1,0
0,378,0,1,0
0,379,0,0,0
0,381,1,1,1
0,382,1,1,1
0,390,1,1,1
0,391,1,0,0
0,401,1,0,0
0,408,1,1,1
0,410,0,0,0
0,411,0,0,0
0,413,1,1,1
0,415,1,0,0
0,418,1,1,1
0,423,0,0,0
0,426,0,0,0
0,430,1,0,0
0,433,1,1,1
0,436,1,1,1
0,437,0,0,0
0,450,1,0,0
0,452,0,0,0
0,454,1,0,0
0,455,0,0,0
0,458,1,1,1
0,459,1,1,1
0,462,0,0,0
0,463,0,0,0
0,472,0,0,0
0,473,1,1,1
0,477,0,0,0
0,478,0,0,0
0,482,0,0,0
0,483,0,0,0
0,484,1,0,0
0,488,0,0,0
0,490,1,1,1
0,494,0,0,0
0,497,1,1,1
0,509,0,0,0
0,510,1,1,0
0,514,1,1,1
0,516,0,0,0
0,541,1,1,1
0,544,1,0,0
0,552,0,0,0
0,557,1,1,1
0,573,1,0,1
0,575,0,0,0
0,576,0,0,0
0,583,0,0,0
0,586,1,1,1
0,588,1,0,0
0,590,0,0,0
0,598,0,0,0
0,599,0,0,0
0,604,0,0,0
0,608,1,0,0
0,610,1,1,1
0,615,0,0,0
0,616,1,1,1
0,624,0,0,0
0,628,1,1,1
0,629,0,0,0
0,632,0,0,0
0,636,1,1,1
0,639,0,0,0
0,642,1,1,1
0,643,0,0,0
0,649,0,0,0
0,651,0,0,0
0,652,1,1,1
0,660,0,1,0
0,667,0,0,0
0,675,0,0,0
0,677,0,0,0
0,681,0,1,1
0,683,0,0,0
0,695,0,0,0
0,699,0,1,0
0,712,0,0,0
0,714,0,0,0
0,720,0,0,0
0,726,0,0,0
0,728,1,1,1
0,729,0,0,0
0,751,1,1,1
0,756,1,1,1
0,770,0,0,0
0,773,0,1,1
0,800,0,0,0
0,807,0,0,0
0,813,0,0,0
0,822,1,0,0
0,828,1,1,1
0,834,0,0,0
0,835,0,0,0
0,838,0,0,0
0,847,0,0,0
0,849,0,0,0
0,850,1,1,1
0,852,0,0,0
0,854,1,1,1
0,857,1,1,1
0,869,0,0,0
0,876,1,1,1
0,878,0,0,0
0,882,0,0,0
0,886,0,0,0
1,1,0,0,0
1,6,0,0,0
1,7,0,0,0
1,9,1,1,1
1,11,1,1,1
1,14,0,0,0
1,21,0,0,0
1,27,0,0,0
1,30,0,0,0
1,32,1,1,1
1,34,0,0,0
1,36,0,0,0
1,39,0,0,1
1,46,0,0,0
1,49,0,0,0
1,50,0,0,1
1,51,0,0,0
1,54,1,1,1
1,61,0,0,0
1,64,0,0,0
1,65,0,0,0
1,70,0,0,0
1,78,0,0,0
1,80,1,1,0
1,88,0,0,0
1,92,0,0,0
1,101,0,1,0
1,108,1,0,0
1,110,1,0,1
1,111,0,0,0
1,117,0,0,0
1,121,0,0,0
1,125,0,0,0
1,138,0,1,0
1,142,1,1,1
1,143,1,0,1
1,150,0,0,0
1,153,0,0,0
1,168,0,0,0
1,171,0,0,0
1,172,0,0,0
1,181,0,0,0
1,191,1,1,1
1,192,0,0,0
1,209,1,1,1
1,217,1,1,0
1,218,0,0,0
1,221,1,0,0
1,232,0,0,0
1,236,0,1,1
1,239,0,0,0
1,253,0,0,0
1,259,1,1,1
1,261,0,0,0
1,268,1,0,0
1,277,0,1,0
1,283,0,0,0
1,285,0,0,0
1,289,1,0,0
1,306,1,0,0
1,311,1,1,1
1,317,1,1,1
1,321,0,0,0
1,326,1,1,1
1,330,1,1,1
1,333,0,1,0
1,337,0,1,0
1,342,1,1,1
1,344,0,0,0
1,345,0,0,0
1,351,0,0,0
1,367,1,1,1
1,371,1,1,1
1,380,0,0,0
1,382,1,1,1
1,384,1,1,1
1,391,1,0,0
1,396,0,0,0
1,398,0,0,0
1,399,0,0,0
1,409,0,0,0
1,411,0,0,0
1,414,0,0,0
1,416,0,1,1
1,423,0,0,0
1,428,1,1,1
1,436,1,1,1
1,445,1,0,0
1,447,1,1,1
1,463,0,0,0
1,471,0,0,0
1,473,1,1,1
1,475,0,1,1
1,477,0,0,0
1,482,0,0,0
1,490,1,1,1
1,491,0,0,0
1,515,0,0,0
1,517,1,1,1
1,524,1,1,1
1,528,0,0,0
1,530,0,0,0
1,531,1,1,1
1,532,0,0,0
1,533,0,0,0
1,540,1,1,1
1,541,1,1,1
1,542,0,0,0
1,547,1,1,1
1,553,0,0,0
1,554,1,0,0
1,560,1,1,1
1,580,1,0,0
1,582,1,1,1
1,583,0,0,0
1,584,0,0,0
1,592,1,1,1
1,593,0,0,0
1,596,0,0,0
1,602,0,0,0
1,605,1,0,0
1,610,1,1,1
1,612,0,0,0
1,618,0,0,1
1,626,0,0,0
1,636,1,1,1
1,639,0,0,0
1,640,0,0,0
1,641,0,0,0
1,646,1,0,0
1,653,0,0,0
1,655,0,1,1
1,659,0,0,0
1,665,1,0,0
1,666,0,0,0
1,677,0,0,0
1,679,0,0,0
1,688,0,0,0
1,690,1,1,1
1,693,1,0,0
1,701,1,1,1
1,704,0,0,0
1,705,0,0,0
1,707,1,1,1
1,709,1,1,0
1,714,0,0,0
1,719,0,0,0
1,722,0,0,0
1,723,0,0,0
1,726,0,0,0
1,733,0,0,0
1,747,0,0,0
1,754,0,0,0
1,757,0,0,0
1,766,1,1,1
1,775,1,1,1
1,780,1,1,1
1,783,0,1,1
1,784,0,0,0
1,791,0,0,0
1,793,0,0,0
1,794,0,1,0
1,796,0,0,0
1,798,1,1,1
1,808,0,1,1
1,810,1,1,1
1,829,1,0,0
1,836,1,1,1
1,850,1,1,1
1,862,0,0,0
1,866,1,1,1
1,869,0,0,0
1,870,1,1,1
1,871,0,0,0
1,873,0,0,0
1,875,1,1,1
1,886,0,0,0
1,888,1,1,1
2,8,0,0,0
2,28,0,0,0
2,50,0,0,1
2,55,0,0,0
2,57,1,1,1
2,62,1,1,1
2,71,0,0,0
2,72,0,0,0
2,77,0,0,0
2,88,0,0,0
2,89,1,1,1
2,107,1,1,0
2,114,0,0,0
2,116,0,0,0
2,132,0,0,0
2,133,0,1,1
2,134,1,1,1
2,142,1,1,0
2,143,1,0,1
2,145,0,0,0
2,146,0,0,0
2,147,1,0,0
2,150,0,0,0
2,151,0,0,0
2,158,0,0,0
2,160,0,0,0
2,161,0,0,0
2,162,1,1,1
2,163,0,0,0
2,168,0,0,0
2,169,0,0,0
2,179,0,0,0
2,184,1,1,1
2,188,1,0,0
2,191,1,1,1
2,192,0,0,0
2,202,0,0,0
2,209,1,1,1
2,212,1,1,1
2,214,0,0,0
2,218,0,0,0
2,222,0,0,0
2,224,0,0,0
2,228,0,0,0
2,236,0,1,1
2,242,1,1,1
2,244,0,0,0
2,251,0,0,0
2,269,1,1,1
2,271,0,0,0
2,276,1,1,1
2,278,0,0,0
2,279,0,0,0
2,287,1,0,0
2,291,1,1,1
2,292,1,1,1
2,293,0,0,0
2,296,0,0,0
2,297,0,0,0
2,300,1,1,1
2,301,1,1,1
2,302,1,0,0
2,303,0,0,0
2,306,1,0,0
2,309,0,0,0
2,311,1,1,1
2,314,0,0,0
2,318,0,0,0
2,320,1,1,1
2,321,0,0,0
2,324,1,1,1
2,329,1,1,1
2,333,0,0,0
2,336,0,0,0
2,338,1,1,1
2,346,1,1,1
2,371,1,0,0
2,376,1,1,1
2,385,0,0,0
2,389,0,0,0
2,412,0,0,0
2,423,0,0,0
2,426,0,0,0
2,430,1,0,0
2,439,0,0,0
2,441,1,1,1
2,443,0,0,0
2,448,1,0,0
2,452,0,0,0
2,463,0,0,0
2,464,0,0,0
2,465,0,0,0
2,469,0,0,0
2,470,1,0,1
2,479,0,0,0
2,483,0,0,0
2,494,0,0,0
2,495,0,0,0
2,503,0,1,1
2,509,0,0,0
2,519,1,1,1
2,521,1,1,1
2,522,0,0,0
2,530,0,0,0
2,531,1,1,1
2,543,0,0,0
2,545,0,0,0
2,550,1,1,1
2,554,1,0,0
2,556,0,0,0
2,566,0,0,0
2,568,0,0,0
2,584,0,0,0
2,585,0,0,0
2,588,1,0,0
2,595,0,0,0
2,596,0,0,0
2,606,0,0,0
2,608,1,0,0
2,609,1,1,1
2,613,1,1,1
2,614,0,0,0
2,625,0,0,0
2,635,0,0,0
2,640,0,0,0
2,650,1,1,1
2,651,0,0,0
2,654,1,1,1
2,661,1,0,0
2,665,1,0,0
2,666,0,0,0
2,676,0,0,0
2,678,1,1,1
2,680,1,1,0
2,697,0,0,0
2,698,1,1,1
2,708,1,0,0
2,709,1,1,0
2,713,1,0,0
2,714,0,0,0
2,717,1,1,1
2,718,1,1,1
2,730,0,1,0
2,733,0,0,0
2,737,0,0,0
2,739,0,0,0
2,740,0,0,0
2,743,1,1,1
2,747,0,0,0
2,752,1,1,1
2,753,0,0,0
2,760,1,1,1
2,767,0,0,0
2,772,0,0,0
2,773,0,1,1
2,783,0,0,1
2,786,0,0,0
2,794,0,0,0
2,799,0,0,0
2,802,1,1,1
2,803,1,1,1
2,804,1,1,1
2,813,0,0,0
2,822,1,0,0
2,828,1,1,1
2,831,1,0,1
2,837,0,0,0
2,846,0,0,0
2,855,0,1,1
2,856,1,1,1
2,862,0,0,0
2,864,0,0,0
2,868,0,0,0
2,872,1,1,1
2,877,0,0,0
2,883,0,1,0
2,889,0,0,1
2,890,1,0,1
3,1,0,0,0
3,8,0,0,0
3,13,0,0,0
3,18,1,0,0
3,22,1,0,0
3,27,0,0,0
3,32,1,1,1
3,39,0,0,0
3,41,0,1,1
3,45,1,1,1
3,46,0,0,0
3,49,0,0,0
3,53,1,1,1
3,58,0,0,0
3,62,1,1,1
3,71,0,0,0
3,75,1,1,0
3,77,0,0,0
3,78,0,0,0
3,86,1,1,1
3,89,1,1,1
3,99,1,1,1
3,109,0,0,0
3,129,1,1,1
3,133,0,1,1
3,143,1,0,1
3,152,1,1,1
3,153,0,0,0
3,156,0,0,0
3,165,0,0,0
3,168,0,0,0
3,169,0,0,0
3,170,0,1,0
3,176,0,0,0
3,177,0,0,0
3,180,0,0,0
3,181,0,0,0
3,186,0,0,0
3,190,0,0,0
3,191,1,1,1
3,195,1,1,1
3,204,0,0,0
3,207,0,0,0
3,209,1,1,1
3,224,0,0,0
3,229,0,0,0
3,232,0,0,0
3,239,0,0,0
3,240,0,0,0
3,246,0,0,1
3,248,1,1,1
3,249,1,0,0
3,250,0,0,0
3,253,0,0,0
3,255,0,0,1
3,269,1,1,1
3,272,1,0,0
3,277,0,1,0
3,279,0,0,0
3,300,1,1,1
3,305,0,0,0
3,306,1,0,0
3,308,1,1,1
3,318,0,0,0
3,319,1,1,1
3,326,1,1,1
3,327,0,0,0
3,329,1,1,1
3,330,1,1,1
3,332,0,0,0
3,334,0,0,0
3,351,0,0,0
3,353,0,0,0
3,361,0,0,0
3,365,0,0,0
3,369,1,1,1
3,373,0,0,0
3,376,1,1,1
3,377,1,1,0
3,379,0,0,0
3,382,1,1,1
3,383,0,0,0
3,385,0,0,0
3,386,0,0,0
3,391,1,0,0
3,393,0,0,0
3,407,0,0,0
3,419,0,0,0
3,428,1,1,1
3,432,1,0,1
3,439,0,0,0
3,443,0,0,0
3,444,1,1,1
3,446,1,1,1
3,450,1,0,0
3,455,0,0,0
3,459,1,1,1
3,466,0,0,0
3,473,1,1,1
3,476,0,0,0
3,478,0,0,0
3,479,0,0,0
3,481,0,0,0
3,489,0,0,0
3,491,0,0,0
3,492,0,0,0
3,494,0,0,0
3,501,0,0,0
3,505,1,1,1
3,507,1,1,1
3,511,1,0,0
3,514,1,1,1
3,518,0,0,0
3,525,0,0,0
3,527,1,1,0
3,531,1,1,1
3,543,0,0,0
3,548,1,0,0
3,551,1,0,0
3,557,1,1,1
3,558,0,0,0
3,560,1,1,1
3,561,0,0,0
3,563,0,0,0
3,565,0,1,1
3,567,0,0,0
3,571,1,0,0
3,575,0,0,0
3,576,0,0,0
3,577,1,1,1
3,578,1,1,1
3,596,0,0,0
3,597,1,1,1
3,599,0,0,0
3,607,0,0,0
3,609,1,1,1
3,627,0,0,0
3,638,0,0,0
3,646,1,1,0
3,670,1,1,1
3,678,1,1,1
3,692,1,1,1
3,700,0,0,0
3,703,0,0,0
3,705,0,0,0
3,714,0,0,0
3,719,0,0,0
3,721,1,1,1
3,723,0,0,0
3,725,1,0,0
3,726,0,0,0
3,728,1,1,1
3,730,0,1,0
3,745,1,0,0
3,747,0,0,0
3,767,0,0,0
3,771,0,0,0
3,790,0,0,0
3,791,0,0,0
3,796,0,0,0
3,799,0,0,0
3,801,0,0,0
3,802,1,1,1
3,804,1,1,1
3,810,1,1,1
3,815,0,0,0
3,816,0,0,0
3,818,0,0,0
3,823,0,0,0
3,831,1,0,1
3,837,0,0,0
3,864,0,0,0
3,866,1,1,1
3,872,1,1,1
3,873,0,0,0
3,875,1,1,1
3,876,1,1,1
3,884,0,0,0
4,4,1,1,1
4,5,0,0,0
4,8,0,0,0
4,13,0,0,0
4,16,1,1,1
4,22,1,0,0
4,42,0,1,1
4,43,0,0,0
4,44,1,1,1
4,49,0,0,0
4,54,1,1,1
4,63,0,0,0
4,64,0,0,0
4,69,1,0,0
4,73,0,0,0
4,81,0,0,0
4,83,1,1,1
4,84,0,0,0
4,93,0,1,1
4,95,0,0,0
4,98,1,0,0
4,104,0,0,0
4,111,0,0,0
4,112,0,0,0
4,114,0,0,0
4,116,0,0,0
4,117,0,0,0
4,118,0,0,0
4,121,0,0,0
4,123,0,0,0
4,127,0,0,0
4,139,0,0,0
4,145,0,0,0
4,160,0,0,0
4,168,0,0,0
4,170,0,1,0
4,173,1,1,1
4,174,0,0,0
4,184,1,1,1
4,185,1,1,1
4,189,0,0,0
4,192,0,0,0
4,197,0,0,0
4,202,0,0,0
4,208,1,0,0
4,210,1,0,0
4,224,0,0,0
4,228,0,0,0
4,232,0,0,0
4,233,0,0,0
4,234,1,1,1
4,237,0,0,0
4,247,0,1,1
4,249,1,0,0
4,251,0,0,0
4,257,1,1,1
4,263,0,0,0
4,266,0,0,0
4,267,0,0,0
4,272,1,0,0
4,273,1,1,1
4,275,1,1,1
4,277,0,1,0
4,279,0,0,0
4,283,0,0,0
4,285,0,0,0
4,289,1,0,0
4,291,1,1,1
4,292,1,1,1
4,296,0,0,0
4,300,1,1,1
4,301,1,1,1
4,309,0,0,0
4,332,0,0,0
4,344,0,0,0
4,345,0,0,0
4,346,1,1,1
4,347,1,1,1
4,349,1,1,1
4,351,0,0,0
4,363,0,0,0
4,369,1,1,1
4,374,0,0,0
4,378,0,0,0
4,382,1,1,1
4,388,1,1,1
4,390,1,1,1
4,391,1,0,0
4,392,1,0,0
4,394,1,1,1
4,400,1,1,1
4,412,0,0,0
4,421,0,0,0
4,423,0,0,0
4,425,0,0,0
4,427,1,1,1
4,429,0,0,0
4,431,1,0,0
4,435,0,1,1
4,458,1,1,1
4,469,0,0,0
4,473,1,1,1
4,477,0,0,0
4,500,0,0,0
4,503,0,1,1
4,511,1,0,0
4,515,0,0,0
4,516,0,0,0
4,524,1,1,1
4,525,0,0,0
4,527,1,1,0
4,528,0,0,0
4,540,1,1,1
4,542,0,0,0
4,544,1,0,0
4,556,0,0,0
4,558,0,0,0
4,562,0,0,0
4,567,0,0,0
4,568,0,0,0
4,577,1,1,1
4,588,1,0,0
4,591,0,0,0
4,595,0,0,0
4,607,0,0,0
4,609,1,1,1
4,618,0,1,1
4,623,1,0,0
4,624,0,0,0
4,628,1,1,1
4,631,1,0,0
4,639,0,0,0
4,647,0,0,0
4,650,1,1,1
4,652,1,1,1
4,661,1,0,0
4,665,1,0,0
4,670,1,1,1
4,671,1,1,1
4,701,1,1,1
4,711,1,1,1
4,730,0,1,1
4,731,1,1,1
4,734,0,0,0
4,736,0,0,0
4,737,0,0,0
4,739,0,0,0
4,749,0,0,0
4,755,1,1,1
4,768,0,1,1
4,769,0,0,0
4,770,0,0,0
4,773,0,1,1
4,774,0,0,0
4,781,1,1,1
4,784,0,0,0
4,785,0,0,0
4,791,0,0,0
4,793,0,0,0
4,794,0,0,0
4,795,0,0,0
4,796,0,0,0
4,808,0,1,1
4,817,0,1,1
4,823,0,0,0
4,824,1,1,1
4,830,1,1,1
4,840,1,0,0
4,841,0,0,0
4,852,0,0,0
4,865,0,0,0
4,869,0,0,0
4,870,1,1,1
4,877,0,0,0
4,881,1,1,1
4,887,0,0,0
4,888,1,1,1
4,890,1,0,0
