fold,variant,model,accuracy,roc_auc,n_train,n_val
0,no_wcg,RandomForest,0.8435754189944135,0.9022397891963109,712,179
0,no_wcg,ExtraTrees,0.8379888268156425,0.9011198945981554,712,179
0,no_wcg,GradientBoosting,0.8491620111731844,0.9035573122529644,712,179
0,no_wcg,XGBoost,0.8547486033519553,0.9057312252964427,712,179
0,no_wcg,LightGBM,0.8547486033519553,0.908498023715415,712,179
0,no_wcg,CatBoost,0.8379888268156425,0.9069828722002634,712,179
0,no_wcg,Ensemble,0.8435754189944135,0.906060606060606,712,179
0,global_loo,RandomForest,0.8547486033519553,0.9129117259552042,712,179
0,global_loo,ExtraTrees,0.8491620111731844,0.9030961791831357,712,179
0,global_loo,GradientBoosting,0.8603351955307262,0.9034914361001317,712,179
0,global_loo,XGBoost,0.8547486033519553,0.9047430830039526,712,179
0,global_loo,LightGBM,0.8491620111731844,0.9012516469038209,712,179
0,global_loo,CatBoost,0.8547486033519553,0.9096837944664032,712,179
0,global_loo,Ensemble,0.8491620111731844,0.9071146245059288,712,179
0,fold_safe,RandomForest,0.8547486033519553,0.9133069828722002,712,179
0,fold_safe,ExtraTrees,0.8491620111731844,0.9031620553359683,712,179
0,fold_safe,GradientBoosting,0.8603351955307262,0.9012516469038208,712,179
0,fold_safe,XGBoost,0.8491620111731844,0.9050065876152833,712,179
0,fold_safe,LightGBM,0.8603351955307262,0.9003293807641634,712,179
0,fold_safe,CatBoost,0.8491620111731844,0.9057971014492753,712,179
0,fold_safe,Ensemble,0.8603351955307262,0.9094861660079051,712,179
1,no_wcg,RandomForest,0.8258426966292135,0.8971256684491978,713,178
1,no_wcg,ExtraTrees,0.8202247191011236,0.8876336898395721,713,178
1,no_wcg,GradientBoosting,0.8764044943820225,0.9040106951871658,713,178
1,no_wcg,XGBoost,0.848314606741573,0.8965909090909092,713,178
1,no_wcg,LightGBM,0.848314606741573,0.8794117647058823,713,178
1,no_wcg,CatBoost,0.8370786516853933,0.8854946524064172,713,178
1,no_wcg,Ensemble,0.8370786516853933,0.8960561497326203,713,178
1,global_loo,RandomForest,0.8314606741573034,0.9023395721925135,713,178
1,global_loo,ExtraTrees,0.8258426966292135,0.901336898395722,713,178
1,global_loo,GradientBoosting,0.8595505617977528,0.9042780748663102,713,178
1,global_loo,XGBoost,0.848314606741573,0.9028743315508021,713,178
1,global_loo,LightGBM,0.8314606741573034,0.8898395721925133,713,178
1,global_loo,CatBoost,0.8426966292134831,0.913168449197861,713,178
1,global_loo,Ensemble,0.8426966292134831,0.911163101604278,713,178
1,fold_safe,RandomForest,0.8258426966292135,0.9032754010695189,713,178
1,fold_safe,ExtraTrees,0.8258426966292135,0.8974598930481283,713,178
1,fold_safe,GradientBoosting,0.8539325842696629,0.910494652406417,713,178
1,fold_safe,XGBoost,0.848314606741573,0.9080882352941175,713,178
1,fold_safe,LightGBM,0.8314606741573034,0.890374331550802,713,178
1,fold_safe,CatBoost,0.8370786516853933,0.9141711229946524,713,178
1,fold_safe,Ensemble,0.8370786516853933,0.9115641711229946,713,178
2,no_wcg,RandomForest,0.8314606741573034,0.8651737967914438,713,178
2,no_wcg,ExtraTrees,0.8314606741573034,0.854879679144385,713,178
2,no_wcg,GradientBoosting,0.8089887640449438,0.8819518716577539,713,178
2,no_wcg,XGBoost,0.797752808988764,0.8757352941176472,713,178
2,no_wcg,LightGBM,0.7921348314606742,0.8477272727272728,713,178
2,no_wcg,CatBoost,0.8202247191011236,0.8725267379679145,713,178
2,no_wcg,Ensemble,0.8089887640449438,0.8747994652406417,713,178
2,global_loo,RandomForest,0.8426966292134831,0.8698529411764706,713,178
2,global_loo,ExtraTrees,0.8314606741573034,0.8677139037433155,713,178
2,global_loo,GradientBoosting,0.8370786516853933,0.8943181818181818,713,178
2,global_loo,XGBoost,0.8202247191011236,0.8888368983957219,713,178
2,global_loo,LightGBM,0.8146067415730337,0.8609625668449198,713,178
2,global_loo,CatBoost,0.8370786516853933,0.886831550802139,713,178
2,global_loo,Ensemble,0.8258426966292135,0.8891042780748664,713,178
2,fold_safe,RandomForest,0.8426966292134831,0.8731951871657754,713,178
2,fold_safe,ExtraTrees,0.8258426966292135,0.8652406417112299,713,178
2,fold_safe,GradientBoosting,0.8258426966292135,0.8953877005347594,713,178
2,fold_safe,XGBoost,0.8258426966292135,0.8879010695187165,713,178
2,fold_safe,LightGBM,0.8089887640449438,0.8695855614973262,713,178
2,fold_safe,CatBoost,0.8314606741573034,0.8895053475935829,713,178
2,fold_safe,Ensemble,0.8258426966292135,0.8919117647058824,713,178
3,no_wcg,RandomForest,0.8314606741573034,0.8622994652406417,713,178
3,no_wcg,ExtraTrees,0.8314606741573034,0.8586229946524064,713,178
3,no_wcg,GradientBoosting,0.8258426966292135,0.8693181818181818,713,178
3,no_wcg,XGBoost,0.8314606741573034,0.8768048128342246,713,178
3,no_wcg,LightGBM,0.8202247191011236,0.8711898395721926,713,178
3,no_wcg,CatBoost,0.8314606741573034,0.8764037433155081,713,178
3,no_wcg,Ensemble,0.8314606741573034,0.8683155080213903,713,178
3,global_loo,RandomForest,0.8370786516853933,0.8643048128342246,713,178
3,global_loo,ExtraTrees,0.8370786516853933,0.8680481283422459,713,178
3,global_loo,GradientBoosting,0.8370786516853933,0.886831550802139,713,178
3,global_loo,XGBoost,0.8539325842696629,0.8914438502673796,713,178
3,global_loo,LightGBM,0.8426966292134831,0.8929144385026738,713,178
3,global_loo,CatBoost,0.8595505617977528,0.8968582887700535,713,178
3,global_loo,Ensemble,0.848314606741573,0.8832887700534761,713,178
3,fold_safe,RandomForest,0.8314606741573034,0.8627005347593584,713,178
3,fold_safe,ExtraTrees,0.8314606741573034,0.8641711229946523,713,178
3,fold_safe,GradientBoosting,0.8314606741573034,0.8875,713,178
3,fold_safe,XGBoost,0.8370786516853933,0.8834893048128343,713,178
3,fold_safe,LightGBM,0.8370786516853933,0.8893048128342246,713,178
3,fold_safe,CatBoost,0.848314606741573,0.8912433155080214,713,178
3,fold_safe,Ensemble,0.8426966292134831,0.8792780748663103,713,178
4,no_wcg,RandomForest,0.8539325842696629,0.8861188671719186,713,178
4,no_wcg,ExtraTrees,0.8426966292134831,0.8939635686743784,713,178
4,no_wcg,GradientBoosting,0.8370786516853933,0.8877808802021008,713,178
4,no_wcg,XGBoost,0.8539325842696629,0.8883792048929664,713,178
4,no_wcg,LightGBM,0.8426966292134831,0.8948278154500733,713,178
4,no_wcg,CatBoost,0.8539325842696629,0.8823294774631033,713,178
4,no_wcg,Ensemble,0.848314606741573,0.8903071400079776,713,178
4,global_loo,RandomForest,0.8651685393258427,0.9012764260071799,713,178
4,global_loo,ExtraTrees,0.8539325842696629,0.9035367637282277,713,178
4,global_loo,GradientBoosting,0.848314606741573,0.9127110756548332,713,178
4,global_loo,XGBoost,0.8595505617977528,0.9140406860789788,713,178
4,global_loo,LightGBM,0.8539325842696629,0.9196250498603908,713,178
4,global_loo,CatBoost,0.8595505617977528,0.9119797899215529,713,178
4,global_loo,Ensemble,0.848314606741573,0.9145060497274299,713,178
4,fold_safe,RandomForest,0.8651685393258427,0.8990160882861322,713,178
4,fold_safe,ExtraTrees,0.8539325842696629,0.9018082701768382,713,178
4,fold_safe,GradientBoosting,0.8314606741573034,0.9033373221646058,713,178
4,fold_safe,XGBoost,0.8651685393258427,0.9097194522005053,713,178
4,fold_safe,LightGBM,0.848314606741573,0.9142401276426008,713,178
4,fold_safe,CatBoost,0.8539325842696629,0.9082568807339448,713,178
4,fold_safe,Ensemble,0.8426966292134831,0.9103842574125781,713,178
