surface,alpha,mean_accuracy,std_accuracy,min_accuracy,mean_auc,std_auc
pseudo,0.5,0.8584269662921349,0.019622751906261796,0.8314606741573034,0.9020451348043942,0.015622665708453758
pseudo,1.0,0.8584269662921349,0.019622751906261796,0.8314606741573034,0.9019380982731983,0.015892727021275595
pseudo,2.0,0.8584269662921349,0.019622751906261796,0.8314606741573034,0.9027922159957609,0.01615151667816539
pseudo,4.0,0.8584269662921349,0.019622751906261796,0.8314606741573034,0.9040977668168153,0.015720911366200938
pseudo,8.0,0.8584269662921349,0.019622751906261796,0.8314606741573034,0.9038327428482201,0.01608379188249559
trusted,0.5,0.8428535559600778,0.016583407968221373,0.8202247191011236,0.8859443646915197,0.021982186874824613
trusted,1.0,0.8417362375243236,0.0152453280327486,0.8202247191011236,0.8858114996370234,0.02186840869692414
trusted,2.0,0.8417362375243236,0.0152453280327486,0.8202247191011236,0.8866097067249136,0.021780401897159605
trusted,4.0,0.8428535559600778,0.016583407968221373,0.8202247191011236,0.8866632786486607,0.02167275126563309
trusted,8.0,0.8428535559600778,0.016583407968221373,0.8202247191011236,0.8874859519903984,0.02224650732341032
