variant,model,fold,accuracy,roc_auc,feature_count
v2base_typed22,GradientBoosting,0,0.8547486033519553,0.9020421607378128,63
v2base_typed22,GradientBoosting,1,0.8539325842696629,0.9153743315508021,63
v2base_typed22,GradientBoosting,2,0.8258426966292135,0.8745320855614973,63
v2base_typed22,GradientBoosting,3,0.8426966292134831,0.8820187165775402,63
v2base_typed22,GradientBoosting,4,0.8370786516853933,0.9107831405398219,63
v2base_typed22,XGBoost,0,0.8603351955307262,0.9039525691699605,63
v2base_typed22,XGBoost,1,0.8314606741573034,0.8927139037433155,63
v2base_typed22,XGBoost,2,0.8089887640449438,0.8716577540106951,63
v2base_typed22,XGBoost,3,0.8426966292134831,0.8913101604278075,63
v2base_typed22,XGBoost,4,0.8539325842696629,0.9081904002127378,63
v2base_typed22,CatBoost,0,0.8491620111731844,0.9023715415019763,63
v2base_typed22,CatBoost,1,0.8426966292134831,0.8996657754010695,63
v2base_typed22,CatBoost,2,0.8314606741573034,0.8875000000000001,63
v2base_typed22,CatBoost,3,0.8539325842696629,0.8860294117647058,63
v2base_typed22,CatBoost,4,0.8539325842696629,0.9054646988432389,63
v2base_familyfare_typed22,GradientBoosting,0,0.8491620111731844,0.9210144927536232,67
v2base_familyfare_typed22,GradientBoosting,1,0.848314606741573,0.9063502673796792,67
v2base_familyfare_typed22,GradientBoosting,2,0.8202247191011236,0.8755347593582888,67
v2base_familyfare_typed22,GradientBoosting,3,0.8539325842696629,0.881951871657754,67
v2base_familyfare_typed22,GradientBoosting,4,0.8595505617977528,0.9085892833399815,67
v2base_familyfare_typed22,XGBoost,0,0.8659217877094972,0.9146245059288539,67
v2base_familyfare_typed22,XGBoost,1,0.8370786516853933,0.8872326203208556,67
v2base_familyfare_typed22,XGBoost,2,0.8202247191011236,0.872860962566845,67
v2base_familyfare_typed22,XGBoost,3,0.8314606741573034,0.8945187165775401,67
v2base_familyfare_typed22,XGBoost,4,0.8764044943820225,0.9180959978726234,67
v2base_familyfare_typed22,CatBoost,0,0.8435754189944135,0.9032938076416338,67
v2base_familyfare_typed22,CatBoost,1,0.848314606741573,0.8981283422459894,67
v2base_familyfare_typed22,CatBoost,2,0.8258426966292135,0.8845588235294117,67
v2base_familyfare_typed22,CatBoost,3,0.8707865168539326,0.8914438502673796,67
v2base_familyfare_typed22,CatBoost,4,0.8764044943820225,0.9201568940300492,67
