slice_feature,slice_value,n,champion_accuracy,champion_errors,FamilyFarePanel_accuracy,FamilyFarePanel_delta_vs_champion,FamilyFareGB_accuracy,FamilyFareGB_delta_vs_champion,FamilyFareCat_accuracy,FamilyFareCat_delta_vs_champion,TicketWCGCat_accuracy,TicketWCGCat_delta_vs_champion,TabPFNv2_accuracy,TabPFNv2_delta_vs_champion,CatAdultMaleTuned_accuracy,CatAdultMaleTuned_delta_vs_champion,best_alt_delta
FamilyBand,Large,25,0.84,4,0.92,0.08000000000000007,0.92,0.08000000000000007,0.92,0.08000000000000007,0.88,0.040000000000000036,0.84,0.0,0.84,0.0,0.08000000000000007
Deck,D,33,0.7575757575757576,8,0.696969696969697,-0.06060606060606055,0.7575757575757576,0.0,0.7272727272727273,-0.030303030303030276,0.7575757575757576,0.0,0.7575757575757576,0.0,0.7878787878787878,0.030303030303030276,0.030303030303030276
Title,Master,40,0.925,3,0.925,0.0,0.95,0.02499999999999991,0.925,0.0,0.95,0.02499999999999991,0.925,0.0,0.925,0.0,0.02499999999999991
Deck,C,59,0.7457627118644068,15,0.6779661016949152,-0.06779661016949157,0.6949152542372882,-0.05084745762711862,0.711864406779661,-0.03389830508474578,0.6949152542372882,-0.05084745762711862,0.7457627118644068,0.0,0.7627118644067796,0.016949152542372836,0.016949152542372836
Pclass,1,216,0.8055555555555556,42,0.7731481481481481,-0.03240740740740744,0.7916666666666666,-0.01388888888888895,0.7731481481481481,-0.03240740740740744,0.7824074074074074,-0.02314814814814814,0.7777777777777778,-0.02777777777777779,0.8101851851851852,0.00462962962962965,0.00462962962962965
Deck,U,687,0.86608442503639,92,0.868995633187773,0.0029112081513829047,0.8675400291120815,0.0014556040756914523,0.8646288209606987,-0.0014556040756913413,0.8631732168850073,-0.0029112081513827937,0.858806404657933,-0.00727802037845704,0.8602620087336245,-0.005822416302765587,0.0029112081513829047
Title,Mr,517,0.8529980657640233,76,0.839458413926499,-0.013539651837524258,0.8471953578336557,-0.005802707930367523,0.8433268858800773,-0.009671179883945946,0.8452611218568665,-0.007736943907156735,0.8433268858800773,-0.009671179883945946,0.8549323017408124,0.0019342359767891004,0.0019342359767891004
Sex,male,577,0.8509532062391681,86,0.8388214904679376,-0.012131715771230511,0.8474870017331022,-0.0034662045060659397,0.8405545927209706,-0.010398613518197597,0.8440207972270364,-0.006932409012131768,0.8405545927209706,-0.010398613518197597,0.8526863084922011,0.0017331022530329143,0.0017331022530329143
FamilyBand,Alone,537,0.8361266294227188,88,0.8342644320297952,-0.0018621973929235924,0.8342644320297952,-0.0018621973929235924,0.8361266294227188,0.0,0.8324022346368715,-0.003724394785847296,0.8230912476722533,-0.01303538175046548,0.8305400372439479,-0.005586592178770888,0.0
IsAlone,1,537,0.8361266294227188,88,0.8342644320297952,-0.0018621973929235924,0.8342644320297952,-0.0018621973929235924,0.8361266294227188,0.0,0.8324022346368715,-0.003724394785847296,0.8230912476722533,-0.01303538175046548,0.8305400372439479,-0.005586592178770888,0.0
Pclass,3,491,0.8492871690427699,74,0.8492871690427699,0.0,0.8472505091649695,-0.0020366598778004397,0.8472505091649695,-0.0020366598778004397,0.845213849287169,-0.004073319755600879,0.8431771894093686,-0.006109979633401319,0.8411405295315683,-0.008146639511201648,0.0
Sex,female,314,0.8598726114649682,44,0.8598726114649682,0.0,0.8535031847133758,-0.006369426751592355,0.8535031847133758,-0.006369426751592355,0.8503184713375797,-0.009554140127388533,0.8471337579617835,-0.01273885350318471,0.8471337579617835,-0.01273885350318471,0.0
IsAlone,0,354,0.8813559322033898,42,0.864406779661017,-0.016949152542372836,0.8728813559322034,-0.008474576271186418,0.8587570621468926,-0.02259887005649719,0.867231638418079,-0.01412429378531077,0.8728813559322034,-0.008474576271186418,0.8813559322033898,0.0,0.0
FamilyBand,Small,292,0.8698630136986302,38,0.8424657534246576,-0.0273972602739726,0.8527397260273972,-0.017123287671232945,0.8356164383561644,-0.03424657534246578,0.8493150684931506,-0.020547945205479534,0.8595890410958904,-0.010273972602739767,0.8698630136986302,0.0,0.0
Title,Miss,185,0.8486486486486486,28,0.8486486486486486,0.0,0.8432432432432433,-0.00540540540540535,0.8486486486486486,0.0,0.8378378378378378,-0.010810810810810811,0.827027027027027,-0.021621621621621623,0.8324324324324325,-0.01621621621621616,0.0
Title,Mrs,126,0.873015873015873,16,0.873015873015873,0.0,0.8650793650793651,-0.007936507936507908,0.8571428571428571,-0.015873015873015928,0.8650793650793651,-0.007936507936507908,0.873015873015873,0.0,0.8650793650793651,-0.007936507936507908,0.0
Pclass,2,184,0.9239130434782609,14,0.9239130434782609,0.0,0.9239130434782609,0.0,0.9239130434782609,0.0,0.9239130434782609,0.0,0.9184782608695652,-0.005434782608695676,0.9239130434782609,0.0,0.0
Deck,B,47,0.8936170212765957,5,0.8723404255319149,-0.02127659574468077,0.8936170212765957,0.0,0.8085106382978723,-0.08510638297872342,0.851063829787234,-0.04255319148936165,0.8723404255319149,-0.02127659574468077,0.8723404255319149,-0.02127659574468077,0.0
Deck,E,32,0.84375,5,0.84375,0.0,0.84375,0.0,0.84375,0.0,0.84375,0.0,0.75,-0.09375,0.84375,0.0,0.0
Title,Officer,18,0.7222222222222222,5,0.7222222222222222,0.0,0.7222222222222222,0.0,0.6666666666666666,-0.05555555555555558,0.6666666666666666,-0.05555555555555558,0.6666666666666666,-0.05555555555555558,0.7222222222222222,0.0,0.0
Deck,A,15,0.6666666666666666,5,0.5333333333333333,-0.1333333333333333,0.5333333333333333,-0.1333333333333333,0.6666666666666666,0.0,0.6666666666666666,0.0,0.6,-0.06666666666666665,0.6666666666666666,0.0,0.0
FamilyBand,Medium,37,1.0,0,1.0,0.0,1.0,0.0,1.0,0.0,1.0,0.0,1.0,0.0,1.0,0.0,0.0
Deck,F,13,1.0,0,1.0,0.0,1.0,0.0,1.0,0.0,1.0,0.0,1.0,0.0,1.0,0.0,0.0
AgeMissing,0,714,0.8487394957983193,108,0.8417366946778712,-0.007002801120448154,0.84593837535014,-0.0028011204481792618,0.8403361344537815,-0.008403361344537785,0.8403361344537815,-0.008403361344537785,0.8361344537815126,-0.012605042016806678,0.84593837535014,-0.0028011204481792618,-0.0028011204481792618
AgeMissing,1,177,0.8757062146892656,22,0.864406779661017,-0.011299435028248594,0.864406779661017,-0.011299435028248594,0.864406779661017,-0.011299435028248594,0.8700564971751412,-0.005649717514124353,0.8700564971751412,-0.005649717514124353,0.8700564971751412,-0.005649717514124353,-0.005649717514124353
