variant,model,accuracy,roc_auc,feature_count,baseline_accuracy,baseline_roc_auc,delta_accuracy,delta_auc
age_familyfare_ticket,GradientBoosting,0.8496071829405163,0.8976022326611917,41,0.8484848484848485,0.8978205988559742,0.001122334455667784,-0.00021836619478254882
relational_family_ticket,CatBoost,0.8484848484848485,0.8997086675401315,41,0.8484848484848485,0.898374503350057,0.0,0.0013341641900744827
baseline,CatBoost,0.8484848484848485,0.898374503350057,41,0.8484848484848485,0.898374503350057,0.0,0.0
baseline,GradientBoosting,0.8484848484848485,0.8978205988559742,41,0.8484848484848485,0.8978205988559742,0.0,0.0
deck_family_ticket,CatBoost,0.8484848484848485,0.8977273937728352,41,0.8484848484848485,0.898374503350057,0.0,-0.000647109577221805
deck_familyfare_ticket,CatBoost,0.8484848484848485,0.897197456300131,41,0.8484848484848485,0.898374503350057,0.0,-0.001177047049925939
deck_familyfare_ticket,GradientBoosting,0.8484848484848485,0.8963399695352527,41,0.8484848484848485,0.8978205988559742,0.0,-0.0014806293207214605
age_family_ticket,GradientBoosting,0.8473625140291807,0.899626114466494,41,0.8484848484848485,0.8978205988559742,-0.001122334455667784,0.0018055156105197812
relational_familyfare_ticket,GradientBoosting,0.8473625140291807,0.8974557675305446,41,0.8484848484848485,0.8978205988559742,-0.001122334455667784,-0.0003648313254296376
relational_familyfare_ticket,CatBoost,0.8462401795735129,0.8976261996825702,41,0.8484848484848485,0.898374503350057,-0.002244668911335568,-0.0007483036674867938
deck_familyfare_ticket,Panel,0.8451178451178452,0.8976128846706932,41,0.8439955106621774,0.8980043460198767,0.001122334455667784,-0.0003914613491834418
relational_familyfare_ticket,XGBoost,0.8451178451178452,0.8953227026278509,41,0.8395061728395061,0.8938181062857508,0.0056116722783390305,0.0015045963421000952
age_family_ticket,XGBoost,0.8451178451178452,0.893450611957946,41,0.8395061728395061,0.8938181062857508,0.0056116722783390305,-0.00036749432780480706
baseline,Panel,0.8439955106621774,0.8980043460198767,41,0.8439955106621774,0.8980043460198767,0.0,0.0
deck_family_ticket,GradientBoosting,0.8439955106621774,0.8951629224853268,41,0.8484848484848485,0.8978205988559742,-0.004489337822671136,-0.0026576763706473994
age_familyfare_ticket,XGBoost,0.8439955106621774,0.8948806442335346,41,0.8395061728395061,0.8938181062857508,0.004489337822671247,0.0010625379477838814
deck_familyfare_ticket,XGBoost,0.8439955106621774,0.8939672344187731,41,0.8395061728395061,0.8938181062857508,0.004489337822671247,0.00014912813302236927
relational_familyfare_ticket,Panel,0.8428731762065096,0.8993251951980741,41,0.8439955106621774,0.8980043460198767,-0.001122334455667784,0.001320849178197414
age_family_ticket,CatBoost,0.8428731762065096,0.8981508111505235,41,0.8484848484848485,0.898374503350057,-0.0056116722783389195,-0.00022369219953344288
deck_family_ticket,Panel,0.8428731762065096,0.8978285878631003,41,0.8439955106621774,0.8980043460198767,-0.001122334455667784,-0.0001757581567763955
relational_family_ticket,Panel,0.8417508417508418,0.8993811182479574,41,0.8439955106621774,0.8980043460198767,-0.002244668911335568,0.001376772228080747
age_familyfare_ticket,Panel,0.8417508417508418,0.8986940636351048,41,0.8439955106621774,0.8980043460198767,-0.002244668911335568,0.0006897176152281803
relational_family_ticket,GradientBoosting,0.8417508417508418,0.8985502615068333,41,0.8484848484848485,0.8978205988559742,-0.006734006734006703,0.0007296626508590531
age_familyfare_ticket,CatBoost,0.8417508417508418,0.8966621928226759,41,0.8484848484848485,0.898374503350057,-0.006734006734006703,-0.001712310527381078
deck_family_ticket,XGBoost,0.8417508417508418,0.8933547438724315,41,0.8395061728395061,0.8938181062857508,0.002244668911335679,-0.0004633624133192349
relational_family_ticket,XGBoost,0.8417508417508418,0.8927182863047114,41,0.8395061728395061,0.8938181062857508,0.002244668911335679,-0.0010998199810393627
age_family_ticket,Panel,0.8406285072951739,0.8989710158821462,41,0.8439955106621774,0.8980043460198767,-0.0033670033670034627,0.0009666698622695646
baseline,XGBoost,0.8395061728395061,0.8938181062857508,41,0.8395061728395061,0.8938181062857508,0.0,0.0
