config,seed,rulefit_accuracy,rulefit_auc,hard_vote_accuracy,hard_vote_changed_vs_baseline_v5,fold_rulefit_std,fold_hard_vote_std
baseline,42,0.8496071829405163,0.8959778012121986,0.8540965207631874,0,0.018041532756230546,0.013364396219856925
rules20,42,0.8372615039281706,0.8791609412115595,0.8496071829405163,18,0.009019745328871266,0.012641922087043855
rules60,42,0.8473625140291807,0.8911337998913497,0.8529741863075196,5,0.01894825425513366,0.016451176255349757
tree3,42,0.8383838383838383,0.891786235473322,0.8507295173961841,17,0.01581643496244236,0.013214202662418054
tree5,42,0.8383838383838383,0.888167215245156,0.8507295173961841,7,0.009183707174004732,0.012151252946888715
no_linear,42,0.8507295173961841,0.8953413436444785,0.8540965207631874,2,0.016601581274777708,0.014768057879626071
fixed_tree_size,42,0.8439955106621774,0.8934080039199395,0.8496071829405163,10,0.009079438189462361,0.01393391314874295
trim05,42,0.8496071829405163,0.896166874380852,0.8540965207631874,4,0.020378588277449365,0.014768057879626071
trees240,42,0.8417508417508418,0.8906145144281469,0.8484848484848485,13,0.01882643213517883,0.0189383098812936
no_linear,142,0.8439955106621774,0.8860687693733422,0.8507295173961841,11,0.01412286875015432,0.016216899587177588
no_linear,242,0.8417508417508418,0.8927449163284654,0.8496071829405163,10,0.015475593499855257,0.012574554990558344
trim05,142,0.8417508417508418,0.886268494551497,0.8540965207631874,14,0.01223364361394547,0.016388844008830578
trim05,242,0.8372615039281706,0.892100469753619,0.8473625140291807,12,0.01650058884264502,0.014025938090431359
baseline,142,0.8439955106621774,0.8851819895823346,0.8540965207631874,14,0.009922604139765525,0.016388844008830578
baseline,242,0.8372615039281706,0.8916850413830569,0.8473625140291807,12,0.01650058884264502,0.014025938090431359
